5, 0, 2, 0, 28, 24, 0, 0
5, 0, 2.2, 0, 28, 24, 0, 1
5, 0, 2.4, 0, 28, 24, 0, 0
5, 0, 2.6, 0, 28, 24, 0, 449
5, 0, 2.8, 0, 28, 24, 0, 1170
5, 0, 3, 0, 28, 24, 0, 1889
5, 0, 3.2, 0, 28, 24, 0, 2611
5, 0, 3.4, 0, 28, 24, 0, 3333
5, 0, 3.6, 0, 28, 24, 0, 4055
5, 0, 3.8, 0, 28, 24, 0, 4785
5, 0, 4, 0, 28, 24, 0, 5491
5, 0, 4.2, 0, 28, 24, 0, 6214
5, 0, 4.4, 0, 28, 24, 0, 6933
5, 0, 4.6, 0, 28, 24, 0, 7654
5, 0, 4.8, 0, 28, 24, 0, 8372
5, 0, 2, 0.02, 28, 24, 0, 0
5, 0, 2.2, 0.02, 28, 24, 0, 0
5, 0, 2.4, 0.02, 28, 24, 0, 1
5, 0, 2.6, 0.02, 28, 24, 11, 438
5, 0, 2.8, 0.02, 28, 24, 20, 1147
5, 0, 3, 0.02, 28, 24, 30, 1862
5, 0, 3.2, 0.02, 28, 24, 59, 2545
5, 0, 3.4, 0.02, 28, 24, 81, 3249
5, 0, 3.6, 0.02, 28, 24, 63, 3994
5, 0, 3.8, 0.02, 28, 24, 83, 4684
5, 0, 4, 0.02, 28, 24, 107, 5390
5, 0, 4.2, 0.02, 28, 24, 128, 6089
5, 0, 4.4, 0.02, 28, 24, 136, 6789
5, 0, 4.6, 0.02, 28, 24, 159, 7493
5, 0, 4.8, 0.02, 28, 24, 181, 8181
5, 0, 2, 0.04, 28, 24, 0, 0
5, 0, 2.2, 0.04, 28, 24, 0, 0
5, 0, 2.4, 0.04, 28, 24, 0, 0
5, 0, 2.6, 0.04, 28, 24, 13, 432
5, 0, 2.8, 0.04, 28, 24, 42, 1113
5, 0, 3, 0.04, 28, 24, 86, 1787
5, 0, 3.2, 0.04, 28, 24, 105, 2494
5, 0, 3.4, 0.04, 28, 24, 144, 3184
5, 0, 3.6, 0.04, 28, 24, 174, 3875
5, 0, 3.8, 0.04, 28, 24, 186, 4583
5, 0, 4, 0.04, 28, 24, 231, 5256
5, 0, 4.2, 0.04, 28, 24, 236, 5969
5, 0, 4.4, 0.04, 28, 24, 286, 6631
5, 0, 4.6, 0.04, 28, 24, 323, 7319
5, 0, 4.8, 0.04, 28, 24, 352, 8013
5, 0, 2, 0.06, 28, 24, 0, 0
5, 0, 2.2, 0.06, 28, 24, 0, 0
5, 0, 2.4, 0.06, 28, 24, 0, 1
5, 0, 2.6, 0.06, 28, 24, 30, 396
5, 0, 2.8, 0.06, 28, 24, 84, 1084
5, 0, 3, 0.06, 28, 24, 88, 1798
5, 0, 3.2, 0.06, 28, 24, 163, 2440
5, 0, 3.4, 0.06, 28, 24, 205, 3096
5, 0, 3.6, 0.06, 28, 24, 254, 3787
5, 0, 3.8, 0.06, 28, 24, 309, 4448
5, 0, 4, 0.06, 28, 24, 326, 5152
5, 0, 4.2, 0.06, 28, 24, 396, 5797
5, 0, 4.4, 0.06, 28, 24, 377, 6538
5, 0, 4.6, 0.06, 28, 24, 450, 7182
5, 0, 4.8, 0.06, 28, 24, 471, 7891
5, 0, 2, 0.08, 28, 24, 0, 0
5, 0, 2.2, 0.08, 28, 24, 0, 0
5, 0, 2.4, 0.08, 28, 24, 0, 0
5, 0, 2.6, 0.08, 28, 24, 46, 386
5, 0, 2.8, 0.08, 28, 24, 102, 1050
5, 0, 3, 0.08, 28, 24, 149, 1734
5, 0, 3.2, 0.08, 28, 24, 210, 2387
5, 0, 3.4, 0.08, 28, 24, 295, 3030
5, 0, 3.6, 0.08, 28, 24, 308, 3722
5, 0, 3.8, 0.08, 28, 24, 375, 4376
5, 0, 4, 0.08, 28, 24, 445, 5029
5, 0, 4.2, 0.08, 28, 24, 530, 5658
5, 0, 4.4, 0.08, 28, 24, 542, 6381
5, 0, 4.6, 0.08, 28, 24, 611, 7010
5, 0, 4.8, 0.08, 28, 24, 679, 7677
5, 0, 2, 0.1, 28, 24, 0, 0
5, 0, 2.2, 0.1, 28, 24, 0, 0
5, 0, 2.4, 0.1, 28, 24, 0, 1
5, 0, 2.6, 0.1, 28, 24, 39, 389
5, 0, 2.8, 0.1, 28, 24, 118, 1032
5, 0, 3, 0.1, 28, 24, 189, 1684
5, 0, 3.2, 0.1, 28, 24, 242, 2341
5, 0, 3.4, 0.1, 28, 24, 320, 2981
5, 0, 3.6, 0.1, 28, 24, 395, 3629
5, 0, 3.8, 0.1, 28, 24, 477, 4271
5, 0, 4, 0.1, 28, 24, 520, 4944
5, 0, 4.2, 0.1, 28, 24, 636, 5560
5, 0, 4.4, 0.1, 28, 24, 705, 6201
5, 0, 4.6, 0.1, 28, 24, 785, 6840
5, 0, 4.8, 0.1, 28, 24, 841, 7503
5, 0, 2, 0.12, 28, 24, 0, 0
5, 0, 2.2, 0.12, 28, 24, 0, 0
5, 0, 2.4, 0.12, 28, 24, 0, 0
5, 0, 2.6, 0.12, 28, 24, 58, 361
5, 0, 2.8, 0.12, 28, 24, 136, 1008
5, 0, 3, 0.12, 28, 24, 218, 1639
5, 0, 3.2, 0.12, 28, 24, 327, 2256
5, 0, 3.4, 0.12, 28, 24, 408, 2899
5, 0, 3.6, 0.12, 28, 24, 528, 3505
5, 0, 3.8, 0.12, 28, 24, 582, 4151
5, 0, 4, 0.12, 28, 24, 642, 4828
5, 0, 4.2, 0.12, 28, 24, 710, 5484
5, 0, 4.4, 0.12, 28, 24, 858, 6042
5, 0, 4.6, 0.12, 28, 24, 949, 6677
5, 0, 4.8, 0.12, 28, 24, 968, 7371
5, 0, 2, 0.14, 28, 24, 0, 0
5, 0, 2.2, 0.14, 28, 24, 0, 0
5, 0, 2.4, 0.14, 28, 24, 0, 1
5, 0, 2.6, 0.14, 28, 24, 61, 353
5, 0, 2.8, 0.14, 28, 24, 151, 985
5, 0, 3, 0.14, 28, 24, 244, 1611
5, 0, 3.2, 0.14, 28, 24, 353, 2224
5, 0, 3.4, 0.14, 28, 24, 483, 2817
5, 0, 3.6, 0.14, 28, 24, 548, 3478
5, 0, 3.8, 0.14, 28, 24, 695, 4055
5, 0, 4, 0.14, 28, 24, 758, 4710
5, 0, 4.2, 0.14, 28, 24, 821, 5362
5, 0, 4.4, 0.14, 28, 24, 992, 5906
5, 0, 4.6, 0.14, 28, 24, 1044, 6579
5, 0, 4.8, 0.14, 28, 24, 1160, 7177
5, 0, 2, 0.16, 28, 24, 0, 0
5, 0, 2.2, 0.16, 28, 24, 0, 0
5, 0, 2.4, 0.16, 28, 24, 0, 1
5, 0, 2.6, 0.16, 28, 24, 71, 351
5, 0, 2.8, 0.16, 28, 24, 169, 967
5, 0, 3, 0.16, 28, 24, 282, 1585
5, 0, 3.2, 0.16, 28, 24, 410, 2153
5, 0, 3.4, 0.16, 28, 24, 528, 2754
5, 0, 3.6, 0.16, 28, 24, 617, 3408
5, 0, 3.8, 0.16, 28, 24, 735, 3991
5, 0, 4, 0.16, 28, 24, 862, 4591
5, 0, 4.2, 0.16, 28, 24, 1017, 5149
5, 0, 4.4, 0.16, 28, 24, 1045, 5842
5, 0, 4.6, 0.16, 28, 24, 1188, 6434
5, 0, 4.8, 0.16, 28, 24, 1368, 6969
5, 0, 2, 0.18, 28, 24, 0, 0
5, 0, 2.2, 0.18, 28, 24, 0, 0
5, 0, 2.4, 0.18, 28, 24, 0, 0
5, 0, 2.6, 0.18, 28, 24, 84, 327
5, 0, 2.8, 0.18, 28, 24, 214, 922
5, 0, 3, 0.18, 28, 24, 291, 1552
5, 0, 3.2, 0.18, 28, 24, 461, 2107
5, 0, 3.4, 0.18, 28, 24, 618, 2672
5, 0, 3.6, 0.18, 28, 24, 725, 3284
5, 0, 3.8, 0.18, 28, 24, 814, 3923
5, 0, 4, 0.18, 28, 24, 1000, 4448
5, 0, 4.2, 0.18, 28, 24, 1149, 5022
5, 0, 4.4, 0.18, 28, 24, 1254, 5648
5, 0, 4.6, 0.18, 28, 24, 1307, 6314
5, 0, 4.8, 0.18, 28, 24, 1438, 6888
5, 0, 2, 0.2, 28, 24, 0, 0
5, 0, 2.2, 0.2, 28, 24, 0, 0
5, 0, 2.4, 0.2, 28, 24, 0, 0
5, 0, 2.6, 0.2, 28, 24, 80, 316
5, 0, 2.8, 0.2, 28, 24, 226, 886
5, 0, 3, 0.2, 28, 24, 335, 1503
5, 0, 3.2, 0.2, 28, 24, 492, 2073
5, 0, 3.4, 0.2, 28, 24, 689, 2603
5, 0, 3.6, 0.2, 28, 24, 801, 3210
5, 0, 3.8, 0.2, 28, 24, 888, 3822
5, 0, 4, 0.2, 28, 24, 1057, 4392
5, 0, 4.2, 0.2, 28, 24, 1215, 4943
5, 0, 4.4, 0.2, 28, 24, 1409, 5486
5, 0, 4.6, 0.2, 28, 24, 1491, 6122
5, 0, 4.8, 0.2, 28, 24, 1661, 6654
5, 0, 2, 0.22, 28, 24, 0, 0
5, 0, 2.2, 0.22, 28, 24, 0, 0
5, 0, 2.4, 0.22, 28, 24, 0, 0
5, 0, 2.6, 0.22, 28, 24, 88, 313
5, 0, 2.8, 0.22, 28, 24, 246, 883
5, 0, 3, 0.22, 28, 24, 417, 1415
5, 0, 3.2, 0.22, 28, 24, 582, 1979
5, 0, 3.4, 0.22, 28, 24, 716, 2572
5, 0, 3.6, 0.22, 28, 24, 877, 3117
5, 0, 3.8, 0.22, 28, 24, 1060, 3660
5, 0, 4, 0.22, 28, 24, 1192, 4241
5, 0, 4.2, 0.22, 28, 24, 1435, 4722
5, 0, 4.4, 0.22, 28, 24, 1480, 5395
5, 0, 4.6, 0.22, 28, 24, 1653, 5944
5, 0, 4.8, 0.22, 28, 24, 1817, 6499
5, 0, 2, 0.24, 28, 24, 0, 0
5, 0, 2.2, 0.24, 28, 24, 0, 0
5, 0, 2.4, 0.24, 28, 24, 0, 0
5, 0, 2.6, 0.24, 28, 24, 86, 312
5, 0, 2.8, 0.24, 28, 24, 267, 851
5, 0, 3, 0.24, 28, 24, 422, 1403
5, 0, 3.2, 0.24, 28, 24, 601, 1965
5, 0, 3.4, 0.24, 28, 24, 790, 2481
5, 0, 3.6, 0.24, 28, 24, 961, 3037
5, 0, 3.8, 0.24, 28, 24, 1099, 3616
5, 0, 4, 0.24, 28, 24, 1314, 4125
5, 0, 4.2, 0.24, 28, 24, 1515, 4631
5, 0, 4.4, 0.24, 28, 24, 1587, 5291
5, 0, 4.6, 0.24, 28, 24, 1898, 5706
5, 0, 4.8, 0.24, 28, 24, 1969, 6355
5, 0, 2, 0.26, 28, 24, 0, 0
5, 0, 2.2, 0.26, 28, 24, 0, 0
5, 0, 2.4, 0.26, 28, 24, 0, 0
5, 0, 2.6, 0.26, 28, 24, 105, 300
5, 0, 2.8, 0.26, 28, 24, 300, 820
5, 0, 3, 0.26, 28, 24, 471, 1355
5, 0, 3.2, 0.26, 28, 24, 685, 1877
5, 0, 3.4, 0.26, 28, 24, 861, 2421
5, 0, 3.6, 0.26, 28, 24, 1054, 2935
5, 0, 3.8, 0.26, 28, 24, 1229, 3487
5, 0, 4, 0.26, 28, 24, 1402, 4032
5, 0, 4.2, 0.26, 28, 24, 1608, 4554
5, 0, 4.4, 0.26, 28, 24, 1793, 5070
5, 0, 4.6, 0.26, 28, 24, 1924, 5660
5, 0, 4.8, 0.26, 28, 24, 2157, 6161
5, 0, 2, 0.28, 28, 24, 0, 0
5, 0, 2.2, 0.28, 28, 24, 0, 0
5, 0, 2.4, 0.28, 28, 24, 1, 0
5, 0, 2.6, 0.28, 28, 24, 120, 256
5, 0, 2.8, 0.28, 28, 24, 319, 790
5, 0, 3, 0.28, 28, 24, 495, 1330
5, 0, 3.2, 0.28, 28, 24, 729, 1825
5, 0, 3.4, 0.28, 28, 24, 896, 2375
5, 0, 3.6, 0.28, 28, 24, 1075, 2907
5, 0, 3.8, 0.28, 28, 24, 1349, 3362
5, 0, 4, 0.28, 28, 24, 1501, 3920
5, 0, 4.2, 0.28, 28, 24, 1702, 4435
5, 0, 4.4, 0.28, 28, 24, 1895, 4968
5, 0, 4.6, 0.28, 28, 24, 2121, 5467
5, 0, 4.8, 0.28, 28, 24, 2282, 6014
5, 0, 2, 0.3, 28, 24, 0, 0
5, 0, 2.2, 0.3, 28, 24, 0, 0
5, 0, 2.4, 0.3, 28, 24, 0, 0
5, 0, 2.6, 0.3, 28, 24, 135, 245
5, 0, 2.8, 0.3, 28, 24, 338, 768
5, 0, 3, 0.3, 28, 24, 569, 1261
5, 0, 3.2, 0.3, 28, 24, 796, 1741
5, 0, 3.4, 0.3, 28, 24, 964, 2294
5, 0, 3.6, 0.3, 28, 24, 1212, 2769
5, 0, 3.8, 0.3, 28, 24, 1375, 3333
5, 0, 4, 0.3, 28, 24, 1638, 3781
5, 0, 4.2, 0.3, 28, 24, 1855, 4286
5, 0, 4.4, 0.3, 28, 24, 2023, 4840
5, 0, 4.6, 0.3, 28, 24, 2223, 5364
5, 0, 4.8, 0.3, 28, 24, 2466, 5819
5, 0, 2, 0.32, 28, 24, 0, 0
5, 0, 2.2, 0.32, 28, 24, 0, 0
5, 0, 2.4, 0.32, 28, 24, 0, 1
5, 0, 2.6, 0.32, 28, 24, 115, 257
5, 0, 2.8, 0.32, 28, 24, 359, 751
5, 0, 3, 0.32, 28, 24, 623, 1206
5, 0, 3.2, 0.32, 28, 24, 824, 1711
5, 0, 3.4, 0.32, 28, 24, 1041, 2220
5, 0, 3.6, 0.32, 28, 24, 1265, 2709
5, 0, 3.8, 0.32, 28, 24, 1500, 3206
5, 0, 4, 0.32, 28, 24, 1634, 3778
5, 0, 4.2, 0.32, 28, 24, 2015, 4130
5, 0, 4.4, 0.32, 28, 24, 2234, 4618
5, 0, 4.6, 0.32, 28, 24, 2478, 5109
5, 0, 4.8, 0.32, 28, 24, 2637, 5663
5, 0, 2, 0.34, 28, 24, 0, 0
5, 0, 2.2, 0.34, 28, 24, 0, 0
5, 0, 2.4, 0.34, 28, 24, 0, 1
5, 0, 2.6, 0.34, 28, 24, 139, 249
5, 0, 2.8, 0.34, 28, 24, 389, 714
5, 0, 3, 0.34, 28, 24, 642, 1178
5, 0, 3.2, 0.34, 28, 24, 887, 1654
5, 0, 3.4, 0.34, 28, 24, 1117, 2133
5, 0, 3.6, 0.34, 28, 24, 1322, 2656
5, 0, 3.8, 0.34, 28, 24, 1582, 3107
5, 0, 4, 0.34, 28, 24, 1830, 3586
5, 0, 4.2, 0.34, 28, 24, 2127, 4010
5, 0, 4.4, 0.34, 28, 24, 2315, 4527
5, 0, 4.6, 0.34, 28, 24, 2583, 4989
5, 0, 4.8, 0.34, 28, 24, 2822, 5473
5, 0, 2, 0.36, 28, 24, 0, 0
5, 0, 2.2, 0.36, 28, 24, 0, 0
5, 0, 2.4, 0.36, 28, 24, 0, 0
5, 0, 2.6, 0.36, 28, 24, 123, 230
5, 0, 2.8, 0.36, 28, 24, 406, 684
5, 0, 3, 0.36, 28, 24, 628, 1183
5, 0, 3.2, 0.36, 28, 24, 886, 1649
5, 0, 3.4, 0.36, 28, 24, 1136, 2117
5, 0, 3.6, 0.36, 28, 24, 1366, 2607
5, 0, 3.8, 0.36, 28, 24, 1657, 3027
5, 0, 4, 0.36, 28, 24, 1908, 3501
5, 0, 4.2, 0.36, 28, 24, 2183, 3941
5, 0, 4.4, 0.36, 28, 24, 2489, 4355
5, 0, 4.6, 0.36, 28, 24, 2736, 4832
5, 0, 4.8, 0.36, 28, 24, 2891, 5406
5, 0, 2, 0.38, 28, 24, 0, 0
5, 0, 2.2, 0.38, 28, 24, 0, 0
5, 0, 2.4, 0.38, 28, 24, 0, 1
5, 0, 2.6, 0.38, 28, 24, 136, 221
5, 0, 2.8, 0.38, 28, 24, 431, 648
5, 0, 3, 0.38, 28, 24, 691, 1116
5, 0, 3.2, 0.38, 28, 24, 944, 1591
5, 0, 3.4, 0.38, 28, 24, 1250, 2006
5, 0, 3.6, 0.38, 28, 24, 1508, 2455
5, 0, 3.8, 0.38, 28, 24, 1729, 2963
5, 0, 4, 0.38, 28, 24, 2012, 3382
5, 0, 4.2, 0.38, 28, 24, 2297, 3836
5, 0, 4.4, 0.38, 28, 24, 2635, 4215
5, 0, 4.6, 0.38, 28, 24, 2871, 4712
5, 0, 4.8, 0.38, 28, 24, 3106, 5163
5, 0, 2, 0.4, 28, 24, 0, 0
5, 0, 2.2, 0.4, 28, 24, 0, 0
5, 0, 2.4, 0.4, 28, 24, 0, 0
5, 0, 2.6, 0.4, 28, 24, 140, 227
5, 0, 2.8, 0.4, 28, 24, 428, 661
5, 0, 3, 0.4, 28, 24, 736, 1069
5, 0, 3.2, 0.4, 28, 24, 1006, 1504
5, 0, 3.4, 0.4, 28, 24, 1286, 1958
5, 0, 3.6, 0.4, 28, 24, 1630, 2336
5, 0, 3.8, 0.4, 28, 24, 1878, 2804
5, 0, 4, 0.4, 28, 24, 2192, 3222
5, 0, 4.2, 0.4, 28, 24, 2476, 3648
5, 0, 4.4, 0.4, 28, 24, 2728, 4104
5, 0, 4.6, 0.4, 28, 24, 3001, 4563
5, 0, 4.8, 0.4, 28, 24, 3340, 4942
5, 0, 2, 0.42, 28, 24, 0, 0
5, 0, 2.2, 0.42, 28, 24, 0, 0
5, 0, 2.4, 0.42, 28, 24, 1, 0
5, 0, 2.6, 0.42, 28, 24, 139, 215
5, 0, 2.8, 0.42, 28, 24, 422, 663
5, 0, 3, 0.42, 28, 24, 761, 1023
5, 0, 3.2, 0.42, 28, 24, 1037, 1491
5, 0, 3.4, 0.42, 28, 24, 1316, 1925
5, 0, 3.6, 0.42, 28, 24, 1666, 2299
5, 0, 3.8, 0.42, 28, 24, 1919, 2758
5, 0, 4, 0.42, 28, 24, 2333, 3071
5, 0, 4.2, 0.42, 28, 24, 2604, 3520
5, 0, 4.4, 0.42, 28, 24, 2808, 4014
5, 0, 4.6, 0.42, 28, 24, 3093, 4477
5, 0, 4.8, 0.42, 28, 24, 3425, 4837
5, 0, 2, 0.44, 28, 24, 0, 0
5, 0, 2.2, 0.44, 28, 24, 0, 0
5, 0, 2.4, 0.44, 28, 24, 0, 0
5, 0, 2.6, 0.44, 28, 24, 132, 224
5, 0, 2.8, 0.44, 28, 24, 481, 603
5, 0, 3, 0.44, 28, 24, 769, 1035
5, 0, 3.2, 0.44, 28, 24, 1094, 1423
5, 0, 3.4, 0.44, 28, 24, 1428, 1796
5, 0, 3.6, 0.44, 28, 24, 1740, 2220
5, 0, 3.8, 0.44, 28, 24, 2013, 2666
5, 0, 4, 0.44, 28, 24, 2363, 3022
5, 0, 4.2, 0.44, 28, 24, 2750, 3366
5, 0, 4.4, 0.44, 28, 24, 3016, 3816
5, 0, 4.6, 0.44, 28, 24, 3319, 4243
5, 0, 4.8, 0.44, 28, 24, 3661, 4608
5, 0, 2, 0.46, 28, 24, 0, 0
5, 0, 2.2, 0.46, 28, 24, 0, 0
5, 0, 2.4, 0.46, 28, 24, 0, 1
5, 0, 2.6, 0.46, 28, 24, 162, 192
5, 0, 2.8, 0.46, 28, 24, 506, 564
5, 0, 3, 0.46, 28, 24, 810, 981
5, 0, 3.2, 0.46, 28, 24, 1135, 1389
5, 0, 3.4, 0.46, 28, 24, 1460, 1770
5, 0, 3.6, 0.46, 28, 24, 1835, 2120
5, 0, 3.8, 0.46, 28, 24, 2164, 2499
5, 0, 4, 0.46, 28, 24, 2493, 2890
5, 0, 4.2, 0.46, 28, 24, 2787, 3325
5, 0, 4.4, 0.46, 28, 24, 3161, 3682
5, 0, 4.6, 0.46, 28, 24, 3399, 4144
5, 0, 4.8, 0.46, 28, 24, 3880, 4387
5, 0, 2, 0.48, 28, 24, 0, 0
5, 0, 2.2, 0.48, 28, 24, 0, 0
5, 0, 2.4, 0.48, 28, 24, 0, 0
5, 0, 2.6, 0.48, 28, 24, 173, 175
5, 0, 2.8, 0.48, 28, 24, 503, 567
5, 0, 3, 0.48, 28, 24, 866, 909
5, 0, 3.2, 0.48, 28, 24, 1193, 1323
5, 0, 3.4, 0.48, 28, 24, 1542, 1686
5, 0, 3.6, 0.48, 28, 24, 1898, 2052
5, 0, 3.8, 0.48, 28, 24, 2241, 2430
5, 0, 4, 0.48, 28, 24, 2614, 2772
5, 0, 4.2, 0.48, 28, 24, 2916, 3190
5, 0, 4.4, 0.48, 28, 24, 3229, 3603
5, 0, 4.6, 0.48, 28, 24, 3625, 3930
5, 0, 4.8, 0.48, 28, 24, 4077, 4194
5, 0, 2, 0.5, 28, 24, 0, 0
5, 0, 2.2, 0.5, 28, 24, 1, 0
5, 0, 2.4, 0.5, 28, 24, 0, 0
5, 0, 2.6, 0.5, 28, 24, 161, 179
5, 0, 2.8, 0.5, 28, 24, 568, 511
5, 0, 3, 0.5, 28, 24, 899, 874
5, 0, 3.2, 0.5, 28, 24, 1258, 1249
5, 0, 3.4, 0.5, 28, 24, 1645, 1578
5, 0, 3.6, 0.5, 28, 24, 1972, 1969
5, 0, 3.8, 0.5, 28, 24, 2305, 2349
5, 0, 4, 0.5, 28, 24, 2727, 2659
5, 0, 4.2, 0.5, 28, 24, 3086, 3008
5, 0, 4.4, 0.5, 28, 24, 3377, 3452
5, 0, 4.6, 0.5, 28, 24, 3743, 3811
5, 0, 4.8, 0.5, 28, 24, 3984, 4280
5, 0, 2, 0.52, 28, 24, 0, 0
5, 0, 2.2, 0.52, 28, 24, 0, 0
5, 0, 2.4, 0.52, 28, 24, 0, 0
5, 0, 2.6, 0.52, 28, 24, 192, 153
5, 0, 2.8, 0.52, 28, 24, 564, 498
5, 0, 3, 0.52, 28, 24, 965, 822
5, 0, 3.2, 0.52, 28, 24, 1302, 1212
5, 0, 3.4, 0.52, 28, 24, 1664, 1545
5, 0, 3.6, 0.52, 28, 24, 2090, 1853
5, 0, 3.8, 0.52, 28, 24, 2329, 2318
5, 0, 4, 0.52, 28, 24, 2850, 2537
5, 0, 4.2, 0.52, 28, 24, 3258, 2835
5, 0, 4.4, 0.52, 28, 24, 3601, 3212
5, 0, 4.6, 0.52, 28, 24, 3843, 3700
5, 0, 4.8, 0.52, 28, 24, 4315, 3959
5, 0, 2, 0.54, 28, 24, 0, 0
5, 0, 2.2, 0.54, 28, 24, 0, 0
5, 0, 2.4, 0.54, 28, 24, 0, 0
5, 0, 2.6, 0.54, 28, 24, 192, 143
5, 0, 2.8, 0.54, 28, 24, 571, 486
5, 0, 3, 0.54, 28, 24, 947, 845
5, 0, 3.2, 0.54, 28, 24, 1345, 1152
5, 0, 3.4, 0.54, 28, 24, 1702, 1496
5, 0, 3.6, 0.54, 28, 24, 2203, 1745
5, 0, 3.8, 0.54, 28, 24, 2514, 2136
5, 0, 4, 0.54, 28, 24, 2886, 2485
5, 0, 4.2, 0.54, 28, 24, 3230, 2866
5, 0, 4.4, 0.54, 28, 24, 3743, 3084
5, 0, 4.6, 0.54, 28, 24, 4003, 3530
5, 0, 4.8, 0.54, 28, 24, 4498, 3765
5, 0, 2, 0.56, 28, 24, 0, 0
5, 0, 2.2, 0.56, 28, 24, 0, 0
5, 0, 2.4, 0.56, 28, 24, 0, 0
5, 0, 2.6, 0.56, 28, 24, 184, 156
5, 0, 2.8, 0.56, 28, 24, 571, 477
5, 0, 3, 0.56, 28, 24, 1026, 751
5, 0, 3.2, 0.56, 28, 24, 1375, 1112
5, 0, 3.4, 0.56, 28, 24, 1814, 1421
5, 0, 3.6, 0.56, 28, 24, 2180, 1745
5, 0, 3.8, 0.56, 28, 24, 2589, 2066
5, 0, 4, 0.56, 28, 24, 2942, 2439
5, 0, 4.2, 0.56, 28, 24, 3434, 2661
5, 0, 4.4, 0.56, 28, 24, 3796, 3012
5, 0, 4.6, 0.56, 28, 24, 4287, 3243
5, 0, 4.8, 0.56, 28, 24, 4655, 3599
5, 0, 2, 0.58, 28, 24, 0, 0
5, 0, 2.2, 0.58, 28, 24, 0, 0
5, 0, 2.4, 0.58, 28, 24, 0, 0
5, 0, 2.6, 0.58, 28, 24, 186, 135
5, 0, 2.8, 0.58, 28, 24, 630, 413
5, 0, 3, 0.58, 28, 24, 1029, 733
5, 0, 3.2, 0.58, 28, 24, 1431, 1046
5, 0, 3.4, 0.58, 28, 24, 1864, 1347
5, 0, 3.6, 0.58, 28, 24, 2267, 1669
5, 0, 3.8, 0.58, 28, 24, 2695, 1961
5, 0, 4, 0.58, 28, 24, 3110, 2253
5, 0, 4.2, 0.58, 28, 24, 3595, 2488
5, 0, 4.4, 0.58, 28, 24, 3965, 2841
5, 0, 4.6, 0.58, 28, 24, 4337, 3191
5, 0, 4.8, 0.58, 28, 24, 4783, 3461
5, 0, 2, 0.6, 28, 24, 0, 0
5, 0, 2.2, 0.6, 28, 24, 0, 0
5, 0, 2.4, 0.6, 28, 24, 0, 0
5, 0, 2.6, 0.6, 28, 24, 189, 139
5, 0, 2.8, 0.6, 28, 24, 675, 381
5, 0, 3, 0.6, 28, 24, 1062, 709
5, 0, 3.2, 0.6, 28, 24, 1514, 965
5, 0, 3.4, 0.6, 28, 24, 1941, 1270
5, 0, 3.6, 0.6, 28, 24, 2363, 1566
5, 0, 3.8, 0.6, 28, 24, 2820, 1840
5, 0, 4, 0.6, 28, 24, 3149, 2204
5, 0, 4.2, 0.6, 28, 24, 3583, 2504
5, 0, 4.4, 0.6, 28, 24, 4028, 2783
5, 0, 4.6, 0.6, 28, 24, 4571, 2953
5, 0, 4.8, 0.6, 28, 24, 4946, 3301
5, 0, 2, 0.62, 28, 24, 0, 0
5, 0, 2.2, 0.62, 28, 24, 0, 0
5, 0, 2.4, 0.62, 28, 24, 1, 0
5, 0, 2.6, 0.62, 28, 24, 196, 119
5, 0, 2.8, 0.62, 28, 24, 676, 360
5, 0, 3, 0.62, 28, 24, 1096, 653
5, 0, 3.2, 0.62, 28, 24, 1563, 917
5, 0, 3.4, 0.62, 28, 24, 2028, 1167
5, 0, 3.6, 0.62, 28, 24, 2401, 1513
5, 0, 3.8, 0.62, 28, 24, 2866, 1762
5, 0, 4, 0.62, 28, 24, 3348, 2013
5, 0, 4.2, 0.62, 28, 24, 3732, 2347
5, 0, 4.4, 0.62, 28, 24, 4283, 2521
5, 0, 4.6, 0.62, 28, 24, 4642, 2893
5, 0, 4.8, 0.62, 28, 24, 5049, 3200
5, 0, 2, 0.64, 28, 24, 0, 0
5, 0, 2.2, 0.64, 28, 24, 0, 0
5, 0, 2.4, 0.64, 28, 24, 1, 0
5, 0, 2.6, 0.64, 28, 24, 185, 139
5, 0, 2.8, 0.64, 28, 24, 668, 373
5, 0, 3, 0.64, 28, 24, 1106, 664
5, 0, 3.2, 0.64, 28, 24, 1613, 873
5, 0, 3.4, 0.64, 28, 24, 2052, 1155
5, 0, 3.6, 0.64, 28, 24, 2492, 1436
5, 0, 3.8, 0.64, 28, 24, 2933, 1696
5, 0, 4, 0.64, 28, 24, 3418, 1940
5, 0, 4.2, 0.64, 28, 24, 3914, 2157
5, 0, 4.4, 0.64, 28, 24, 4421, 2388
5, 0, 4.6, 0.64, 28, 24, 4750, 2772
5, 0, 4.8, 0.64, 28, 24, 5338, 2898
5, 0, 2, 0.66, 28, 24, 0, 0
5, 0, 2.2, 0.66, 28, 24, 0, 0
5, 0, 2.4, 0.66, 28, 24, 1, 0
5, 0, 2.6, 0.66, 28, 24, 200, 120
5, 0, 2.8, 0.66, 28, 24, 683, 347
5, 0, 3, 0.66, 28, 24, 1175, 580
5, 0, 3.2, 0.66, 28, 24, 1578, 884
5, 0, 3.4, 0.66, 28, 24, 2121, 1069
5, 0, 3.6, 0.66, 28, 24, 2588, 1331
5, 0, 3.8, 0.66, 28, 24, 3007, 1615
5, 0, 4, 0.66, 28, 24, 3552, 1802
5, 0, 4.2, 0.66, 28, 24, 3968, 2102
5, 0, 4.4, 0.66, 28, 24, 4438, 2357
5, 0, 4.6, 0.66, 28, 24, 4997, 2525
5, 0, 4.8, 0.66, 28, 24, 5424, 2809
5, 0, 2, 0.68, 28, 24, 0, 0
5, 0, 2.2, 0.68, 28, 24, 0, 0
5, 0, 2.4, 0.68, 28, 24, 1, 0
5, 0, 2.6, 0.68, 28, 24, 205, 92
5, 0, 2.8, 0.68, 28, 24, 704, 334
5, 0, 3, 0.68, 28, 24, 1153, 593
5, 0, 3.2, 0.68, 28, 24, 1651, 809
5, 0, 3.4, 0.68, 28, 24, 2186, 997
5, 0, 3.6, 0.68, 28, 24, 2657, 1262
5, 0, 3.8, 0.68, 28, 24, 3139, 1494
5, 0, 4, 0.68, 28, 24, 3539, 1804
5, 0, 4.2, 0.68, 28, 24, 4163, 1908
5, 0, 4.4, 0.68, 28, 24, 4675, 2109
5, 0, 4.6, 0.68, 28, 24, 5116, 2403
5, 0, 4.8, 0.68, 28, 24, 5596, 2637
5, 0, 2, 0.7, 28, 24, 0, 0
5, 0, 2.2, 0.7, 28, 24, 0, 0
5, 0, 2.4, 0.7, 28, 24, 0, 0
5, 0, 2.6, 0.7, 28, 24, 222, 89
5, 0, 2.8, 0.7, 28, 24, 711, 307
5, 0, 3, 0.7, 28, 24, 1199, 543
5, 0, 3.2, 0.7, 28, 24, 1774, 711
5, 0, 3.4, 0.7, 28, 24, 2276, 917
5, 0, 3.6, 0.7, 28, 24, 2757, 1164
5, 0, 3.8, 0.7, 28, 24, 3221, 1406
5, 0, 4, 0.7, 28, 24, 3757, 1594
5, 0, 4.2, 0.7, 28, 24, 4227, 1844
5, 0, 4.4, 0.7, 28, 24, 4751, 2033
5, 0, 4.6, 0.7, 28, 24, 5240, 2256
5, 0, 4.8, 0.7, 28, 24, 5774, 2460
5, 0, 2, 0.72, 28, 24, 0, 0
5, 0, 2.2, 0.72, 28, 24, 0, 0
5, 0, 2.4, 0.72, 28, 24, 0, 0
5, 0, 2.6, 0.72, 28, 24, 216, 77
5, 0, 2.8, 0.72, 28, 24, 756, 274
5, 0, 3, 0.72, 28, 24, 1263, 477
5, 0, 3.2, 0.72, 28, 24, 1766, 696
5, 0, 3.4, 0.72, 28, 24, 2263, 920
5, 0, 3.6, 0.72, 28, 24, 2790, 1121
5, 0, 3.8, 0.72, 28, 24, 3318, 1305
5, 0, 4, 0.72, 28, 24, 3861, 1490
5, 0, 4.2, 0.72, 28, 24, 4305, 1764
5, 0, 4.4, 0.72, 28, 24, 4825, 1969
5, 0, 4.6, 0.72, 28, 24, 5391, 2098
5, 0, 4.8, 0.72, 28, 24, 5905, 2314
5, 0, 2, 0.74, 28, 24, 0, 0
5, 0, 2.2, 0.74, 28, 24, 0, 0
5, 0, 2.4, 0.74, 28, 24, 1, 0
5, 0, 2.6, 0.74, 28, 24, 218, 87
5, 0, 2.8, 0.74, 28, 24, 740, 279
5, 0, 3, 0.74, 28, 24, 1312, 430
5, 0, 3.2, 0.74, 28, 24, 1859, 606
5, 0, 3.4, 0.74, 28, 24, 2340, 828
5, 0, 3.6, 0.74, 28, 24, 2901, 1001
5, 0, 3.8, 0.74, 28, 24, 3462, 1163
5, 0, 4, 0.74, 28, 24, 3974, 1385
5, 0, 4.2, 0.74, 28, 24, 4473, 1571
5, 0, 4.4, 0.74, 28, 24, 5027, 1745
5, 0, 4.6, 0.74, 28, 24, 5595, 1908
5, 0, 4.8, 0.74, 28, 24, 6141, 2077
5, 0, 2, 0.76, 28, 24, 0, 0
5, 0, 2.2, 0.76, 28, 24, 0, 0
5, 0, 2.4, 0.76, 28, 24, 1, 0
5, 0, 2.6, 0.76, 28, 24, 239, 63
5, 0, 2.8, 0.76, 28, 24, 749, 257
5, 0, 3, 0.76, 28, 24, 1311, 428
5, 0, 3.2, 0.76, 28, 24, 1855, 601
5, 0, 3.4, 0.76, 28, 24, 2419, 774
5, 0, 3.6, 0.76, 28, 24, 2961, 944
5, 0, 3.8, 0.76, 28, 24, 3516, 1099
5, 0, 4, 0.76, 28, 24, 4065, 1274
5, 0, 4.2, 0.76, 28, 24, 4593, 1463
5, 0, 4.4, 0.76, 28, 24, 5138, 1649
5, 0, 4.6, 0.76, 28, 24, 5696, 1813
5, 0, 4.8, 0.76, 28, 24, 6243, 1977
5, 0, 2, 0.78, 28, 24, 0, 0
5, 0, 2.2, 0.78, 28, 24, 0, 0
5, 0, 2.4, 0.78, 28, 24, 1, 0
5, 0, 2.6, 0.78, 28, 24, 229, 65
5, 0, 2.8, 0.78, 28, 24, 822, 199
5, 0, 3, 0.78, 28, 24, 1348, 389
5, 0, 3.2, 0.78, 28, 24, 1914, 540
5, 0, 3.4, 0.78, 28, 24, 2486, 691
5, 0, 3.6, 0.78, 28, 24, 3080, 823
5, 0, 3.8, 0.78, 28, 24, 3556, 1041
5, 0, 4, 0.78, 28, 24, 4160, 1174
5, 0, 4.2, 0.78, 28, 24, 4699, 1358
5, 0, 4.4, 0.78, 28, 24, 5344, 1437
5, 0, 4.6, 0.78, 28, 24, 5783, 1717
5, 0, 4.8, 0.78, 28, 24, 6425, 1780
5, 0, 2, 0.8, 28, 24, 0, 0
5, 0, 2.2, 0.8, 28, 24, 0, 0
5, 0, 2.4, 0.8, 28, 24, 1, 0
5, 0, 2.6, 0.8, 28, 24, 230, 59
5, 0, 2.8, 0.8, 28, 24, 800, 206
5, 0, 3, 0.8, 28, 24, 1390, 341
5, 0, 3.2, 0.8, 28, 24, 1968, 481
5, 0, 3.4, 0.8, 28, 24, 2534, 630
5, 0, 3.6, 0.8, 28, 24, 3138, 764
5, 0, 3.8, 0.8, 28, 24, 3663, 947
5, 0, 4, 0.8, 28, 24, 4219, 1111
5, 0, 4.2, 0.8, 28, 24, 4855, 1204
5, 0, 4.4, 0.8, 28, 24, 5420, 1354
5, 0, 4.6, 0.8, 28, 24, 5992, 1488
5, 0, 4.8, 0.8, 28, 24, 6627, 1593
5, 0, 2, 0.82, 28, 24, 0, 0
5, 0, 2.2, 0.82, 28, 24, 0, 0
5, 0, 2.4, 0.82, 28, 24, 0, 0
5, 0, 2.6, 0.82, 28, 24, 229, 59
5, 0, 2.8, 0.82, 28, 24, 826, 174
5, 0, 3, 0.82, 28, 24, 1401, 326
5, 0, 3.2, 0.82, 28, 24, 1995, 452
5, 0, 3.4, 0.82, 28, 24, 2564, 598
5, 0, 3.6, 0.82, 28, 24, 3188, 699
5, 0, 3.8, 0.82, 28, 24, 3788, 824
5, 0, 4, 0.82, 28, 24, 4382, 953
5, 0, 4.2, 0.82, 28, 24, 4943, 1093
5, 0, 4.4, 0.82, 28, 24, 5556, 1216
5, 0, 4.6, 0.82, 28, 24, 6160, 1323
5, 0, 4.8, 0.82, 28, 24, 6773, 1420
5, 0, 2, 0.84, 28, 24, 0, 0
5, 0, 2.2, 0.84, 28, 24, 0, 0
5, 0, 2.4, 0.84, 28, 24, 0, 0
5, 0, 2.6, 0.84, 28, 24, 229, 45
5, 0, 2.8, 0.84, 28, 24, 822, 187
5, 0, 3, 0.84, 28, 24, 1460, 271
5, 0, 3.2, 0.84, 28, 24, 2058, 389
5, 0, 3.4, 0.84, 28, 24, 2671, 502
5, 0, 3.6, 0.84, 28, 24, 3252, 630
5, 0, 3.8, 0.84, 28, 24, 3874, 734
5, 0, 4, 0.84, 28, 24, 4457, 867
5, 0, 4.2, 0.84, 28, 24, 5070, 974
5, 0, 4.4, 0.84, 28, 24, 5714, 1052
5, 0, 4.6, 0.84, 28, 24, 6348, 1140
5, 0, 4.8, 0.84, 28, 24, 6846, 1365
5, 0, 2, 0.86, 28, 24, 0, 0
5, 0, 2.2, 0.86, 28, 24, 0, 0
5, 0, 2.4, 0.86, 28, 24, 0, 0
5, 0, 2.6, 0.86, 28, 24, 238, 38
5, 0, 2.8, 0.86, 28, 24, 873, 130
5, 0, 3, 0.86, 28, 24, 1469, 252
5, 0, 3.2, 0.86, 28, 24, 2104, 335
5, 0, 3.4, 0.86, 28, 24, 2718, 446
5, 0, 3.6, 0.86, 28, 24, 3337, 537
5, 0, 3.8, 0.86, 28, 24, 3950, 644
5, 0, 4, 0.86, 28, 24, 4568, 758
5, 0, 4.2, 0.86, 28, 24, 5221, 825
5, 0, 4.4, 0.86, 28, 24, 5826, 944
5, 0, 4.6, 0.86, 28, 24, 6436, 1053
5, 0, 4.8, 0.86, 28, 24, 7068, 1139
5, 0, 2, 0.88, 28, 24, 0, 0
5, 0, 2.2, 0.88, 28, 24, 0, 0
5, 0, 2.4, 0.88, 28, 24, 1, 0
5, 0, 2.6, 0.88, 28, 24, 242, 36
5, 0, 2.8, 0.88, 28, 24, 894, 109
5, 0, 3, 0.88, 28, 24, 1522, 189
5, 0, 3.2, 0.88, 28, 24, 2131, 312
5, 0, 3.4, 0.88, 28, 24, 2789, 366
5, 0, 3.6, 0.88, 28, 24, 3431, 442
5, 0, 3.8, 0.88, 28, 24, 4022, 583
5, 0, 4, 0.88, 28, 24, 4663, 664
5, 0, 4.2, 0.88, 28, 24, 5327, 718
5, 0, 4.4, 0.88, 28, 24, 5944, 809
5, 0, 4.6, 0.88, 28, 24, 6500, 973
5, 0, 4.8, 0.88, 28, 24, 7203, 992
5, 0, 2, 0.9, 28, 24, 0, 0
5, 0, 2.2, 0.9, 28, 24, 0, 0
5, 0, 2.4, 0.9, 28, 24, 0, 0
5, 0, 2.6, 0.9, 28, 24, 250, 27
5, 0, 2.8, 0.9, 28, 24, 907, 105
5, 0, 3, 0.9, 28, 24, 1543, 173
5, 0, 3.2, 0.9, 28, 24, 2218, 223
5, 0, 3.4, 0.9, 28, 24, 2819, 332
5, 0, 3.6, 0.9, 28, 24, 3480, 402
5, 0, 3.8, 0.9, 28, 24, 4132, 455
5, 0, 4, 0.9, 28, 24, 4797, 522
5, 0, 4.2, 0.9, 28, 24, 5423, 621
5, 0, 4.4, 0.9, 28, 24, 6094, 656
5, 0, 4.6, 0.9, 28, 24, 6750, 726
5, 0, 4.8, 0.9, 28, 24, 7357, 837
5, 0, 2, 0.92, 28, 24, 0, 0
5, 0, 2.2, 0.92, 28, 24, 0, 0
5, 0, 2.4, 0.92, 28, 24, 1, 0
5, 0, 2.6, 0.92, 28, 24, 245, 24
5, 0, 2.8, 0.92, 28, 24, 930, 67
5, 0, 3, 0.92, 28, 24, 1588, 122
5, 0, 3.2, 0.92, 28, 24, 2252, 190
5, 0, 3.4, 0.92, 28, 24, 2893, 242
5, 0, 3.6, 0.92, 28, 24, 3559, 303
5, 0, 3.8, 0.92, 28, 24, 4237, 360
5, 0, 4, 0.92, 28, 24, 4898, 412
5, 0, 4.2, 0.92, 28, 24, 5547, 474
5, 0, 4.4, 0.92, 28, 24, 6176, 585
5, 0, 4.6, 0.92, 28, 24, 6874, 593
5, 0, 4.8, 0.92, 28, 24, 7550, 643
5, 0, 2, 0.94, 28, 24, 0, 0
5, 0, 2.2, 0.94, 28, 24, 0, 0
5, 0, 2.4, 0.94, 28, 24, 0, 0
5, 0, 2.6, 0.94, 28, 24, 257, 15
5, 0, 2.8, 0.94, 28, 24, 941, 56
5, 0, 3, 0.94, 28, 24, 1611, 96
5, 0, 3.2, 0.94, 28, 24, 2281, 137
5, 0, 3.4, 0.94, 28, 24, 2953, 195
5, 0, 3.6, 0.94, 28, 24, 3648, 215
5, 0, 3.8, 0.94, 28, 24, 4316, 271
5, 0, 4, 0.94, 28, 24, 4975, 338
5, 0, 4.2, 0.94, 28, 24, 5678, 362
5, 0, 4.4, 0.94, 28, 24, 6337, 413
5, 0, 4.6, 0.94, 28, 24, 7031, 445
5, 0, 4.8, 0.94, 28, 24, 7721, 476
5, 0, 2, 0.96, 28, 24, 0, 0
5, 0, 2.2, 0.96, 28, 24, 0, 0
5, 0, 2.4, 0.96, 28, 24, 0, 0
5, 0, 2.6, 0.96, 28, 24, 246, 8
5, 0, 2.8, 0.96, 28, 24, 959, 35
5, 0, 3, 0.96, 28, 24, 1633, 63
5, 0, 3.2, 0.96, 28, 24, 2308, 99
5, 0, 3.4, 0.96, 28, 24, 3036, 110
5, 0, 3.6, 0.96, 28, 24, 3728, 143
5, 0, 3.8, 0.96, 28, 24, 4372, 208
5, 0, 4, 0.96, 28, 24, 5117, 195
5, 0, 4.2, 0.96, 28, 24, 5747, 280
5, 0, 4.4, 0.96, 28, 24, 6478, 259
5, 0, 4.6, 0.96, 28, 24, 7149, 325
5, 0, 4.8, 0.96, 28, 24, 7841, 335
5, 0, 2, 0.98, 28, 24, 0, 0
5, 0, 2.2, 0.98, 28, 24, 0, 0
5, 0, 2.4, 0.98, 28, 24, 0, 0
5, 0, 2.6, 0.98, 28, 24, 258, 5
5, 0, 2.8, 0.98, 28, 24, 953, 25
5, 0, 3, 0.98, 28, 24, 1670, 31
5, 0, 3.2, 0.98, 28, 24, 2371, 50
5, 0, 3.4, 0.98, 28, 24, 3083, 63
5, 0, 3.6, 0.98, 28, 24, 3772, 82
5, 0, 3.8, 0.98, 28, 24, 4471, 102
5, 0, 4, 0.98, 28, 24, 5198, 109
5, 0, 4.2, 0.98, 28, 24, 5898, 122
5, 0, 4.4, 0.98, 28, 24, 6598, 150
5, 0, 4.6, 0.98, 28, 24, 7300, 157
5, 0, 4.8, 0.98, 28, 24, 7975, 195
5, 1, 2, 0, 28, 24, 0, 77
5, 1, 2.2, 0, 28, 24, 0, 794
5, 1, 2.4, 0, 28, 24, 0, 1510
5, 1, 2.6, 0, 28, 24, 0, 2242
5, 1, 2.8, 0, 28, 24, 0, 2955
5, 1, 3, 0, 28, 24, 0, 3668
5, 1, 3.2, 0, 28, 24, 0, 4395
5, 1, 3.4, 0, 28, 24, 0, 5109
5, 1, 3.6, 0, 28, 24, 0, 5839
5, 1, 3.8, 0, 28, 24, 0, 6554
5, 1, 4, 0, 28, 24, 0, 7268
5, 1, 4.2, 0, 28, 24, 0, 7997
5, 1, 4.4, 0, 28, 24, 0, 8716
5, 1, 4.6, 0, 28, 24, 0, 9434
5, 1, 4.8, 0, 28, 24, 0, 10153
5, 1, 2, 0.02, 28, 24, 0, 1
5, 1, 2.2, 0.02, 28, 24, 0, 646
5, 1, 2.4, 0.02, 28, 24, 0, 1332
5, 1, 2.6, 0.02, 28, 24, 0, 2038
5, 1, 2.8, 0.02, 28, 24, 0, 2746
5, 1, 3, 0.02, 28, 24, 0, 3488
5, 1, 3.2, 0.02, 28, 24, 0, 4204
5, 1, 3.4, 0.02, 28, 24, 0, 4848
5, 1, 3.6, 0.02, 28, 24, 0, 5558
5, 1, 3.8, 0.02, 28, 24, 0, 6267
5, 1, 4, 0.02, 28, 24, 0, 6983
5, 1, 4.2, 0.02, 28, 24, 0, 7712
5, 1, 4.4, 0.02, 28, 24, 0, 8421
5, 1, 4.6, 0.02, 28, 24, 0, 9142
5, 1, 4.8, 0.02, 28, 24, 0, 9833
5, 1, 2, 0.04, 28, 24, 0, 0
5, 1, 2.2, 0.04, 28, 24, 0, 466
5, 1, 2.4, 0.04, 28, 24, 0, 1182
5, 1, 2.6, 0.04, 28, 24, 0, 1872
5, 1, 2.8, 0.04, 28, 24, 0, 2557
5, 1, 3, 0.04, 28, 24, 0, 3249
5, 1, 3.2, 0.04, 28, 24, 0, 3889
5, 1, 3.4, 0.04, 28, 24, 0, 4621
5, 1, 3.6, 0.04, 28, 24, 0, 5368
5, 1, 3.8, 0.04, 28, 24, 0, 6029
5, 1, 4, 0.04, 28, 24, 0, 6665
5, 1, 4.2, 0.04, 28, 24, 0, 7386
5, 1, 4.4, 0.04, 28, 24, 0, 8107
5, 1, 4.6, 0.04, 28, 24, 0, 8782
5, 1, 4.8, 0.04, 28, 24, 0, 9495
5, 1, 2, 0.06, 28, 24, 0, 1
5, 1, 2.2, 0.06, 28, 24, 0, 324
5, 1, 2.4, 0.06, 28, 24, 0, 957
5, 1, 2.6, 0.06, 28, 24, 0, 1681
5, 1, 2.8, 0.06, 28, 24, 1, 2343
5, 1, 3, 0.06, 28, 24, 1, 3017
5, 1, 3.2, 0.06, 28, 24, 0, 3718
5, 1, 3.4, 0.06, 28, 24, 0, 4364
5, 1, 3.6, 0.06, 28, 24, 0, 5072
5, 1, 3.8, 0.06, 28, 24, 0, 5710
5, 1, 4, 0.06, 28, 24, 0, 6439
5, 1, 4.2, 0.06, 28, 24, 0, 7083
5, 1, 4.4, 0.06, 28, 24, 0, 7776
5, 1, 4.6, 0.06, 28, 24, 0, 8391
5, 1, 4.8, 0.06, 28, 24, 0, 9097
5, 1, 2, 0.08, 28, 24, 0, 1
5, 1, 2.2, 0.08, 28, 24, 0, 190
5, 1, 2.4, 0.08, 28, 24, 0, 845
5, 1, 2.6, 0.08, 28, 24, 0, 1450
5, 1, 2.8, 0.08, 28, 24, 0, 2099
5, 1, 3, 0.08, 28, 24, 0, 2806
5, 1, 3.2, 0.08, 28, 24, 0, 3449
5, 1, 3.4, 0.08, 28, 24, 1, 4139
5, 1, 3.6, 0.08, 28, 24, 1, 4834
5, 1, 3.8, 0.08, 28, 24, 0, 5425
5, 1, 4, 0.08, 28, 24, 0, 6141
5, 1, 4.2, 0.08, 28, 24, 1, 6815
5, 1, 4.4, 0.08, 28, 24, 0, 7429
5, 1, 4.6, 0.08, 28, 24, 1, 8073
5, 1, 4.8, 0.08, 28, 24, 1, 8800
5, 1, 2, 0.1, 28, 24, 0, 1
5, 1, 2.2, 0.1, 28, 24, 0, 4
5, 1, 2.4, 0.1, 28, 24, 0, 666
5, 1, 2.6, 0.1, 28, 24, 0, 1358
5, 1, 2.8, 0.1, 28, 24, 0, 1981
5, 1, 3, 0.1, 28, 24, 1, 2619
5, 1, 3.2, 0.1, 28, 24, 1, 3257
5, 1, 3.4, 0.1, 28, 24, 0, 3919
5, 1, 3.6, 0.1, 28, 24, 0, 4540
5, 1, 3.8, 0.1, 28, 24, 1, 5222
5, 1, 4, 0.1, 28, 24, 0, 5809
5, 1, 4.2, 0.1, 28, 24, 0, 6557
5, 1, 4.4, 0.1, 28, 24, 0, 7143
5, 1, 4.6, 0.1, 28, 24, 4, 7799
5, 1, 4.8, 0.1, 28, 24, 0, 8431
5, 1, 2, 0.12, 28, 24, 0, 0
5, 1, 2.2, 0.12, 28, 24, 0, 11
5, 1, 2.4, 0.12, 28, 24, 0, 455
5, 1, 2.6, 0.12, 28, 24, 4, 1082
5, 1, 2.8, 0.12, 28, 24, 2, 1762
5, 1, 3, 0.12, 28, 24, 0, 2378
5, 1, 3.2, 0.12, 28, 24, 0, 3048
5, 1, 3.4, 0.12, 28, 24, 1, 3648
5, 1, 3.6, 0.12, 28, 24, 4, 4351
5, 1, 3.8, 0.12, 28, 24, 0, 4914
5, 1, 4, 0.12, 28, 24, 0, 5579
5, 1, 4.2, 0.12, 28, 24, 3, 6275
5, 1, 4.4, 0.12, 28, 24, 12, 6806
5, 1, 4.6, 0.12, 28, 24, 167, 7371
5, 1, 4.8, 0.12, 28, 24, 132, 8102
5, 1, 2, 0.14, 28, 24, 0, 0
5, 1, 2.2, 0.14, 28, 24, 1, 2
5, 1, 2.4, 0.14, 28, 24, 1, 290
5, 1, 2.6, 0.14, 28, 24, 0, 890
5, 1, 2.8, 0.14, 28, 24, 1, 1530
5, 1, 3, 0.14, 28, 24, 0, 2150
5, 1, 3.2, 0.14, 28, 24, 3, 2751
5, 1, 3.4, 0.14, 28, 24, 10, 3391
5, 1, 3.6, 0.14, 28, 24, 15, 4018
5, 1, 3.8, 0.14, 28, 24, 68, 4582
5, 1, 4, 0.14, 28, 24, 108, 5277
5, 1, 4.2, 0.14, 28, 24, 230, 5856
5, 1, 4.4, 0.14, 28, 24, 280, 6522
5, 1, 4.6, 0.14, 28, 24, 423, 7106
5, 1, 4.8, 0.14, 28, 24, 554, 7694
5, 1, 2, 0.16, 28, 24, 0, 0
5, 1, 2.2, 0.16, 28, 24, 0, 0
5, 1, 2.4, 0.16, 28, 24, 0, 143
5, 1, 2.6, 0.16, 28, 24, 0, 742
5, 1, 2.8, 0.16, 28, 24, 2, 1346
5, 1, 3, 0.16, 28, 24, 3, 1978
5, 1, 3.2, 0.16, 28, 24, 14, 2560
5, 1, 3.4, 0.16, 28, 24, 97, 3133
5, 1, 3.6, 0.16, 28, 24, 194, 3731
5, 1, 3.8, 0.16, 28, 24, 321, 4328
5, 1, 4, 0.16, 28, 24, 377, 4982
5, 1, 4.2, 0.16, 28, 24, 449, 5634
5, 1, 4.4, 0.16, 28, 24, 628, 6174
5, 1, 4.6, 0.16, 28, 24, 740, 6793
5, 1, 4.8, 0.16, 28, 24, 864, 7382
5, 1, 2, 0.18, 28, 24, 0, 0
5, 1, 2.2, 0.18, 28, 24, 0, 0
5, 1, 2.4, 0.18, 28, 24, 0, 13
5, 1, 2.6, 0.18, 28, 24, 17, 557
5, 1, 2.8, 0.18, 28, 24, 2, 1171
5, 1, 3, 0.18, 28, 24, 68, 1750
5, 1, 3.2, 0.18, 28, 24, 245, 2249
5, 1, 3.4, 0.18, 28, 24, 334, 2874
5, 1, 3.6, 0.18, 28, 24, 434, 3501
5, 1, 3.8, 0.18, 28, 24, 597, 4052
5, 1, 4, 0.18, 28, 24, 729, 4644
5, 1, 4.2, 0.18, 28, 24, 805, 5290
5, 1, 4.4, 0.18, 28, 24, 881, 5924
5, 1, 4.6, 0.18, 28, 24, 1095, 6425
5, 1, 4.8, 0.18, 28, 24, 1158, 7095
5, 1, 2, 0.2, 28, 24, 0, 1
5, 1, 2.2, 0.2, 28, 24, 0, 0
5, 1, 2.4, 0.2, 28, 24, 0, 14
5, 1, 2.6, 0.2, 28, 24, 10, 381
5, 1, 2.8, 0.2, 28, 24, 18, 1040
5, 1, 3, 0.2, 28, 24, 246, 1527
5, 1, 3.2, 0.2, 28, 24, 402, 2087
5, 1, 3.4, 0.2, 28, 24, 411, 2805
5, 1, 3.6, 0.2, 28, 24, 706, 3221
5, 1, 3.8, 0.2, 28, 24, 876, 3770
5, 1, 4, 0.2, 28, 24, 964, 4409
5, 1, 4.2, 0.2, 28, 24, 1118, 4960
5, 1, 4.4, 0.2, 28, 24, 1191, 5616
5, 1, 4.6, 0.2, 28, 24, 1390, 6135
5, 1, 4.8, 0.2, 28, 24, 1509, 6740
5, 1, 2, 0.22, 28, 24, 0, 0
5, 1, 2.2, 0.22, 28, 24, 0, 0
5, 1, 2.4, 0.22, 28, 24, 0, 6
5, 1, 2.6, 0.22, 28, 24, 66, 264
5, 1, 2.8, 0.22, 28, 24, 222, 832
5, 1, 3, 0.22, 28, 24, 377, 1399
5, 1, 3.2, 0.22, 28, 24, 521, 1985
5, 1, 3.4, 0.22, 28, 24, 691, 2504
5, 1, 3.6, 0.22, 28, 24, 880, 3024
5, 1, 3.8, 0.22, 28, 24, 1053, 3586
5, 1, 4, 0.22, 28, 24, 1065, 4296
5, 1, 4.2, 0.22, 28, 24, 1273, 4812
5, 1, 4.4, 0.22, 28, 24, 1483, 5318
5, 1, 4.6, 0.22, 28, 24, 1580, 5953
5, 1, 4.8, 0.22, 28, 24, 1779, 6459
5, 1, 2, 0.24, 28, 24, 0, 1
5, 1, 2.2, 0.24, 28, 24, 0, 1
5, 1, 2.4, 0.24, 28, 24, 3, 2
5, 1, 2.6, 0.24, 28, 24, 70, 260
5, 1, 2.8, 0.24, 28, 24, 236, 817
5, 1, 3, 0.24, 28, 24, 435, 1337
5, 1, 3.2, 0.24, 28, 24, 587, 1897
5, 1, 3.4, 0.24, 28, 24, 745, 2445
5, 1, 3.6, 0.24, 28, 24, 961, 2954
5, 1, 3.8, 0.24, 28, 24, 1038, 3595
5, 1, 4, 0.24, 28, 24, 1259, 4092
5, 1, 4.2, 0.24, 28, 24, 1486, 4591
5, 1, 4.4, 0.24, 28, 24, 1689, 5107
5, 1, 4.6, 0.24, 28, 24, 1808, 5703
5, 1, 4.8, 0.24, 28, 24, 1948, 6288
5, 1, 2, 0.26, 28, 24, 0, 0
5, 1, 2.2, 0.26, 28, 24, 0, 0
5, 1, 2.4, 0.26, 28, 24, 0, 3
5, 1, 2.6, 0.26, 28, 24, 92, 235
5, 1, 2.8, 0.26, 28, 24, 267, 762
5, 1, 3, 0.26, 28, 24, 468, 1283
5, 1, 3.2, 0.26, 28, 24, 636, 1841
5, 1, 3.4, 0.26, 28, 24, 819, 2365
5, 1, 3.6, 0.26, 28, 24, 999, 2915
5, 1, 3.8, 0.26, 28, 24, 1201, 3444
5, 1, 4, 0.26, 28, 24, 1398, 3948
5, 1, 4.2, 0.26, 28, 24, 1634, 4437
5, 1, 4.4, 0.26, 28, 24, 1766, 5028
5, 1, 4.6, 0.26, 28, 24, 1984, 5528
5, 1, 4.8, 0.26, 28, 24, 2162, 6058
5, 1, 2, 0.28, 28, 24, 0, 0
5, 1, 2.2, 0.28, 28, 24, 0, 0
5, 1, 2.4, 0.28, 28, 24, 0, 1
5, 1, 2.6, 0.28, 28, 24, 88, 217
5, 1, 2.8, 0.28, 28, 24, 297, 734
5, 1, 3, 0.28, 28, 24, 465, 1281
5, 1, 3.2, 0.28, 28, 24, 696, 1779
5, 1, 3.4, 0.28, 28, 24, 882, 2308
5, 1, 3.6, 0.28, 28, 24, 1063, 2832
5, 1, 3.8, 0.28, 28, 24, 1338, 3297
5, 1, 4, 0.28, 28, 24, 1471, 3880
5, 1, 4.2, 0.28, 28, 24, 1735, 4321
5, 1, 4.4, 0.28, 28, 24, 1913, 4873
5, 1, 4.6, 0.28, 28, 24, 2090, 5421
5, 1, 4.8, 0.28, 28, 24, 2298, 5939
5, 1, 2, 0.3, 28, 24, 0, 0
5, 1, 2.2, 0.3, 28, 24, 0, 0
5, 1, 2.4, 0.3, 28, 24, 2, 0
5, 1, 2.6, 0.3, 28, 24, 100, 211
5, 1, 2.8, 0.3, 28, 24, 318, 717
5, 1, 3, 0.3, 28, 24, 553, 1185
5, 1, 3.2, 0.3, 28, 24, 718, 1755
5, 1, 3.4, 0.3, 28, 24, 900, 2280
5, 1, 3.6, 0.3, 28, 24, 1174, 2738
5, 1, 3.8, 0.3, 28, 24, 1457, 3170
5, 1, 4, 0.3, 28, 24, 1495, 3837
5, 1, 4.2, 0.3, 28, 24, 1837, 4226
5, 1, 4.4, 0.3, 28, 24, 1996, 4787
5, 1, 4.6, 0.3, 28, 24, 2230, 5268
5, 1, 4.8, 0.3, 28, 24, 2483, 5736
5, 1, 2, 0.32, 28, 24, 0, 0
5, 1, 2.2, 0.32, 28, 24, 0, 0
5, 1, 2.4, 0.32, 28, 24, 1, 0
5, 1, 2.6, 0.32, 28, 24, 99, 207
5, 1, 2.8, 0.32, 28, 24, 320, 691
5, 1, 3, 0.32, 28, 24, 563, 1178
5, 1, 3.2, 0.32, 28, 24, 773, 1692
5, 1, 3.4, 0.32, 28, 24, 1015, 2171
5, 1, 3.6, 0.32, 28, 24, 1234, 2662
5, 1, 3.8, 0.32, 28, 24, 1471, 3150
5, 1, 4, 0.32, 28, 24, 1672, 3668
5, 1, 4.2, 0.32, 28, 24, 1898, 4166
5, 1, 4.4, 0.32, 28, 24, 2158, 4616
5, 1, 4.6, 0.32, 28, 24, 2337, 5164
5, 1, 4.8, 0.32, 28, 24, 2581, 5627
5, 1, 2, 0.34, 28, 24, 0, 0
5, 1, 2.2, 0.34, 28, 24, 0, 0
5, 1, 2.4, 0.34, 28, 24, 0, 1
5, 1, 2.6, 0.34, 28, 24, 95, 202
5, 1, 2.8, 0.34, 28, 24, 336, 683
5, 1, 3, 0.34, 28, 24, 606, 1136
5, 1, 3.2, 0.34, 28, 24, 844, 1609
5, 1, 3.4, 0.34, 28, 24, 1074, 2107
5, 1, 3.6, 0.34, 28, 24, 1370, 2533
5, 1, 3.8, 0.34, 28, 24, 1550, 3068
5, 1, 4, 0.34, 28, 24, 1814, 3525
5, 1, 4.2, 0.34, 28, 24, 2042, 4011
5, 1, 4.4, 0.34, 28, 24, 2298, 4487
5, 1, 4.6, 0.34, 28, 24, 2608, 4880
5, 1, 4.8, 0.34, 28, 24, 2704, 5508
5, 1, 2, 0.36, 28, 24, 0, 0
5, 1, 2.2, 0.36, 28, 24, 0, 0
5, 1, 2.4, 0.36, 28, 24, 1, 1
5, 1, 2.6, 0.36, 28, 24, 110, 180
5, 1, 2.8, 0.36, 28, 24, 367, 643
5, 1, 3, 0.36, 28, 24, 586, 1147
5, 1, 3.2, 0.36, 28, 24, 870, 1584
5, 1, 3.4, 0.36, 28, 24, 1156, 2007
5, 1, 3.6, 0.36, 28, 24, 1344, 2536
5, 1, 3.8, 0.36, 28, 24, 1607, 2999
5, 1, 4, 0.36, 28, 24, 1911, 3422
5, 1, 4.2, 0.36, 28, 24, 2214, 3826
5, 1, 4.4, 0.36, 28, 24, 2410, 4365
5, 1, 4.6, 0.36, 28, 24, 2708, 4774
5, 1, 4.8, 0.36, 28, 24, 2990, 5218
5, 1, 2, 0.38, 28, 24, 0, 0
5, 1, 2.2, 0.38, 28, 24, 0, 0
5, 1, 2.4, 0.38, 28, 24, 1, 0
5, 1, 2.6, 0.38, 28, 24, 96, 185
5, 1, 2.8, 0.38, 28, 24, 383, 631
5, 1, 3, 0.38, 28, 24, 628, 1089
5, 1, 3.2, 0.38, 28, 24, 960, 1496
5, 1, 3.4, 0.38, 28, 24, 1173, 1990
5, 1, 3.6, 0.38, 28, 24, 1469, 2409
5, 1, 3.8, 0.38, 28, 24, 1788, 2820
5, 1, 4, 0.38, 28, 24, 1941, 3377
5, 1, 4.2, 0.38, 28, 24, 2290, 3753
5, 1, 4.4, 0.38, 28, 24, 2539, 4233
5, 1, 4.6, 0.38, 28, 24, 2768, 4712
5, 1, 4.8, 0.38, 28, 24, 3116, 5092
5, 1, 2, 0.4, 28, 24, 0, 0
5, 1, 2.2, 0.4, 28, 24, 0, 0
5, 1, 2.4, 0.4, 28, 24, 0, 0
5, 1, 2.6, 0.4, 28, 24, 115, 169
5, 1, 2.8, 0.4, 28, 24, 383, 624
5, 1, 3, 0.4, 28, 24, 649, 1068
5, 1, 3.2, 0.4, 28, 24, 936, 1504
5, 1, 3.4, 0.4, 28, 24, 1255, 1904
5, 1, 3.6, 0.4, 28, 24, 1600, 2280
5, 1, 3.8, 0.4, 28, 24, 1853, 2743
5, 1, 4, 0.4, 28, 24, 2097, 3233
5, 1, 4.2, 0.4, 28, 24, 2417, 3632
5, 1, 4.4, 0.4, 28, 24, 2722, 4028
5, 1, 4.6, 0.4, 28, 24, 2938, 4536
5, 1, 4.8, 0.4, 28, 24, 3215, 4984
5, 1, 2, 0.42, 28, 24, 0, 1
5, 1, 2.2, 0.42, 28, 24, 0, 0
5, 1, 2.4, 0.42, 28, 24, 0, 1
5, 1, 2.6, 0.42, 28, 24, 103, 176
5, 1, 2.8, 0.42, 28, 24, 433, 560
5, 1, 3, 0.42, 28, 24, 718, 1006
5, 1, 3.2, 0.42, 28, 24, 1025, 1420
5, 1, 3.4, 0.42, 28, 24, 1329, 1822
5, 1, 3.6, 0.42, 28, 24, 1609, 2267
5, 1, 3.8, 0.42, 28, 24, 1934, 2654
5, 1, 4, 0.42, 28, 24, 2178, 3137
5, 1, 4.2, 0.42, 28, 24, 2517, 3509
5, 1, 4.4, 0.42, 28, 24, 2904, 3848
5, 1, 4.6, 0.42, 28, 24, 3161, 4303
5, 1, 4.8, 0.42, 28, 24, 3430, 4766
5, 1, 2, 0.44, 28, 24, 0, 0
5, 1, 2.2, 0.44, 28, 24, 0, 1
5, 1, 2.4, 0.44, 28, 24, 0, 1
5, 1, 2.6, 0.44, 28, 24, 128, 143
5, 1, 2.8, 0.44, 28, 24, 455, 537
5, 1, 3, 0.44, 28, 24, 785, 925
5, 1, 3.2, 0.44, 28, 24, 1040, 1384
5, 1, 3.4, 0.44, 28, 24, 1404, 1741
5, 1, 3.6, 0.44, 28, 24, 1677, 2186
5, 1, 3.8, 0.44, 28, 24, 2033, 2555
5, 1, 4, 0.44, 28, 24, 2371, 2937
5, 1, 4.2, 0.44, 28, 24, 2687, 3338
5, 1, 4.4, 0.44, 28, 24, 2985, 3768
5, 1, 4.6, 0.44, 28, 24, 3256, 4220
5, 1, 4.8, 0.44, 28, 24, 3536, 4643
5, 1, 2, 0.46, 28, 24, 0, 0
5, 1, 2.2, 0.46, 28, 24, 0, 0
5, 1, 2.4, 0.46, 28, 24, 0, 1
5, 1, 2.6, 0.46, 28, 24, 117, 151
5, 1, 2.8, 0.46, 28, 24, 434, 553
5, 1, 3, 0.46, 28, 24, 783, 917
5, 1, 3.2, 0.46, 28, 24, 1148, 1281
5, 1, 3.4, 0.46, 28, 24, 1495, 1659
5, 1, 3.6, 0.46, 28, 24, 1777, 2081
5, 1, 3.8, 0.46, 28, 24, 2095, 2496
5, 1, 4, 0.46, 28, 24, 2420, 2883
5, 1, 4.2, 0.46, 28, 24, 2740, 3280
5, 1, 4.4, 0.46, 28, 24, 3125, 3626
5, 1, 4.6, 0.46, 28, 24, 3429, 4036
5, 1, 4.8, 0.46, 28, 24, 3843, 4349
5, 1, 2, 0.48, 28, 24, 0, 0
5, 1, 2.2, 0.48, 28, 24, 0, 0
5, 1, 2.4, 0.48, 28, 24, 1, 0
5, 1, 2.6, 0.48, 28, 24, 121, 139
5, 1, 2.8, 0.48, 28, 24, 473, 509
5, 1, 3, 0.48, 28, 24, 822, 892
5, 1, 3.2, 0.48, 28, 24, 1192, 1231
5, 1, 3.4, 0.48, 28, 24, 1516, 1634
5, 1, 3.6, 0.48, 28, 24, 1821, 2042
5, 1, 3.8, 0.48, 28, 24, 2147, 2439
5, 1, 4, 0.48, 28, 24, 2497, 2802
5, 1, 4.2, 0.48, 28, 24, 2889, 3126
5, 1, 4.4, 0.48, 28, 24, 3215, 3528
5, 1, 4.6, 0.48, 28, 24, 3649, 3809
5, 1, 4.8, 0.48, 28, 24, 3866, 4304
5, 1, 2, 0.5, 28, 24, 0, 0
5, 1, 2.2, 0.5, 28, 24, 0, 1
5, 1, 2.4, 0.5, 28, 24, 0, 0
5, 1, 2.6, 0.5, 28, 24, 155, 120
5, 1, 2.8, 0.5, 28, 24, 464, 516
5, 1, 3, 0.5, 28, 24, 807, 892
5, 1, 3.2, 0.5, 28, 24, 1200, 1216
5, 1, 3.4, 0.5, 28, 24, 1592, 1559
5, 1, 3.6, 0.5, 28, 24, 1930, 1922
5, 1, 3.8, 0.5, 28, 24, 2343, 2231
5, 1, 4, 0.5, 28, 24, 2672, 2644
5, 1, 4.2, 0.5, 28, 24, 3034, 2993
5, 1, 4.4, 0.5, 28, 24, 3393, 3341
5, 1, 4.6, 0.5, 28, 24, 3641, 3819
5, 1, 4.8, 0.5, 28, 24, 4069, 4104
5, 1, 2, 0.52, 28, 24, 0, 0
5, 1, 2.2, 0.52, 28, 24, 0, 0
5, 1, 2.4, 0.52, 28, 24, 0, 1
5, 1, 2.6, 0.52, 28, 24, 120, 125
5, 1, 2.8, 0.52, 28, 24, 509, 454
5, 1, 3, 0.52, 28, 24, 882, 827
5, 1, 3.2, 0.52, 28, 24, 1225, 1193
5, 1, 3.4, 0.52, 28, 24, 1623, 1509
5, 1, 3.6, 0.52, 28, 24, 2024, 1824
5, 1, 3.8, 0.52, 28, 24, 2399, 2182
5, 1, 4, 0.52, 28, 24, 2745, 2552
5, 1, 4.2, 0.52, 28, 24, 3190, 2826
5, 1, 4.4, 0.52, 28, 24, 3505, 3233
5, 1, 4.6, 0.52, 28, 24, 3911, 3540
5, 1, 4.8, 0.52, 28, 24, 4272, 3901
5, 1, 2, 0.54, 28, 24, 0, 0
5, 1, 2.2, 0.54, 28, 24, 0, 0
5, 1, 2.4, 0.54, 28, 24, 1, 0
5, 1, 2.6, 0.54, 28, 24, 135, 113
5, 1, 2.8, 0.54, 28, 24, 517, 459
5, 1, 3, 0.54, 28, 24, 924, 771
5, 1, 3.2, 0.54, 28, 24, 1283, 1124
5, 1, 3.4, 0.54, 28, 24, 1711, 1430
5, 1, 3.6, 0.54, 28, 24, 2079, 1776
5, 1, 3.8, 0.54, 28, 24, 2453, 2115
5, 1, 4, 0.54, 28, 24, 2837, 2466
5, 1, 4.2, 0.54, 28, 24, 3193, 2811
5, 1, 4.4, 0.54, 28, 24, 3649, 3096
5, 1, 4.6, 0.54, 28, 24, 4065, 3379
5, 1, 4.8, 0.54, 28, 24, 4323, 3846
5, 1, 2, 0.56, 28, 24, 0, 0
5, 1, 2.2, 0.56, 28, 24, 0, 0
5, 1, 2.4, 0.56, 28, 24, 0, 0
5, 1, 2.6, 0.56, 28, 24, 142, 102
5, 1, 2.8, 0.56, 28, 24, 535, 431
5, 1, 3, 0.56, 28, 24, 946, 731
5, 1, 3.2, 0.56, 28, 24, 1306, 1101
5, 1, 3.4, 0.56, 28, 24, 1795, 1334
5, 1, 3.6, 0.56, 28, 24, 2137, 1701
5, 1, 3.8, 0.56, 28, 24, 2591, 1988
5, 1, 4, 0.56, 28, 24, 2974, 2303
5, 1, 4.2, 0.56, 28, 24, 3305, 2704
5, 1, 4.4, 0.56, 28, 24, 3729, 3003
5, 1, 4.6, 0.56, 28, 24, 4086, 3356
5, 1, 4.8, 0.56, 28, 24, 4555, 3608
5, 1, 2, 0.58, 28, 24, 0, 0
5, 1, 2.2, 0.58, 28, 24, 0, 0
5, 1, 2.4, 0.58, 28, 24, 0, 0
5, 1, 2.6, 0.58, 28, 24, 148, 95
5, 1, 2.8, 0.58, 28, 24, 577, 392
5, 1, 3, 0.58, 28, 24, 972, 711
5, 1, 3.2, 0.58, 28, 24, 1387, 1023
5, 1, 3.4, 0.58, 28, 24, 1826, 1289
5, 1, 3.6, 0.58, 28, 24, 2174, 1664
5, 1, 3.8, 0.58, 28, 24, 2580, 1977
5, 1, 4, 0.58, 28, 24, 3097, 2186
5, 1, 4.2, 0.58, 28, 24, 3470, 2537
5, 1, 4.4, 0.58, 28, 24, 3893, 2829
5, 1, 4.6, 0.58, 28, 24, 4374, 3062
5, 1, 4.8, 0.58, 28, 24, 4785, 3367
5, 1, 2, 0.6, 28, 24, 0, 0
5, 1, 2.2, 0.6, 28, 24, 0, 0
5, 1, 2.4, 0.6, 28, 24, 1, 0
5, 1, 2.6, 0.6, 28, 24, 142, 104
5, 1, 2.8, 0.6, 28, 24, 595, 364
5, 1, 3, 0.6, 28, 24, 965, 699
5, 1, 3.2, 0.6, 28, 24, 1422, 988
5, 1, 3.4, 0.6, 28, 24, 1889, 1224
5, 1, 3.6, 0.6, 28, 24, 2319, 1523
5, 1, 3.8, 0.6, 28, 24, 2724, 1845
5, 1, 4, 0.6, 28, 24, 3204, 2074
5, 1, 4.2, 0.6, 28, 24, 3576, 2413
5, 1, 4.4, 0.6, 28, 24, 4036, 2684
5, 1, 4.6, 0.6, 28, 24, 4347, 3093
5, 1, 4.8, 0.6, 28, 24, 4894, 3250
5, 1, 2, 0.62, 28, 24, 0, 0
5, 1, 2.2, 0.62, 28, 24, 0, 0
5, 1, 2.4, 0.62, 28, 24, 0, 0
5, 1, 2.6, 0.62, 28, 24, 147, 84
5, 1, 2.8, 0.62, 28, 24, 590, 359
5, 1, 3, 0.62, 28, 24, 1026, 646
5, 1, 3.2, 0.62, 28, 24, 1481, 902
5, 1, 3.4, 0.62, 28, 24, 1909, 1201
5, 1, 3.6, 0.62, 28, 24, 2415, 1430
5, 1, 3.8, 0.62, 28, 24, 2872, 1697
5, 1, 4, 0.62, 28, 24, 3256, 2009
5, 1, 4.2, 0.62, 28, 24, 3690, 2306
5, 1, 4.4, 0.62, 28, 24, 4212, 2504
5, 1, 4.6, 0.62, 28, 24, 4606, 2833
5, 1, 4.8, 0.62, 28, 24, 5026, 3123
5, 1, 2, 0.64, 28, 24, 0, 1
5, 1, 2.2, 0.64, 28, 24, 0, 0
5, 1, 2.4, 0.64, 28, 24, 1, 0
5, 1, 2.6, 0.64, 28, 24, 146, 90
5, 1, 2.8, 0.64, 28, 24, 587, 363
5, 1, 3, 0.64, 28, 24, 1090, 581
5, 1, 3.2, 0.64, 28, 24, 1545, 851
5, 1, 3.4, 0.64, 28, 24, 1997, 1107
5, 1, 3.6, 0.64, 28, 24, 2474, 1364
5, 1, 3.8, 0.64, 28, 24, 2905, 1630
5, 1, 4, 0.64, 28, 24, 3401, 1866
5, 1, 4.2, 0.64, 28, 24, 3847, 2155
5, 1, 4.4, 0.64, 28, 24, 4283, 2430
5, 1, 4.6, 0.64, 28, 24, 4764, 2666
5, 1, 4.8, 0.64, 28, 24, 5269, 2889
5, 1, 2, 0.66, 28, 24, 0, 0
5, 1, 2.2, 0.66, 28, 24, 0, 0
5, 1, 2.4, 0.66, 28, 24, 0, 0
5, 1, 2.6, 0.66, 28, 24, 154, 76
5, 1, 2.8, 0.66, 28, 24, 632, 312
5, 1, 3, 0.66, 28, 24, 1102, 566
5, 1, 3.2, 0.66, 28, 24, 1587, 798
5, 1, 3.4, 0.66, 28, 24, 2041, 1069
5, 1, 3.6, 0.66, 28, 24, 2518, 1313
5, 1, 3.8, 0.66, 28, 24, 2975, 1568
5, 1, 4, 0.66, 28, 24, 3461, 1808
5, 1, 4.2, 0.66, 28, 24, 3998, 1992
5, 1, 4.4, 0.66, 28, 24, 4349, 2361
5, 1, 4.6, 0.66, 28, 24, 4993, 2432
5, 1, 4.8, 0.66, 28, 24, 5415, 2730
5, 1, 2, 0.68, 28, 24, 0, 0
5, 1, 2.2, 0.68, 28, 24, 0, 0
5, 1, 2.4, 0.68, 28, 24, 0, 0
5, 1, 2.6, 0.68, 28, 24, 146, 80
5, 1, 2.8, 0.68, 28, 24, 632, 314
5, 1, 3, 0.68, 28, 24, 1128, 540
5, 1, 3.2, 0.68, 28, 24, 1624, 754
5, 1, 3.4, 0.68, 28, 24, 2112, 1001
5, 1, 3.6, 0.68, 28, 24, 2583, 1241
5, 1, 3.8, 0.68, 28, 24, 3102, 1436
5, 1, 4, 0.68, 28, 24, 3577, 1689
5, 1, 4.2, 0.68, 28, 24, 4072, 1909
5, 1, 4.4, 0.68, 28, 24, 4559, 2148
5, 1, 4.6, 0.68, 28, 24, 5024, 2396
5, 1, 4.8, 0.68, 28, 24, 5583, 2553
5, 1, 2, 0.7, 28, 24, 0, 0
5, 1, 2.2, 0.7, 28, 24, 0, 0
5, 1, 2.4, 0.7, 28, 24, 0, 0
5, 1, 2.6, 0.7, 28, 24, 150, 66
5, 1, 2.8, 0.7, 28, 24, 656, 286
5, 1, 3, 0.7, 28, 24, 1171, 492
5, 1, 3.2, 0.7, 28, 24, 1654, 728
5, 1, 3.4, 0.7, 28, 24, 2195, 904
5, 1, 3.6, 0.7, 28, 24, 2608, 1204
5, 1, 3.8, 0.7, 28, 24, 3241, 1304
5, 1, 4, 0.7, 28, 24, 3754, 1519
5, 1, 4.2, 0.7, 28, 24, 4183, 1795
5, 1, 4.4, 0.7, 28, 24, 4662, 2028
5, 1, 4.6, 0.7, 28, 24, 5201, 2228
5, 1, 4.8, 0.7, 28, 24, 5591, 2545
5, 1, 2, 0.72, 28, 24, 0, 0
5, 1, 2.2, 0.72, 28, 24, 0, 0
5, 1, 2.4, 0.72, 28, 24, 1, 0
5, 1, 2.6, 0.72, 28, 24, 158, 58
5, 1, 2.8, 0.72, 28, 24, 679, 254
5, 1, 3, 0.72, 28, 24, 1191, 477
5, 1, 3.2, 0.72, 28, 24, 1724, 651
5, 1, 3.4, 0.72, 28, 24, 2237, 863
5, 1, 3.6, 0.72, 28, 24, 2754, 1070
5, 1, 3.8, 0.72, 28, 24, 3238, 1305
5, 1, 4, 0.72, 28, 24, 3679, 1577
5, 1, 4.2, 0.72, 28, 24, 4299, 1686
5, 1, 4.4, 0.72, 28, 24, 4808, 1891
5, 1, 4.6, 0.72, 28, 24, 5324, 2098
5, 1, 4.8, 0.72, 28, 24, 5916, 2226
5, 1, 2, 0.74, 28, 24, 0, 0
5, 1, 2.2, 0.74, 28, 24, 0, 0
5, 1, 2.4, 0.74, 28, 24, 0, 0
5, 1, 2.6, 0.74, 28, 24, 153, 65
5, 1, 2.8, 0.74, 28, 24, 669, 262
5, 1, 3, 0.74, 28, 24, 1226, 427
5, 1, 3.2, 0.74, 28, 24, 1762, 610
5, 1, 3.4, 0.74, 28, 24, 2225, 875
5, 1, 3.6, 0.74, 28, 24, 2810, 993
5, 1, 3.8, 0.74, 28, 24, 3351, 1200
5, 1, 4, 0.74, 28, 24, 3906, 1341
5, 1, 4.2, 0.74, 28, 24, 4439, 1534
5, 1, 4.4, 0.74, 28, 24, 4929, 1771
5, 1, 4.6, 0.74, 28, 24, 5484, 1924
5, 1, 4.8, 0.74, 28, 24, 6081, 2042
5, 1, 2, 0.76, 28, 24, 0, 0
5, 1, 2.2, 0.76, 28, 24, 0, 0
5, 1, 2.4, 0.76, 28, 24, 0, 0
5, 1, 2.6, 0.76, 28, 24, 141, 55
5, 1, 2.8, 0.76, 28, 24, 702, 225
5, 1, 3, 0.76, 28, 24, 1247, 399
5, 1, 3.2, 0.76, 28, 24, 1832, 533
5, 1, 3.4, 0.76, 28, 24, 2329, 764
5, 1, 3.6, 0.76, 28, 24, 2913, 896
5, 1, 3.8, 0.76, 28, 24, 3394, 1130
5, 1, 4, 0.76, 28, 24, 3975, 1277
5, 1, 4.2, 0.76, 28, 24, 4526, 1437
5, 1, 4.4, 0.76, 28, 24, 5047, 1646
5, 1, 4.6, 0.76, 28, 24, 5649, 1768
5, 1, 4.8, 0.76, 28, 24, 6216, 1918
5, 1, 2, 0.78, 28, 24, 0, 0
5, 1, 2.2, 0.78, 28, 24, 0, 0
5, 1, 2.4, 0.78, 28, 24, 0, 0
5, 1, 2.6, 0.78, 28, 24, 158, 47
5, 1, 2.8, 0.78, 28, 24, 723, 207
5, 1, 3, 0.78, 28, 24, 1311, 342
5, 1, 3.2, 0.78, 28, 24, 1861, 509
5, 1, 3.4, 0.78, 28, 24, 2416, 661
5, 1, 3.6, 0.78, 28, 24, 2950, 841
5, 1, 3.8, 0.78, 28, 24, 3528, 1004
5, 1, 4, 0.78, 28, 24, 4062, 1181
5, 1, 4.2, 0.78, 28, 24, 4659, 1325
5, 1, 4.4, 0.78, 28, 24, 5223, 1469
5, 1, 4.6, 0.78, 28, 24, 5780, 1631
5, 1, 4.8, 0.78, 28, 24, 6351, 1778
5, 1, 2, 0.8, 28, 24, 0, 0
5, 1, 2.2, 0.8, 28, 24, 0, 0
5, 1, 2.4, 0.8, 28, 24, 0, 0
5, 1, 2.6, 0.8, 28, 24, 160, 52
5, 1, 2.8, 0.8, 28, 24, 710, 205
5, 1, 3, 0.8, 28, 24, 1297, 338
5, 1, 3.2, 0.8, 28, 24, 1879, 488
5, 1, 3.4, 0.8, 28, 24, 2433, 643
5, 1, 3.6, 0.8, 28, 24, 3012, 775
5, 1, 3.8, 0.8, 28, 24, 3587, 936
5, 1, 4, 0.8, 28, 24, 4183, 1049
5, 1, 4.2, 0.8, 28, 24, 4767, 1198
5, 1, 4.4, 0.8, 28, 24, 5312, 1366
5, 1, 4.6, 0.8, 28, 24, 5899, 1511
5, 1, 4.8, 0.8, 28, 24, 6513, 1615
5, 1, 2, 0.82, 28, 24, 0, 0
5, 1, 2.2, 0.82, 28, 24, 0, 0
5, 1, 2.4, 0.82, 28, 24, 1, 0
5, 1, 2.6, 0.82, 28, 24, 163, 45
5, 1, 2.8, 0.82, 28, 24, 772, 160
5, 1, 3, 0.82, 28, 24, 1342, 294
5, 1, 3.2, 0.82, 28, 24, 1914, 448
5, 1, 3.4, 0.82, 28, 24, 2489, 582
5, 1, 3.6, 0.82, 28, 24, 3113, 687
5, 1, 3.8, 0.82, 28, 24, 3680, 853
5, 1, 4, 0.82, 28, 24, 4256, 978
5, 1, 4.2, 0.82, 28, 24, 4862, 1097
5, 1, 4.4, 0.82, 28, 24, 5427, 1253
5, 1, 4.6, 0.82, 28, 24, 6089, 1307
5, 1, 4.8, 0.82, 28, 24, 6646, 1464
5, 1, 2, 0.84, 28, 24, 0, 0
5, 1, 2.2, 0.84, 28, 24, 0, 0
5, 1, 2.4, 0.84, 28, 24, 1, 0
5, 1, 2.6, 0.84, 28, 24, 167, 29
5, 1, 2.8, 0.84, 28, 24, 764, 155
5, 1, 3, 0.84, 28, 24, 1384, 259
5, 1, 3.2, 0.84, 28, 24, 2007, 358
5, 1, 3.4, 0.84, 28, 24, 2571, 501
5, 1, 3.6, 0.84, 28, 24, 3148, 651
5, 1, 3.8, 0.84, 28, 24, 3783, 721
5, 1, 4, 0.84, 28, 24, 4367, 860
5, 1, 4.2, 0.84, 28, 24, 5006, 952
5, 1, 4.4, 0.84, 28, 24, 5601, 1070
5, 1, 4.6, 0.84, 28, 24, 6215, 1185
5, 1, 4.8, 0.84, 28, 24, 6852, 1264
5, 1, 2, 0.86, 28, 24, 0, 0
5, 1, 2.2, 0.86, 28, 24, 1, 0
5, 1, 2.4, 0.86, 28, 24, 1, 0
5, 1, 2.6, 0.86, 28, 24, 172, 29
5, 1, 2.8, 0.86, 28, 24, 803, 133
5, 1, 3, 0.86, 28, 24, 1430, 209
5, 1, 3.2, 0.86, 28, 24, 2005, 349
5, 1, 3.4, 0.86, 28, 24, 2632, 451
5, 1, 3.6, 0.86, 28, 24, 3241, 550
5, 1, 3.8, 0.86, 28, 24, 3838, 667
5, 1, 4, 0.86, 28, 24, 4513, 719
5, 1, 4.2, 0.86, 28, 24, 5108, 835
5, 1, 4.4, 0.86, 28, 24, 5726, 947
5, 1, 4.6, 0.86, 28, 24, 6371, 1031
5, 1, 4.8, 0.86, 28, 24, 7008, 1113
5, 1, 2, 0.88, 28, 24, 0, 0
5, 1, 2.2, 0.88, 28, 24, 0, 0
5, 1, 2.4, 0.88, 28, 24, 0, 0
5, 1, 2.6, 0.88, 28, 24, 165, 17
5, 1, 2.8, 0.88, 28, 24, 793, 116
5, 1, 3, 0.88, 28, 24, 1444, 185
5, 1, 3.2, 0.88, 28, 24, 2055, 295
5, 1, 3.4, 0.88, 28, 24, 2689, 379
5, 1, 3.6, 0.88, 28, 24, 3321, 470
5, 1, 3.8, 0.88, 28, 24, 3959, 544
5, 1, 4, 0.88, 28, 24, 4581, 641
5, 1, 4.2, 0.88, 28, 24, 5227, 727
5, 1, 4.4, 0.88, 28, 24, 5857, 806
5, 1, 4.6, 0.88, 28, 24, 6534, 859
5, 1, 4.8, 0.88, 28, 24, 7162, 949
5, 1, 2, 0.9, 28, 24, 0, 0
5, 1, 2.2, 0.9, 28, 24, 0, 0
5, 1, 2.4, 0.9, 28, 24, 1, 0
5, 1, 2.6, 0.9, 28, 24, 159, 22
5, 1, 2.8, 0.9, 28, 24, 814, 92
5, 1, 3, 0.9, 28, 24, 1476, 148
5, 1, 3.2, 0.9, 28, 24, 2130, 225
5, 1, 3.4, 0.9, 28, 24, 2787, 277
5, 1, 3.6, 0.9, 28, 24, 3414, 382
5, 1, 3.8, 0.9, 28, 24, 4023, 483
5, 1, 4, 0.9, 28, 24, 4681, 541
5, 1, 4.2, 0.9, 28, 24, 5348, 609
5, 1, 4.4, 0.9, 28, 24, 6010, 665
5, 1, 4.6, 0.9, 28, 24, 6684, 705
5, 1, 4.8, 0.9, 28, 24, 7302, 817
5, 1, 2, 0.92, 28, 24, 0, 0
5, 1, 2.2, 0.92, 28, 24, 0, 0
5, 1, 2.4, 0.92, 28, 24, 0, 0
5, 1, 2.6, 0.92, 28, 24, 162, 20
5, 1, 2.8, 0.92, 28, 24, 830, 77
5, 1, 3, 0.92, 28, 24, 1514, 114
5, 1, 3.2, 0.92, 28, 24, 2166, 178
5, 1, 3.4, 0.92, 28, 24, 2793, 263
5, 1, 3.6, 0.92, 28, 24, 3472, 303
5, 1, 3.8, 0.92, 28, 24, 4155, 367
5, 1, 4, 0.92, 28, 24, 4813, 411
5, 1, 4.2, 0.92, 28, 24, 5499, 439
5, 1, 4.4, 0.92, 28, 24, 6121, 543
5, 1, 4.6, 0.92, 28, 24, 6779, 596
5, 1, 4.8, 0.92, 28, 24, 7401, 709
5, 1, 2, 0.94, 28, 24, 0, 0
5, 1, 2.2, 0.94, 28, 24, 0, 0
5, 1, 2.4, 0.94, 28, 24, 1, 0
5, 1, 2.6, 0.94, 28, 24, 187, 6
5, 1, 2.8, 0.94, 28, 24, 835, 53
5, 1, 3, 0.94, 28, 24, 1502, 99
5, 1, 3.2, 0.94, 28, 24, 2187, 156
5, 1, 3.4, 0.94, 28, 24, 2884, 173
5, 1, 3.6, 0.94, 28, 24, 3572, 208
5, 1, 3.8, 0.94, 28, 24, 4246, 243
5, 1, 4, 0.94, 28, 24, 4919, 309
5, 1, 4.2, 0.94, 28, 24, 5592, 346
5, 1, 4.4, 0.94, 28, 24, 6254, 401
5, 1, 4.6, 0.94, 28, 24, 6938, 422
5, 1, 4.8, 0.94, 28, 24, 7581, 504
5, 1, 2, 0.96, 28, 24, 0, 0
5, 1, 2.2, 0.96, 28, 24, 0, 0
5, 1, 2.4, 0.96, 28, 24, 0, 0
5, 1, 2.6, 0.96, 28, 24, 177, 3
5, 1, 2.8, 0.96, 28, 24, 865, 27
5, 1, 3, 0.96, 28, 24, 1535, 72
5, 1, 3.2, 0.96, 28, 24, 2258, 82
5, 1, 3.4, 0.96, 28, 24, 2918, 134
5, 1, 3.6, 0.96, 28, 24, 3634, 138
5, 1, 3.8, 0.96, 28, 24, 4322, 170
5, 1, 4, 0.96, 28, 24, 4997, 219
5, 1, 4.2, 0.96, 28, 24, 5706, 220
5, 1, 4.4, 0.96, 28, 24, 6362, 296
5, 1, 4.6, 0.96, 28, 24, 7089, 296
5, 1, 4.8, 0.96, 28, 24, 7765, 336
5, 1, 2, 0.98, 28, 24, 0, 0
5, 1, 2.2, 0.98, 28, 24, 0, 0
5, 1, 2.4, 0.98, 28, 24, 1, 0
5, 1, 2.6, 0.98, 28, 24, 182, 5
5, 1, 2.8, 0.98, 28, 24, 878, 19
5, 1, 3, 0.98, 28, 24, 1569, 41
5, 1, 3.2, 0.98, 28, 24, 2317, 35
5, 1, 3.4, 0.98, 28, 24, 2997, 59
5, 1, 3.6, 0.98, 28, 24, 3708, 70
5, 1, 3.8, 0.98, 28, 24, 4387, 107
5, 1, 4, 0.98, 28, 24, 5107, 94
5, 1, 4.2, 0.98, 28, 24, 5826, 115
5, 1, 4.4, 0.98, 28, 24, 6507, 148
5, 1, 4.6, 0.98, 28, 24, 7245, 130
5, 1, 4.8, 0.98, 28, 24, 7921, 163
5, 2, 2, 0, 28, 24, 0, 1855
5, 2, 2.2, 0, 28, 24, 0, 2574
5, 2, 2.4, 0, 28, 24, 0, 3293
5, 2, 2.6, 0, 28, 24, 0, 4022
5, 2, 2.8, 0, 28, 24, 0, 4735
5, 2, 3, 0, 28, 24, 0, 5464
5, 2, 3.2, 0, 28, 24, 0, 6179
5, 2, 3.4, 0, 28, 24, 0, 6894
5, 2, 3.6, 0, 28, 24, 0, 7613
5, 2, 3.8, 0, 28, 24, 0, 8336
5, 2, 4, 0, 28, 24, 0, 9051
5, 2, 4.2, 0, 28, 24, 0, 9777
5, 2, 4.4, 0, 28, 24, 0, 10490
5, 2, 4.6, 0, 28, 24, 0, 11208
5, 2, 4.8, 0, 28, 24, 0, 11938
5, 2, 2, 0.02, 28, 24, 0, 1708
5, 2, 2.2, 0.02, 28, 24, 0, 2409
5, 2, 2.4, 0.02, 28, 24, 0, 3110
5, 2, 2.6, 0.02, 28, 24, 0, 3796
5, 2, 2.8, 0.02, 28, 24, 0, 4538
5, 2, 3, 0.02, 28, 24, 0, 5270
5, 2, 3.2, 0.02, 28, 24, 0, 5951
5, 2, 3.4, 0.02, 28, 24, 0, 6679
5, 2, 3.6, 0.02, 28, 24, 0, 7362
5, 2, 3.8, 0.02, 28, 24, 0, 8063
5, 2, 4, 0.02, 28, 24, 0, 8750
5, 2, 4.2, 0.02, 28, 24, 0, 9468
5, 2, 4.4, 0.02, 28, 24, 0, 10164
5, 2, 4.6, 0.02, 28, 24, 0, 10918
5, 2, 4.8, 0.02, 28, 24, 0, 11592
5, 2, 2, 0.04, 28, 24, 0, 1565
5, 2, 2.2, 0.04, 28, 24, 0, 2255
5, 2, 2.4, 0.04, 28, 24, 0, 2921
5, 2, 2.6, 0.04, 28, 24, 0, 3646
5, 2, 2.8, 0.04, 28, 24, 0, 4338
5, 2, 3, 0.04, 28, 24, 0, 5021
5, 2, 3.2, 0.04, 28, 24, 0, 5729
5, 2, 3.4, 0.04, 28, 24, 0, 6422
5, 2, 3.6, 0.04, 28, 24, 0, 7080
5, 2, 3.8, 0.04, 28, 24, 0, 7780
5, 2, 4, 0.04, 28, 24, 0, 8507
5, 2, 4.2, 0.04, 28, 24, 0, 9188
5, 2, 4.4, 0.04, 28, 24, 0, 9858
5, 2, 4.6, 0.04, 28, 24, 0, 10532
5, 2, 4.8, 0.04, 28, 24, 0, 11238
5, 2, 2, 0.06, 28, 24, 0, 1427
5, 2, 2.2, 0.06, 28, 24, 0, 2105
5, 2, 2.4, 0.06, 28, 24, 0, 2796
5, 2, 2.6, 0.06, 28, 24, 0, 3454
5, 2, 2.8, 0.06, 28, 24, 0, 4108
5, 2, 3, 0.06, 28, 24, 0, 4834
5, 2, 3.2, 0.06, 28, 24, 0, 5456
5, 2, 3.4, 0.06, 28, 24, 0, 6181
5, 2, 3.6, 0.06, 28, 24, 0, 6807
5, 2, 3.8, 0.06, 28, 24, 0, 7553
5, 2, 4, 0.06, 28, 24, 0, 8244
5, 2, 4.2, 0.06, 28, 24, 0, 8882
5, 2, 4.4, 0.06, 28, 24, 0, 9561
5, 2, 4.6, 0.06, 28, 24, 0, 10208
5, 2, 4.8, 0.06, 28, 24, 0, 10922
5, 2, 2, 0.08, 28, 24, 0, 1266
5, 2, 2.2, 0.08, 28, 24, 0, 1918
5, 2, 2.4, 0.08, 28, 24, 0, 2616
5, 2, 2.6, 0.08, 28, 24, 0, 3258
5, 2, 2.8, 0.08, 28, 24, 0, 3930
5, 2, 3, 0.08, 28, 24, 0, 4572
5, 2, 3.2, 0.08, 28, 24, 0, 5263
5, 2, 3.4, 0.08, 28, 24, 0, 5936
5, 2, 3.6, 0.08, 28, 24, 0, 6570
5, 2, 3.8, 0.08, 28, 24, 0, 7238
5, 2, 4, 0.08, 28, 24, 0, 7904
5, 2, 4.2, 0.08, 28, 24, 0, 8549
5, 2, 4.4, 0.08, 28, 24, 0, 9246
5, 2, 4.6, 0.08, 28, 24, 0, 9951
5, 2, 4.8, 0.08, 28, 24, 0, 10502
5, 2, 2, 0.1, 28, 24, 0, 1136
5, 2, 2.2, 0.1, 28, 24, 0, 1782
5, 2, 2.4, 0.1, 28, 24, 0, 2397
5, 2, 2.6, 0.1, 28, 24, 0, 3092
5, 2, 2.8, 0.1, 28, 24, 0, 3744
5, 2, 3, 0.1, 28, 24, 1, 4357
5, 2, 3.2, 0.1, 28, 24, 0, 5029
5, 2, 3.4, 0.1, 28, 24, 0, 5628
5, 2, 3.6, 0.1, 28, 24, 0, 6332
5, 2, 3.8, 0.1, 28, 24, 0, 7023
5, 2, 4, 0.1, 28, 24, 0, 7638
5, 2, 4.2, 0.1, 28, 24, 0, 8247
5, 2, 4.4, 0.1, 28, 24, 0, 8908
5, 2, 4.6, 0.1, 28, 24, 0, 9528
5, 2, 4.8, 0.1, 28, 24, 0, 10196
5, 2, 2, 0.12, 28, 24, 0, 950
5, 2, 2.2, 0.12, 28, 24, 0, 1643
5, 2, 2.4, 0.12, 28, 24, 0, 2245
5, 2, 2.6, 0.12, 28, 24, 0, 2881
5, 2, 2.8, 0.12, 28, 24, 0, 3504
5, 2, 3, 0.12, 28, 24, 0, 4131
5, 2, 3.2, 0.12, 28, 24, 0, 4802
5, 2, 3.4, 0.12, 28, 24, 0, 5388
5, 2, 3.6, 0.12, 28, 24, 0, 6082
5, 2, 3.8, 0.12, 28, 24, 0, 6709
5, 2, 4, 0.12, 28, 24, 0, 7344
5, 2, 4.2, 0.12, 28, 24, 0, 7975
5, 2, 4.4, 0.12, 28, 24, 0, 8548
5, 2, 4.6, 0.12, 28, 24, 0, 9277
5, 2, 4.8, 0.12, 28, 24, 0, 9770
5, 2, 2, 0.14, 28, 24, 0, 873
5, 2, 2.2, 0.14, 28, 24, 0, 1480
5, 2, 2.4, 0.14, 28, 24, 0, 2094
5, 2, 2.6, 0.14, 28, 24, 0, 2680
5, 2, 2.8, 0.14, 28, 24, 0, 3358
5, 2, 3, 0.14, 28, 24, 0, 4000
5, 2, 3.2, 0.14, 28, 24, 0, 4587
5, 2, 3.4, 0.14, 28, 24, 0, 5106
5, 2, 3.6, 0.14, 28, 24, 0, 5783
5, 2, 3.8, 0.14, 28, 24, 0, 6348
5, 2, 4, 0.14, 28, 24, 0, 6986
5, 2, 4.2, 0.14, 28, 24, 0, 7605
5, 2, 4.4, 0.14, 28, 24, 0, 8225
5, 2, 4.6, 0.14, 28, 24, 0, 8934
5, 2, 4.8, 0.14, 28, 24, 0, 9643
5, 2, 2, 0.16, 28, 24, 0, 714
5, 2, 2.2, 0.16, 28, 24, 0, 1305
5, 2, 2.4, 0.16, 28, 24, 0, 1925
5, 2, 2.6, 0.16, 28, 24, 0, 2482
5, 2, 2.8, 0.16, 28, 24, 0, 3115
5, 2, 3, 0.16, 28, 24, 0, 3686
5, 2, 3.2, 0.16, 28, 24, 0, 4404
5, 2, 3.4, 0.16, 28, 24, 0, 4916
5, 2, 3.6, 0.16, 28, 24, 0, 5586
5, 2, 3.8, 0.16, 28, 24, 0, 6189
5, 2, 4, 0.16, 28, 24, 1, 6766
5, 2, 4.2, 0.16, 28, 24, 0, 7331
5, 2, 4.4, 0.16, 28, 24, 0, 7900
5, 2, 4.6, 0.16, 28, 24, 4, 8542
5, 2, 4.8, 0.16, 28, 24, 0, 9130
5, 2, 2, 0.18, 28, 24, 0, 575
5, 2, 2.2, 0.18, 28, 24, 0, 1185
5, 2, 2.4, 0.18, 28, 24, 0, 1723
5, 2, 2.6, 0.18, 28, 24, 0, 2279
5, 2, 2.8, 0.18, 28, 24, 0, 2889
5, 2, 3, 0.18, 28, 24, 0, 3540
5, 2, 3.2, 0.18, 28, 24, 0, 4156
5, 2, 3.4, 0.18, 28, 24, 1, 4667
5, 2, 3.6, 0.18, 28, 24, 0, 5319
5, 2, 3.8, 0.18, 28, 24, 0, 5926
5, 2, 4, 0.18, 28, 24, 0, 6424
5, 2, 4.2, 0.18, 28, 24, 0, 7047
5, 2, 4.4, 0.18, 28, 24, 0, 7607
5, 2, 4.6, 0.18, 28, 24, 1, 8305
5, 2, 4.8, 0.18, 28, 24, 3, 8846
5, 2, 2, 0.2, 28, 24, 0, 406
5, 2, 2.2, 0.2, 28, 24, 0, 984
5, 2, 2.4, 0.2, 28, 24, 0, 1614
5, 2, 2.6, 0.2, 28, 24, 0, 2142
5, 2, 2.8, 0.2, 28, 24, 0, 2707
5, 2, 3, 0.2, 28, 24, 0, 3300
5, 2, 3.2, 0.2, 28, 24, 0, 3898
5, 2, 3.4, 0.2, 28, 24, 0, 4431
5, 2, 3.6, 0.2, 28, 24, 1, 5026
5, 2, 3.8, 0.2, 28, 24, 0, 5592
5, 2, 4, 0.2, 28, 24, 0, 6112
5, 2, 4.2, 0.2, 28, 24, 2, 6801
5, 2, 4.4, 0.2, 28, 24, 0, 7368
5, 2, 4.6, 0.2, 28, 24, 1, 7926
5, 2, 4.8, 0.2, 28, 24, 0, 8424
5, 2, 2, 0.22, 28, 24, 0, 305
5, 2, 2.2, 0.22, 28, 24, 1, 868
5, 2, 2.4, 0.22, 28, 24, 0, 1437
5, 2, 2.6, 0.22, 28, 24, 0, 1956
5, 2, 2.8, 0.22, 28, 24, 0, 2544
5, 2, 3, 0.22, 28, 24, 0, 3039
5, 2, 3.2, 0.22, 28, 24, 0, 3645
5, 2, 3.4, 0.22, 28, 24, 0, 4169
5, 2, 3.6, 0.22, 28, 24, 0, 4737
5, 2, 3.8, 0.22, 28, 24, 1, 5305
5, 2, 4, 0.22, 28, 24, 1, 5843
5, 2, 4.2, 0.22, 28, 24, 2, 6415
5, 2, 4.4, 0.22, 28, 24, 0, 7027
5, 2, 4.6, 0.22, 28, 24, 14, 7519
5, 2, 4.8, 0.22, 28, 24, 58, 8084
5, 2, 2, 0.24, 28, 24, 0, 167
5, 2, 2.2, 0.24, 28, 24, 0, 630
5, 2, 2.4, 0.24, 28, 24, 0, 1227
5, 2, 2.6, 0.24, 28, 24, 0, 1794
5, 2, 2.8, 0.24, 28, 24, 0, 2279
5, 2, 3, 0.24, 28, 24, 0, 2890
5, 2, 3.2, 0.24, 28, 24, 1, 3394
5, 2, 3.4, 0.24, 28, 24, 1, 3924
5, 2, 3.6, 0.24, 28, 24, 0, 4494
5, 2, 3.8, 0.24, 28, 24, 3, 4998
5, 2, 4, 0.24, 28, 24, 12, 5536
5, 2, 4.2, 0.24, 28, 24, 2, 6148
5, 2, 4.4, 0.24, 28, 24, 39, 6653
5, 2, 4.6, 0.24, 28, 24, 204, 7203
5, 2, 4.8, 0.24, 28, 24, 383, 7742
5, 2, 2, 0.26, 28, 24, 0, 23
5, 2, 2.2, 0.26, 28, 24, 0, 459
5, 2, 2.4, 0.26, 28, 24, 0, 1068
5, 2, 2.6, 0.26, 28, 24, 0, 1496
5, 2, 2.8, 0.26, 28, 24, 0, 2138
5, 2, 3, 0.26, 28, 24, 0, 2596
5, 2, 3.2, 0.26, 28, 24, 0, 3185
5, 2, 3.4, 0.26, 28, 24, 0, 3675
5, 2, 3.6, 0.26, 28, 24, 0, 4203
5, 2, 3.8, 0.26, 28, 24, 2, 4799
5, 2, 4, 0.26, 28, 24, 4, 5322
5, 2, 4.2, 0.26, 28, 24, 20, 5980
5, 2, 4.4, 0.26, 28, 24, 272, 6400
5, 2, 4.6, 0.26, 28, 24, 444, 6949
5, 2, 4.8, 0.26, 28, 24, 580, 7544
5, 2, 2, 0.28, 28, 24, 0, 5
5, 2, 2.2, 0.28, 28, 24, 0, 387
5, 2, 2.4, 0.28, 28, 24, 0, 906
5, 2, 2.6, 0.28, 28, 24, 0, 1420
5, 2, 2.8, 0.28, 28, 24, 2, 1866
5, 2, 3, 0.28, 28, 24, 2, 2434
5, 2, 3.2, 0.28, 28, 24, 6, 2967
5, 2, 3.4, 0.28, 28, 24, 1, 3491
5, 2, 3.6, 0.28, 28, 24, 5, 3915
5, 2, 3.8, 0.28, 28, 24, 9, 4550
5, 2, 4, 0.28, 28, 24, 158, 5083
5, 2, 4.2, 0.28, 28, 24, 485, 5482
5, 2, 4.4, 0.28, 28, 24, 613, 6071
5, 2, 4.6, 0.28, 28, 24, 798, 6603
5, 2, 4.8, 0.28, 28, 24, 977, 7139
5, 2, 2, 0.3, 28, 24, 0, 3
5, 2, 2.2, 0.3, 28, 24, 0, 189
5, 2, 2.4, 0.3, 28, 24, 0, 686
5, 2, 2.6, 0.3, 28, 24, 0, 1190
5, 2, 2.8, 0.3, 28, 24, 1, 1683
5, 2, 3, 0.3, 28, 24, 0, 2222
5, 2, 3.2, 0.3, 28, 24, 10, 2782
5, 2, 3.4, 0.3, 28, 24, 1, 3165
5, 2, 3.6, 0.3, 28, 24, 27, 3773
5, 2, 3.8, 0.3, 28, 24, 328, 4194
5, 2, 4, 0.3, 28, 24, 526, 4707
5, 2, 4.2, 0.3, 28, 24, 693, 5263
5, 2, 4.4, 0.3, 28, 24, 1038, 5643
5, 2, 4.6, 0.3, 28, 24, 1191, 6210
5, 2, 4.8, 0.3, 28, 24, 1330, 6780
5, 2, 2, 0.32, 28, 24, 0, 0
5, 2, 2.2, 0.32, 28, 24, 0, 64
5, 2, 2.4, 0.32, 28, 24, 1, 621
5, 2, 2.6, 0.32, 28, 24, 4, 1014
5, 2, 2.8, 0.32, 28, 24, 0, 1450
5, 2, 3, 0.32, 28, 24, 7, 2039
5, 2, 3.2, 0.32, 28, 24, 7, 2486
5, 2, 3.4, 0.32, 28, 24, 130, 2958
5, 2, 3.6, 0.32, 28, 24, 331, 3458
5, 2, 3.8, 0.32, 28, 24, 505, 4007
5, 2, 4, 0.32, 28, 24, 726, 4506
5, 2, 4.2, 0.32, 28, 24, 1066, 4890
5, 2, 4.4, 0.32, 28, 24, 1220, 5460
5, 2, 4.6, 0.32, 28, 24, 1377, 6009
5, 2, 4.8, 0.32, 28, 24, 1670, 6446
5, 2, 2, 0.34, 28, 24, 0, 1
5, 2, 2.2, 0.34, 28, 24, 0, 7
5, 2, 2.4, 0.34, 28, 24, 1, 307
5, 2, 2.6, 0.34, 28, 24, 1, 806
5, 2, 2.8, 0.34, 28, 24, 3, 1306
5, 2, 3, 0.34, 28, 24, 4, 1681
5, 2, 3.2, 0.34, 28, 24, 136, 2220
5, 2, 3.4, 0.34, 28, 24, 313, 2773
5, 2, 3.6, 0.34, 28, 24, 579, 3216
5, 2, 3.8, 0.34, 28, 24, 775, 3748
5, 2, 4, 0.34, 28, 24, 1081, 4154
5, 2, 4.2, 0.34, 28, 24, 1346, 4615
5, 2, 4.4, 0.34, 28, 24, 1539, 5148
5, 2, 4.6, 0.34, 28, 24, 1726, 5673
5, 2, 4.8, 0.34, 28, 24, 2059, 6061
5, 2, 2, 0.36, 28, 24, 0, 2
5, 2, 2.2, 0.36, 28, 24, 0, 5
5, 2, 2.4, 0.36, 28, 24, 4, 222
5, 2, 2.6, 0.36, 28, 24, 0, 623
5, 2, 2.8, 0.36, 28, 24, 1, 1055
5, 2, 3, 0.36, 28, 24, 87, 1558
5, 2, 3.2, 0.36, 28, 24, 360, 2001
5, 2, 3.4, 0.36, 28, 24, 630, 2449
5, 2, 3.6, 0.36, 28, 24, 934, 2871
5, 2, 3.8, 0.36, 28, 24, 1102, 3414
5, 2, 4, 0.36, 28, 24, 1230, 4001
5, 2, 4.2, 0.36, 28, 24, 1682, 4264
5, 2, 4.4, 0.36, 28, 24, 1887, 4788
5, 2, 4.6, 0.36, 28, 24, 2114, 5286
5, 2, 4.8, 0.36, 28, 24, 2400, 5719
5, 2, 2, 0.38, 28, 24, 0, 0
5, 2, 2.2, 0.38, 28, 24, 1, 1
5, 2, 2.4, 0.38, 28, 24, 0, 68
5, 2, 2.6, 0.38, 28, 24, 5, 489
5, 2, 2.8, 0.38, 28, 24, 46, 978
5, 2, 3, 0.38, 28, 24, 270, 1361
5, 2, 3.2, 0.38, 28, 24, 601, 1764
5, 2, 3.4, 0.38, 28, 24, 679, 2396
5, 2, 3.6, 0.38, 28, 24, 970, 2832
5, 2, 3.8, 0.38, 28, 24, 1452, 3082
5, 2, 4, 0.38, 28, 24, 1760, 3476
5, 2, 4.2, 0.38, 28, 24, 1958, 4011
5, 2, 4.4, 0.38, 28, 24, 2236, 4444
5, 2, 4.6, 0.38, 28, 24, 2472, 4917
5, 2, 4.8, 0.38, 28, 24, 2742, 5366
5, 2, 2, 0.4, 28, 24, 0, 0
5, 2, 2.2, 0.4, 28, 24, 0, 1
5, 2, 2.4, 0.4, 28, 24, 3, 17
5, 2, 2.6, 0.4, 28, 24, 8, 291
5, 2, 2.8, 0.4, 28, 24, 173, 758
5, 2, 3, 0.4, 28, 24, 527, 1116
5, 2, 3.2, 0.4, 28, 24, 830, 1533
5, 2, 3.4, 0.4, 28, 24, 1032, 2034
5, 2, 3.6, 0.4, 28, 24, 1337, 2458
5, 2, 3.8, 0.4, 28, 24, 1701, 2821
5, 2, 4, 0.4, 28, 24, 1907, 3329
5, 2, 4.2, 0.4, 28, 24, 2327, 3633
5, 2, 4.4, 0.4, 28, 24, 2538, 4140
5, 2, 4.6, 0.4, 28, 24, 2785, 4616
5, 2, 4.8, 0.4, 28, 24, 3127, 4994
5, 2, 2, 0.42, 28, 24, 0, 0
5, 2, 2.2, 0.42, 28, 24, 0, 3
5, 2, 2.4, 0.42, 28, 24, 1, 2
5, 2, 2.6, 0.42, 28, 24, 81, 147
5, 2, 2.8, 0.42, 28, 24, 355, 567
5, 2, 3, 0.42, 28, 24, 697, 942
5, 2, 3.2, 0.42, 28, 24, 928, 1428
5, 2, 3.4, 0.42, 28, 24, 1263, 1811
5, 2, 3.6, 0.42, 28, 24, 1603, 2192
5, 2, 3.8, 0.42, 28, 24, 1909, 2613
5, 2, 4, 0.42, 28, 24, 2131, 3110
5, 2, 4.2, 0.42, 28, 24, 2538, 3409
5, 2, 4.4, 0.42, 28, 24, 2789, 3895
5, 2, 4.6, 0.42, 28, 24, 3183, 4202
5, 2, 4.8, 0.42, 28, 24, 3433, 4677
5, 2, 2, 0.44, 28, 24, 0, 0
5, 2, 2.2, 0.44, 28, 24, 0, 2
5, 2, 2.4, 0.44, 28, 24, 2, 4
5, 2, 2.6, 0.44, 28, 24, 87, 108
5, 2, 2.8, 0.44, 28, 24, 405, 513
5, 2, 3, 0.44, 28, 24, 724, 896
5, 2, 3.2, 0.44, 28, 24, 1039, 1321
5, 2, 3.4, 0.44, 28, 24, 1410, 1650
5, 2, 3.6, 0.44, 28, 24, 1671, 2126
5, 2, 3.8, 0.44, 28, 24, 2021, 2490
5, 2, 4, 0.44, 28, 24, 2357, 2870
5, 2, 4.2, 0.44, 28, 24, 2607, 3330
5, 2, 4.4, 0.44, 28, 24, 2980, 3694
5, 2, 4.6, 0.44, 28, 24, 3238, 4158
5, 2, 4.8, 0.44, 28, 24, 3526, 4591
5, 2, 2, 0.46, 28, 24, 0, 1
5, 2, 2.2, 0.46, 28, 24, 2, 1
5, 2, 2.4, 0.46, 28, 24, 3, 1
5, 2, 2.6, 0.46, 28, 24, 88, 97
5, 2, 2.8, 0.46, 28, 24, 442, 468
5, 2, 3, 0.46, 28, 24, 764, 868
5, 2, 3.2, 0.46, 28, 24, 1101, 1258
5, 2, 3.4, 0.46, 28, 24, 1422, 1646
5, 2, 3.6, 0.46, 28, 24, 1747, 2037
5, 2, 3.8, 0.46, 28, 24, 2021, 2481
5, 2, 4, 0.46, 28, 24, 2421, 2804
5, 2, 4.2, 0.46, 28, 24, 2726, 3226
5, 2, 4.4, 0.46, 28, 24, 2992, 3666
5, 2, 4.6, 0.46, 28, 24, 3366, 4016
5, 2, 4.8, 0.46, 28, 24, 3742, 4371
5, 2, 2, 0.48, 28, 24, 0, 0
5, 2, 2.2, 0.48, 28, 24, 0, 3
5, 2, 2.4, 0.48, 28, 24, 1, 0
5, 2, 2.6, 0.48, 28, 24, 90, 99
5, 2, 2.8, 0.48, 28, 24, 414, 488
5, 2, 3, 0.48, 28, 24, 742, 880
5, 2, 3.2, 0.48, 28, 24, 1120, 1225
5, 2, 3.4, 0.48, 28, 24, 1481, 1580
5, 2, 3.6, 0.48, 28, 24, 1815, 1968
5, 2, 3.8, 0.48, 28, 24, 2176, 2322
5, 2, 4, 0.48, 28, 24, 2428, 2790
5, 2, 4.2, 0.48, 28, 24, 2838, 3105
5, 2, 4.4, 0.48, 28, 24, 3174, 3490
5, 2, 4.6, 0.48, 28, 24, 3544, 3827
5, 2, 4.8, 0.48, 28, 24, 3867, 4224
5, 2, 2, 0.5, 28, 24, 0, 0
5, 2, 2.2, 0.5, 28, 24, 0, 1
5, 2, 2.4, 0.5, 28, 24, 0, 2
5, 2, 2.6, 0.5, 28, 24, 83, 96
5, 2, 2.8, 0.5, 28, 24, 465, 442
5, 2, 3, 0.5, 28, 24, 834, 793
5, 2, 3.2, 0.5, 28, 24, 1138, 1204
5, 2, 3.4, 0.5, 28, 24, 1567, 1485
5, 2, 3.6, 0.5, 28, 24, 1887, 1892
5, 2, 3.8, 0.5, 28, 24, 2290, 2196
5, 2, 4, 0.5, 28, 24, 2611, 2604
5, 2, 4.2, 0.5, 28, 24, 2968, 2966
5, 2, 4.4, 0.5, 28, 24, 3391, 3265
5, 2, 4.6, 0.5, 28, 24, 3733, 3644
5, 2, 4.8, 0.5, 28, 24, 4030, 4070
5, 2, 2, 0.52, 28, 24, 0, 1
5, 2, 2.2, 0.52, 28, 24, 0, 0
5, 2, 2.4, 0.52, 28, 24, 1, 1
5, 2, 2.6, 0.52, 28, 24, 87, 86
5, 2, 2.8, 0.52, 28, 24, 463, 428
5, 2, 3, 0.52, 28, 24, 832, 795
5, 2, 3.2, 0.52, 28, 24, 1193, 1147
5, 2, 3.4, 0.52, 28, 24, 1601, 1455
5, 2, 3.6, 0.52, 28, 24, 1953, 1824
5, 2, 3.8, 0.52, 28, 24, 2346, 2140
5, 2, 4, 0.52, 28, 24, 2687, 2528
5, 2, 4.2, 0.52, 28, 24, 3074, 2855
5, 2, 4.4, 0.52, 28, 24, 3381, 3270
5, 2, 4.6, 0.52, 28, 24, 3953, 3426
5, 2, 4.8, 0.52, 28, 24, 4201, 3878
5, 2, 2, 0.54, 28, 24, 0, 0
5, 2, 2.2, 0.54, 28, 24, 0, 1
5, 2, 2.4, 0.54, 28, 24, 2, 0
5, 2, 2.6, 0.54, 28, 24, 95, 91
5, 2, 2.8, 0.54, 28, 24, 463, 422
5, 2, 3, 0.54, 28, 24, 876, 723
5, 2, 3.2, 0.54, 28, 24, 1246, 1083
5, 2, 3.4, 0.54, 28, 24, 1646, 1408
5, 2, 3.6, 0.54, 28, 24, 2043, 1726
5, 2, 3.8, 0.54, 28, 24, 2424, 2067
5, 2, 4, 0.54, 28, 24, 2801, 2406
5, 2, 4.2, 0.54, 28, 24, 3166, 2769
5, 2, 4.4, 0.54, 28, 24, 3619, 3017
5, 2, 4.6, 0.54, 28, 24, 3973, 3403
5, 2, 4.8, 0.54, 28, 24, 4336, 3745
5, 2, 2, 0.56, 28, 24, 0, 1
5, 2, 2.2, 0.56, 28, 24, 1, 1
5, 2, 2.4, 0.56, 28, 24, 0, 0
5, 2, 2.6, 0.56, 28, 24, 83, 82
5, 2, 2.8, 0.56, 28, 24, 506, 385
5, 2, 3, 0.56, 28, 24, 912, 688
5, 2, 3.2, 0.56, 28, 24, 1250, 1069
5, 2, 3.4, 0.56, 28, 24, 1685, 1353
5, 2, 3.6, 0.56, 28, 24, 2140, 1615
5, 2, 3.8, 0.56, 28, 24, 2455, 2035
5, 2, 4, 0.56, 28, 24, 2860, 2339
5, 2, 4.2, 0.56, 28, 24, 3370, 2560
5, 2, 4.4, 0.56, 28, 24, 3692, 2945
5, 2, 4.6, 0.56, 28, 24, 4114, 3243
5, 2, 4.8, 0.56, 28, 24, 4546, 3550
5, 2, 2, 0.58, 28, 24, 0, 0
5, 2, 2.2, 0.58, 28, 24, 0, 0
5, 2, 2.4, 0.58, 28, 24, 3, 0
5, 2, 2.6, 0.58, 28, 24, 86, 70
5, 2, 2.8, 0.58, 28, 24, 522, 361
5, 2, 3, 0.58, 28, 24, 943, 644
5, 2, 3.2, 0.58, 28, 24, 1363, 963
5, 2, 3.4, 0.58, 28, 24, 1744, 1286
5, 2, 3.6, 0.58, 28, 24, 2145, 1604
5, 2, 3.8, 0.58, 28, 24, 2589, 1873
5, 2, 4, 0.58, 28, 24, 2983, 2215
5, 2, 4.2, 0.58, 28, 24, 3394, 2519
5, 2, 4.4, 0.58, 28, 24, 3814, 2830
5, 2, 4.6, 0.58, 28, 24, 4277, 3085
5, 2, 4.8, 0.58, 28, 24, 4645, 3418
5, 2, 2, 0.6, 28, 24, 0, 0
5, 2, 2.2, 0.6, 28, 24, 0, 0
5, 2, 2.4, 0.6, 28, 24, 1, 0
5, 2, 2.6, 0.6, 28, 24, 95, 69
5, 2, 2.8, 0.6, 28, 24, 521, 356
5, 2, 3, 0.6, 28, 24, 960, 644
5, 2, 3.2, 0.6, 28, 24, 1376, 931
5, 2, 3.4, 0.6, 28, 24, 1771, 1255
5, 2, 3.6, 0.6, 28, 24, 2276, 1483
5, 2, 3.8, 0.6, 28, 24, 2679, 1783
5, 2, 4, 0.6, 28, 24, 3145, 2032
5, 2, 4.2, 0.6, 28, 24, 3571, 2342
5, 2, 4.4, 0.6, 28, 24, 3985, 2654
5, 2, 4.6, 0.6, 28, 24, 4476, 2888
5, 2, 4.8, 0.6, 28, 24, 4831, 3242
5, 2, 2, 0.62, 28, 24, 0, 0
5, 2, 2.2, 0.62, 28, 24, 0, 1
5, 2, 2.4, 0.62, 28, 24, 0, 0
5, 2, 2.6, 0.62, 28, 24, 99, 43
5, 2, 2.8, 0.62, 28, 24, 515, 348
5, 2, 3, 0.62, 28, 24, 1025, 578
5, 2, 3.2, 0.62, 28, 24, 1435, 871
5, 2, 3.4, 0.62, 28, 24, 1881, 1145
5, 2, 3.6, 0.62, 28, 24, 2324, 1426
5, 2, 3.8, 0.62, 28, 24, 2783, 1687
5, 2, 4, 0.62, 28, 24, 3175, 2019
5, 2, 4.2, 0.62, 28, 24, 3648, 2251
5, 2, 4.4, 0.62, 28, 24, 4096, 2532
5, 2, 4.6, 0.62, 28, 24, 4496, 2842
5, 2, 4.8, 0.62, 28, 24, 4954, 3115
5, 2, 2, 0.64, 28, 24, 1, 0
5, 2, 2.2, 0.64, 28, 24, 0, 0
5, 2, 2.4, 0.64, 28, 24, 0, 1
5, 2, 2.6, 0.64, 28, 24, 97, 51
5, 2, 2.8, 0.64, 28, 24, 557, 315
5, 2, 3, 0.64, 28, 24, 1011, 580
5, 2, 3.2, 0.64, 28, 24, 1496, 804
5, 2, 3.4, 0.64, 28, 24, 1906, 1113
5, 2, 3.6, 0.64, 28, 24, 2356, 1393
5, 2, 3.8, 0.64, 28, 24, 2855, 1614
5, 2, 4, 0.64, 28, 24, 3357, 1834
5, 2, 4.2, 0.64, 28, 24, 3767, 2143
5, 2, 4.4, 0.64, 28, 24, 4178, 2447
5, 2, 4.6, 0.64, 28, 24, 4716, 2622
5, 2, 4.8, 0.64, 28, 24, 5187, 2889
5, 2, 2, 0.66, 28, 24, 0, 0
5, 2, 2.2, 0.66, 28, 24, 0, 0
5, 2, 2.4, 0.66, 28, 24, 0, 1
5, 2, 2.6, 0.66, 28, 24, 96, 50
5, 2, 2.8, 0.66, 28, 24, 586, 283
5, 2, 3, 0.66, 28, 24, 1045, 537
5, 2, 3.2, 0.66, 28, 24, 1476, 811
5, 2, 3.4, 0.66, 28, 24, 1986, 1032
5, 2, 3.6, 0.66, 28, 24, 2475, 1263
5, 2, 3.8, 0.66, 28, 24, 2900, 1562
5, 2, 4, 0.66, 28, 24, 3357, 1815
5, 2, 4.2, 0.66, 28, 24, 3894, 2004
5, 2, 4.4, 0.66, 28, 24, 4354, 2255
5, 2, 4.6, 0.66, 28, 24, 4908, 2434
5, 2, 4.8, 0.66, 28, 24, 5311, 2747
5, 2, 2, 0.68, 28, 24, 0, 0
5, 2, 2.2, 0.68, 28, 24, 0, 0
5, 2, 2.4, 0.68, 28, 24, 0, 0
5, 2, 2.6, 0.68, 28, 24, 93, 50
5, 2, 2.8, 0.68, 28, 24, 595, 265
5, 2, 3, 0.68, 28, 24, 1062, 513
5, 2, 3.2, 0.68, 28, 24, 1544, 751
5, 2, 3.4, 0.68, 28, 24, 2043, 973
5, 2, 3.6, 0.68, 28, 24, 2530, 1210
5, 2, 3.8, 0.68, 28, 24, 3009, 1450
5, 2, 4, 0.68, 28, 24, 3492, 1692
5, 2, 4.2, 0.68, 28, 24, 4051, 1849
5, 2, 4.4, 0.68, 28, 24, 4473, 2142
5, 2, 4.6, 0.68, 28, 24, 4928, 2412
5, 2, 4.8, 0.68, 28, 24, 5470, 2596
5, 2, 2, 0.7, 28, 24, 0, 0
5, 2, 2.2, 0.7, 28, 24, 0, 0
5, 2, 2.4, 0.7, 28, 24, 0, 0
5, 2, 2.6, 0.7, 28, 24, 88, 47
5, 2, 2.8, 0.7, 28, 24, 595, 269
5, 2, 3, 0.7, 28, 24, 1080, 490
5, 2, 3.2, 0.7, 28, 24, 1630, 668
5, 2, 3.4, 0.7, 28, 24, 2128, 895
5, 2, 3.6, 0.7, 28, 24, 2670, 1058
5, 2, 3.8, 0.7, 28, 24, 3104, 1357
5, 2, 4, 0.7, 28, 24, 3592, 1575
5, 2, 4.2, 0.7, 28, 24, 4091, 1793
5, 2, 4.4, 0.7, 28, 24, 4606, 2007
5, 2, 4.6, 0.7, 28, 24, 5190, 2150
5, 2, 4.8, 0.7, 28, 24, 5636, 2416
5, 2, 2, 0.72, 28, 24, 0, 0
5, 2, 2.2, 0.72, 28, 24, 0, 0
5, 2, 2.4, 0.72, 28, 24, 0, 0
5, 2, 2.6, 0.72, 28, 24, 89, 50
5, 2, 2.8, 0.72, 28, 24, 591, 269
5, 2, 3, 0.72, 28, 24, 1158, 416
5, 2, 3.2, 0.72, 28, 24, 1647, 643
5, 2, 3.4, 0.72, 28, 24, 2174, 842
5, 2, 3.6, 0.72, 28, 24, 2694, 1028
5, 2, 3.8, 0.72, 28, 24, 3205, 1242
5, 2, 4, 0.72, 28, 24, 3743, 1427
5, 2, 4.2, 0.72, 28, 24, 4196, 1695
5, 2, 4.4, 0.72, 28, 24, 4768, 1843
5, 2, 4.6, 0.72, 28, 24, 5266, 2049
5, 2, 4.8, 0.72, 28, 24, 5742, 2302
5, 2, 2, 0.74, 28, 24, 0, 0
5, 2, 2.2, 0.74, 28, 24, 0, 0
5, 2, 2.4, 0.74, 28, 24, 0, 1
5, 2, 2.6, 0.74, 28, 24, 90, 43
5, 2, 2.8, 0.74, 28, 24, 620, 222
5, 2, 3, 0.74, 28, 24, 1181, 382
5, 2, 3.2, 0.74, 28, 24, 1705, 578
5, 2, 3.4, 0.74, 28, 24, 2207, 798
5, 2, 3.6, 0.74, 28, 24, 2764, 963
5, 2, 3.8, 0.74, 28, 24, 3287, 1154
5, 2, 4, 0.74, 28, 24, 3747, 1412
5, 2, 4.2, 0.74, 28, 24, 4340, 1538
5, 2, 4.4, 0.74, 28, 24, 4901, 1703
5, 2, 4.6, 0.74, 28, 24, 5400, 1920
5, 2, 4.8, 0.74, 28, 24, 6006, 2042
5, 2, 2, 0.76, 28, 24, 0, 0
5, 2, 2.2, 0.76, 28, 24, 0, 1
5, 2, 2.4, 0.76, 28, 24, 1, 0
5, 2, 2.6, 0.76, 28, 24, 91, 25
5, 2, 2.8, 0.76, 28, 24, 652, 191
5, 2, 3, 0.76, 28, 24, 1207, 362
5, 2, 3.2, 0.76, 28, 24, 1753, 525
5, 2, 3.4, 0.76, 28, 24, 2256, 746
5, 2, 3.6, 0.76, 28, 24, 2836, 883
5, 2, 3.8, 0.76, 28, 24, 3371, 1077
5, 2, 4, 0.76, 28, 24, 3947, 1222
5, 2, 4.2, 0.76, 28, 24, 4477, 1403
5, 2, 4.4, 0.76, 28, 24, 4992, 1615
5, 2, 4.6, 0.76, 28, 24, 5598, 1722
5, 2, 4.8, 0.76, 28, 24, 6153, 1899
5, 2, 2, 0.78, 28, 24, 0, 0
5, 2, 2.2, 0.78, 28, 24, 0, 0
5, 2, 2.4, 0.78, 28, 24, 1, 0
5, 2, 2.6, 0.78, 28, 24, 99, 18
5, 2, 2.8, 0.78, 28, 24, 664, 178
5, 2, 3, 0.78, 28, 24, 1256, 312
5, 2, 3.2, 0.78, 28, 24, 1776, 502
5, 2, 3.4, 0.78, 28, 24, 2353, 654
5, 2, 3.6, 0.78, 28, 24, 2887, 833
5, 2, 3.8, 0.78, 28, 24, 3466, 981
5, 2, 4, 0.78, 28, 24, 3983, 1186
5, 2, 4.2, 0.78, 28, 24, 4585, 1283
5, 2, 4.4, 0.78, 28, 24, 5174, 1428
5, 2, 4.6, 0.78, 28, 24, 5714, 1602
5, 2, 4.8, 0.78, 28, 24, 6272, 1753
5, 2, 2, 0.8, 28, 24, 0, 0
5, 2, 2.2, 0.8, 28, 24, 0, 1
5, 2, 2.4, 0.8, 28, 24, 0, 1
5, 2, 2.6, 0.8, 28, 24, 88, 21
5, 2, 2.8, 0.8, 28, 24, 685, 157
5, 2, 3, 0.8, 28, 24, 1237, 316
5, 2, 3.2, 0.8, 28, 24, 1814, 452
5, 2, 3.4, 0.8, 28, 24, 2387, 610
5, 2, 3.6, 0.8, 28, 24, 2972, 739
5, 2, 3.8, 0.8, 28, 24, 3516, 921
5, 2, 4, 0.8, 28, 24, 4153, 997
5, 2, 4.2, 0.8, 28, 24, 4642, 1230
5, 2, 4.4, 0.8, 28, 24, 5241, 1331
5, 2, 4.6, 0.8, 28, 24, 5842, 1464
5, 2, 4.8, 0.8, 28, 24, 6407, 1617
5, 2, 2, 0.82, 28, 24, 0, 0
5, 2, 2.2, 0.82, 28, 24, 0, 2
5, 2, 2.4, 0.82, 28, 24, 0, 1
5, 2, 2.6, 0.82, 28, 24, 88, 17
5, 2, 2.8, 0.82, 28, 24, 673, 151
5, 2, 3, 0.82, 28, 24, 1269, 285
5, 2, 3.2, 0.82, 28, 24, 1892, 388
5, 2, 3.4, 0.82, 28, 24, 2428, 565
5, 2, 3.6, 0.82, 28, 24, 3050, 657
5, 2, 3.8, 0.82, 28, 24, 3636, 800
5, 2, 4, 0.82, 28, 24, 4227, 933
5, 2, 4.2, 0.82, 28, 24, 4845, 1024
5, 2, 4.4, 0.82, 28, 24, 5434, 1156
5, 2, 4.6, 0.82, 28, 24, 5986, 1322
5, 2, 4.8, 0.82, 28, 24, 6516, 1506
5, 2, 2, 0.84, 28, 24, 0, 0
5, 2, 2.2, 0.84, 28, 24, 0, 0
5, 2, 2.4, 0.84, 28, 24, 0, 0
5, 2, 2.6, 0.84, 28, 24, 102, 22
5, 2, 2.8, 0.84, 28, 24, 687, 135
5, 2, 3, 0.84, 28, 24, 1320, 235
5, 2, 3.2, 0.84, 28, 24, 1920, 355
5, 2, 3.4, 0.84, 28, 24, 2517, 467
5, 2, 3.6, 0.84, 28, 24, 3110, 609
5, 2, 3.8, 0.84, 28, 24, 3722, 712
5, 2, 4, 0.84, 28, 24, 4358, 779
5, 2, 4.2, 0.84, 28, 24, 4874, 994
5, 2, 4.4, 0.84, 28, 24, 5560, 1025
5, 2, 4.6, 0.84, 28, 24, 6140, 1165
5, 2, 4.8, 0.84, 28, 24, 6694, 1330
5, 2, 2, 0.86, 28, 24, 0, 0
5, 2, 2.2, 0.86, 28, 24, 0, 0
5, 2, 2.4, 0.86, 28, 24, 0, 0
5, 2, 2.6, 0.86, 28, 24, 85, 13
5, 2, 2.8, 0.86, 28, 24, 702, 116
5, 2, 3, 0.86, 28, 24, 1339, 211
5, 2, 3.2, 0.86, 28, 24, 1936, 327
5, 2, 3.4, 0.86, 28, 24, 2546, 437
5, 2, 3.6, 0.86, 28, 24, 3166, 535
5, 2, 3.8, 0.86, 28, 24, 3761, 658
5, 2, 4, 0.86, 28, 24, 4403, 738
5, 2, 4.2, 0.86, 28, 24, 5036, 827
5, 2, 4.4, 0.86, 28, 24, 5600, 978
5, 2, 4.6, 0.86, 28, 24, 6282, 1028
5, 2, 4.8, 0.86, 28, 24, 6871, 1133
5, 2, 2, 0.88, 28, 24, 0, 0
5, 2, 2.2, 0.88, 28, 24, 0, 0
5, 2, 2.4, 0.88, 28, 24, 0, 0
5, 2, 2.6, 0.88, 28, 24, 97, 10
5, 2, 2.8, 0.88, 28, 24, 727, 86
5, 2, 3, 0.88, 28, 24, 1350, 190
5, 2, 3.2, 0.88, 28, 24, 2021, 233
5, 2, 3.4, 0.88, 28, 24, 2651, 329
5, 2, 3.6, 0.88, 28, 24, 3237, 466
5, 2, 3.8, 0.88, 28, 24, 3862, 561
5, 2, 4, 0.88, 28, 24, 4530, 605
5, 2, 4.2, 0.88, 28, 24, 5181, 679
5, 2, 4.4, 0.88, 28, 24, 5790, 780
5, 2, 4.6, 0.88, 28, 24, 6447, 851
5, 2, 4.8, 0.88, 28, 24, 7068, 949
5, 2, 2, 0.9, 28, 24, 0, 0
5, 2, 2.2, 0.9, 28, 24, 0, 0
5, 2, 2.4, 0.9, 28, 24, 0, 1
5, 2, 2.6, 0.9, 28, 24, 84, 13
5, 2, 2.8, 0.9, 28, 24, 751, 68
5, 2, 3, 0.9, 28, 24, 1379, 146
5, 2, 3.2, 0.9, 28, 24, 2060, 211
5, 2, 3.4, 0.9, 28, 24, 2701, 267
5, 2, 3.6, 0.9, 28, 24, 3360, 336
5, 2, 3.8, 0.9, 28, 24, 3976, 447
5, 2, 4, 0.9, 28, 24, 4640, 504
5, 2, 4.2, 0.9, 28, 24, 5283, 565
5, 2, 4.4, 0.9, 28, 24, 5895, 693
5, 2, 4.6, 0.9, 28, 24, 6553, 755
5, 2, 4.8, 0.9, 28, 24, 7220, 795
5, 2, 2, 0.92, 28, 24, 0, 0
5, 2, 2.2, 0.92, 28, 24, 0, 0
5, 2, 2.4, 0.92, 28, 24, 0, 0
5, 2, 2.6, 0.92, 28, 24, 74, 7
5, 2, 2.8, 0.92, 28, 24, 740, 65
5, 2, 3, 0.92, 28, 24, 1398, 135
5, 2, 3.2, 0.92, 28, 24, 2053, 190
5, 2, 3.4, 0.92, 28, 24, 2745, 234
5, 2, 3.6, 0.92, 28, 24, 3404, 295
5, 2, 3.8, 0.92, 28, 24, 4067, 355
5, 2, 4, 0.92, 28, 24, 4753, 373
5, 2, 4.2, 0.92, 28, 24, 5413, 445
5, 2, 4.4, 0.92, 28, 24, 6047, 508
5, 2, 4.6, 0.92, 28, 24, 6725, 574
5, 2, 4.8, 0.92, 28, 24, 7399, 619
5, 2, 2, 0.94, 28, 24, 0, 0
5, 2, 2.2, 0.94, 28, 24, 0, 0
5, 2, 2.4, 0.94, 28, 24, 1, 0
5, 2, 2.6, 0.94, 28, 24, 76, 6
5, 2, 2.8, 0.94, 28, 24, 790, 31
5, 2, 3, 0.94, 28, 24, 1436, 96
5, 2, 3.2, 0.94, 28, 24, 2124, 126
5, 2, 3.4, 0.94, 28, 24, 2792, 176
5, 2, 3.6, 0.94, 28, 24, 3474, 226
5, 2, 3.8, 0.94, 28, 24, 4148, 249
5, 2, 4, 0.94, 28, 24, 4806, 322
5, 2, 4.2, 0.94, 28, 24, 5532, 318
5, 2, 4.4, 0.94, 28, 24, 6138, 428
5, 2, 4.6, 0.94, 28, 24, 6892, 399
5, 2, 4.8, 0.94, 28, 24, 7509, 499
5, 2, 2, 0.96, 28, 24, 0, 0
5, 2, 2.2, 0.96, 28, 24, 0, 0
5, 2, 2.4, 0.96, 28, 24, 0, 0
5, 2, 2.6, 0.96, 28, 24, 78, 1
5, 2, 2.8, 0.96, 28, 24, 776, 32
5, 2, 3, 0.96, 28, 24, 1461, 58
5, 2, 3.2, 0.96, 28, 24, 2176, 76
5, 2, 3.4, 0.96, 28, 24, 2856, 113
5, 2, 3.6, 0.96, 28, 24, 3528, 165
5, 2, 3.8, 0.96, 28, 24, 4236, 169
5, 2, 4, 0.96, 28, 24, 4922, 202
5, 2, 4.2, 0.96, 28, 24, 5615, 235
5, 2, 4.4, 0.96, 28, 24, 6302, 268
5, 2, 4.6, 0.96, 28, 24, 6995, 290
5, 2, 4.8, 0.96, 28, 24, 7677, 335
5, 2, 2, 0.98, 28, 24, 0, 0
5, 2, 2.2, 0.98, 28, 24, 0, 0
5, 2, 2.4, 0.98, 28, 24, 1, 0
5, 2, 2.6, 0.98, 28, 24, 105, 4
5, 2, 2.8, 0.98, 28, 24, 800, 20
5, 2, 3, 0.98, 28, 24, 1506, 20
5, 2, 3.2, 0.98, 28, 24, 2197, 47
5, 2, 3.4, 0.98, 28, 24, 2901, 64
5, 2, 3.6, 0.98, 28, 24, 3589, 85
5, 2, 3.8, 0.98, 28, 24, 4320, 73
5, 2, 4, 0.98, 28, 24, 5040, 90
5, 2, 4.2, 0.98, 28, 24, 5736, 105
5, 2, 4.4, 0.98, 28, 24, 6451, 113
5, 2, 4.6, 0.98, 28, 24, 7120, 158
5, 2, 4.8, 0.98, 28, 24, 7796, 198
5, 3, 2, 0, 28, 24, 0, 3637
5, 3, 2.2, 0, 28, 24, 0, 4360
5, 3, 2.4, 0, 28, 24, 0, 5084
5, 3, 2.6, 0, 28, 24, 0, 5805
5, 3, 2.8, 0, 28, 24, 0, 6522
5, 3, 3, 0, 28, 24, 0, 7245
5, 3, 3.2, 0, 28, 24, 0, 7961
5, 3, 3.4, 0, 28, 24, 0, 8682
5, 3, 3.6, 0, 28, 24, 0, 9399
5, 3, 3.8, 0, 28, 24, 0, 10113
5, 3, 4, 0, 28, 24, 0, 10844
5, 3, 4.2, 0, 28, 24, 0, 11558
5, 3, 4.4, 0, 28, 24, 0, 12278
5, 3, 4.6, 0, 28, 24, 0, 12998
5, 3, 4.8, 0, 28, 24, 0, 13716
5, 3, 2, 0.02, 28, 24, 0, 3489
5, 3, 2.2, 0.02, 28, 24, 0, 4194
5, 3, 2.4, 0.02, 28, 24, 0, 4912
5, 3, 2.6, 0.02, 28, 24, 0, 5619
5, 3, 2.8, 0.02, 28, 24, 0, 6305
5, 3, 3, 0.02, 28, 24, 0, 7015
5, 3, 3.2, 0.02, 28, 24, 0, 7702
5, 3, 3.4, 0.02, 28, 24, 0, 8415
5, 3, 3.6, 0.02, 28, 24, 0, 9140
5, 3, 3.8, 0.02, 28, 24, 0, 9848
5, 3, 4, 0.02, 28, 24, 0, 10510
5, 3, 4.2, 0.02, 28, 24, 0, 11248
5, 3, 4.4, 0.02, 28, 24, 0, 11991
5, 3, 4.6, 0.02, 28, 24, 0, 12650
5, 3, 4.8, 0.02, 28, 24, 0, 13361
5, 3, 2, 0.04, 28, 24, 0, 3337
5, 3, 2.2, 0.04, 28, 24, 0, 4068
5, 3, 2.4, 0.04, 28, 24, 0, 4729
5, 3, 2.6, 0.04, 28, 24, 0, 5418
5, 3, 2.8, 0.04, 28, 24, 0, 6081
5, 3, 3, 0.04, 28, 24, 0, 6794
5, 3, 3.2, 0.04, 28, 24, 0, 7496
5, 3, 3.4, 0.04, 28, 24, 0, 8164
5, 3, 3.6, 0.04, 28, 24, 0, 8896
5, 3, 3.8, 0.04, 28, 24, 0, 9557
5, 3, 4, 0.04, 28, 24, 0, 10249
5, 3, 4.2, 0.04, 28, 24, 0, 10944
5, 3, 4.4, 0.04, 28, 24, 0, 11610
5, 3, 4.6, 0.04, 28, 24, 0, 12353
5, 3, 4.8, 0.04, 28, 24, 0, 12981
5, 3, 2, 0.06, 28, 24, 0, 3176
5, 3, 2.2, 0.06, 28, 24, 0, 3864
5, 3, 2.4, 0.06, 28, 24, 0, 4564
5, 3, 2.6, 0.06, 28, 24, 0, 5219
5, 3, 2.8, 0.06, 28, 24, 0, 5867
5, 3, 3, 0.06, 28, 24, 0, 6606
5, 3, 3.2, 0.06, 28, 24, 0, 7262
5, 3, 3.4, 0.06, 28, 24, 0, 7938
5, 3, 3.6, 0.06, 28, 24, 0, 8638
5, 3, 3.8, 0.06, 28, 24, 0, 9285
5, 3, 4, 0.06, 28, 24, 0, 10000
5, 3, 4.2, 0.06, 28, 24, 0, 10607
5, 3, 4.4, 0.06, 28, 24, 0, 11304
5, 3, 4.6, 0.06, 28, 24, 0, 12001
5, 3, 4.8, 0.06, 28, 24, 0, 12680
5, 3, 2, 0.08, 28, 24, 0, 3078
5, 3, 2.2, 0.08, 28, 24, 0, 3691
5, 3, 2.4, 0.08, 28, 24, 0, 4343
5, 3, 2.6, 0.08, 28, 24, 0, 5025
5, 3, 2.8, 0.08, 28, 24, 0, 5709
5, 3, 3, 0.08, 28, 24, 0, 6352
5, 3, 3.2, 0.08, 28, 24, 0, 7003
5, 3, 3.4, 0.08, 28, 24, 0, 7761
5, 3, 3.6, 0.08, 28, 24, 0, 8395
5, 3, 3.8, 0.08, 28, 24, 0, 9039
5, 3, 4, 0.08, 28, 24, 0, 9693
5, 3, 4.2, 0.08, 28, 24, 0, 10354
5, 3, 4.4, 0.08, 28, 24, 0, 11018
5, 3, 4.6, 0.08, 28, 24, 0, 11703
5, 3, 4.8, 0.08, 28, 24, 0, 12327
5, 3, 2, 0.1, 28, 24, 0, 2934
5, 3, 2.2, 0.1, 28, 24, 0, 3575
5, 3, 2.4, 0.1, 28, 24, 0, 4199
5, 3, 2.6, 0.1, 28, 24, 0, 4829
5, 3, 2.8, 0.1, 28, 24, 0, 5480
5, 3, 3, 0.1, 28, 24, 0, 6115
5, 3, 3.2, 0.1, 28, 24, 0, 6810
5, 3, 3.4, 0.1, 28, 24, 0, 7471
5, 3, 3.6, 0.1, 28, 24, 0, 8089
5, 3, 3.8, 0.1, 28, 24, 0, 8712
5, 3, 4, 0.1, 28, 24, 0, 9357
5, 3, 4.2, 0.1, 28, 24, 0, 10092
5, 3, 4.4, 0.1, 28, 24, 0, 10668
5, 3, 4.6, 0.1, 28, 24, 0, 11354
5, 3, 4.8, 0.1, 28, 24, 0, 11958
5, 3, 2, 0.12, 28, 24, 0, 2780
5, 3, 2.2, 0.12, 28, 24, 0, 3414
5, 3, 2.4, 0.12, 28, 24, 0, 4069
5, 3, 2.6, 0.12, 28, 24, 0, 4642
5, 3, 2.8, 0.12, 28, 24, 0, 5289
5, 3, 3, 0.12, 28, 24, 0, 5923
5, 3, 3.2, 0.12, 28, 24, 0, 6569
5, 3, 3.4, 0.12, 28, 24, 0, 7196
5, 3, 3.6, 0.12, 28, 24, 0, 7898
5, 3, 3.8, 0.12, 28, 24, 0, 8469
5, 3, 4, 0.12, 28, 24, 0, 9121
5, 3, 4.2, 0.12, 28, 24, 0, 9735
5, 3, 4.4, 0.12, 28, 24, 0, 10419
5, 3, 4.6, 0.12, 28, 24, 0, 10926
5, 3, 4.8, 0.12, 28, 24, 0, 11719
5, 3, 2, 0.14, 28, 24, 0, 2623
5, 3, 2.2, 0.14, 28, 24, 0, 3270
5, 3, 2.4, 0.14, 28, 24, 0, 3850
5, 3, 2.6, 0.14, 28, 24, 0, 4553
5, 3, 2.8, 0.14, 28, 24, 0, 5119
5, 3, 3, 0.14, 28, 24, 0, 5629
5, 3, 3.2, 0.14, 28, 24, 0, 6371
5, 3, 3.4, 0.14, 28, 24, 0, 6984
5, 3, 3.6, 0.14, 28, 24, 0, 7635
5, 3, 3.8, 0.14, 28, 24, 0, 8161
5, 3, 4, 0.14, 28, 24, 0, 8823
5, 3, 4.2, 0.14, 28, 24, 0, 9391
5, 3, 4.4, 0.14, 28, 24, 0, 10099
5, 3, 4.6, 0.14, 28, 24, 0, 10758
5, 3, 4.8, 0.14, 28, 24, 1, 11383
5, 3, 2, 0.16, 28, 24, 0, 2427
5, 3, 2.2, 0.16, 28, 24, 0, 3080
5, 3, 2.4, 0.16, 28, 24, 0, 3744
5, 3, 2.6, 0.16, 28, 24, 0, 4298
5, 3, 2.8, 0.16, 28, 24, 0, 4880
5, 3, 3, 0.16, 28, 24, 0, 5471
5, 3, 3.2, 0.16, 28, 24, 0, 6063
5, 3, 3.4, 0.16, 28, 24, 0, 6639
5, 3, 3.6, 0.16, 28, 24, 0, 7261
5, 3, 3.8, 0.16, 28, 24, 0, 7934
5, 3, 4, 0.16, 28, 24, 0, 8537
5, 3, 4.2, 0.16, 28, 24, 0, 9173
5, 3, 4.4, 0.16, 28, 24, 0, 9756
5, 3, 4.6, 0.16, 28, 24, 0, 10326
5, 3, 4.8, 0.16, 28, 24, 0, 10976
5, 3, 2, 0.18, 28, 24, 0, 2323
5, 3, 2.2, 0.18, 28, 24, 0, 2909
5, 3, 2.4, 0.18, 28, 24, 0, 3493
5, 3, 2.6, 0.18, 28, 24, 0, 4088
5, 3, 2.8, 0.18, 28, 24, 0, 4675
5, 3, 3, 0.18, 28, 24, 0, 5332
5, 3, 3.2, 0.18, 28, 24, 0, 5911
5, 3, 3.4, 0.18, 28, 24, 0, 6444
5, 3, 3.6, 0.18, 28, 24, 0, 7011
5, 3, 3.8, 0.18, 28, 24, 0, 7670
5, 3, 4, 0.18, 28, 24, 0, 8262
5, 3, 4.2, 0.18, 28, 24, 0, 8817
5, 3, 4.4, 0.18, 28, 24, 0, 9424
5, 3, 4.6, 0.18, 28, 24, 1, 10068
5, 3, 4.8, 0.18, 28, 24, 0, 10686
5, 3, 2, 0.2, 28, 24, 0, 2224
5, 3, 2.2, 0.2, 28, 24, 0, 2740
5, 3, 2.4, 0.2, 28, 24, 0, 3352
5, 3, 2.6, 0.2, 28, 24, 0, 3904
5, 3, 2.8, 0.2, 28, 24, 0, 4588
5, 3, 3, 0.2, 28, 24, 0, 5050
5, 3, 3.2, 0.2, 28, 24, 0, 5616
5, 3, 3.4, 0.2, 28, 24, 0, 6323
5, 3, 3.6, 0.2, 28, 24, 0, 6804
5, 3, 3.8, 0.2, 28, 24, 1, 7408
5, 3, 4, 0.2, 28, 24, 0, 8035
5, 3, 4.2, 0.2, 28, 24, 0, 8550
5, 3, 4.4, 0.2, 28, 24, 0, 9023
5, 3, 4.6, 0.2, 28, 24, 1, 9607
5, 3, 4.8, 0.2, 28, 24, 4, 10367
5, 3, 2, 0.22, 28, 24, 0, 2009
5, 3, 2.2, 0.22, 28, 24, 0, 2611
5, 3, 2.4, 0.22, 28, 24, 0, 3110
5, 3, 2.6, 0.22, 28, 24, 0, 3739
5, 3, 2.8, 0.22, 28, 24, 0, 4294
5, 3, 3, 0.22, 28, 24, 0, 4775
5, 3, 3.2, 0.22, 28, 24, 0, 5319
5, 3, 3.4, 0.22, 28, 24, 0, 5985
5, 3, 3.6, 0.22, 28, 24, 0, 6479
5, 3, 3.8, 0.22, 28, 24, 0, 7043
5, 3, 4, 0.22, 28, 24, 0, 7697
5, 3, 4.2, 0.22, 28, 24, 1, 8328
5, 3, 4.4, 0.22, 28, 24, 0, 8700
5, 3, 4.6, 0.22, 28, 24, 2, 9316
5, 3, 4.8, 0.22, 28, 24, 0, 10001
5, 3, 2, 0.24, 28, 24, 0, 1868
5, 3, 2.2, 0.24, 28, 24, 0, 2488
5, 3, 2.4, 0.24, 28, 24, 0, 2970
5, 3, 2.6, 0.24, 28, 24, 0, 3532
5, 3, 2.8, 0.24, 28, 24, 0, 4064
5, 3, 3, 0.24, 28, 24, 0, 4731
5, 3, 3.2, 0.24, 28, 24, 0, 5232
5, 3, 3.4, 0.24, 28, 24, 0, 5772
5, 3, 3.6, 0.24, 28, 24, 0, 6255
5, 3, 3.8, 0.24, 28, 24, 0, 6762
5, 3, 4, 0.24, 28, 24, 0, 7314
5, 3, 4.2, 0.24, 28, 24, 0, 7950
5, 3, 4.4, 0.24, 28, 24, 1, 8456
5, 3, 4.6, 0.24, 28, 24, 0, 9078
5, 3, 4.8, 0.24, 28, 24, 0, 9541
5, 3, 2, 0.26, 28, 24, 0, 1812
5, 3, 2.2, 0.26, 28, 24, 0, 2236
5, 3, 2.4, 0.26, 28, 24, 0, 2860
5, 3, 2.6, 0.26, 28, 24, 0, 3380
5, 3, 2.8, 0.26, 28, 24, 0, 3926
5, 3, 3, 0.26, 28, 24, 0, 4526
5, 3, 3.2, 0.26, 28, 24, 0, 4909
5, 3, 3.4, 0.26, 28, 24, 0, 5431
5, 3, 3.6, 0.26, 28, 24, 0, 5973
5, 3, 3.8, 0.26, 28, 24, 0, 6552
5, 3, 4, 0.26, 28, 24, 0, 7120
5, 3, 4.2, 0.26, 28, 24, 0, 7591
5, 3, 4.4, 0.26, 28, 24, 0, 8154
5, 3, 4.6, 0.26, 28, 24, 0, 8736
5, 3, 4.8, 0.26, 28, 24, 1, 9254
5, 3, 2, 0.28, 28, 24, 0, 1661
5, 3, 2.2, 0.28, 28, 24, 0, 2178
5, 3, 2.4, 0.28, 28, 24, 0, 2670
5, 3, 2.6, 0.28, 28, 24, 0, 3184
5, 3, 2.8, 0.28, 28, 24, 0, 3672
5, 3, 3, 0.28, 28, 24, 0, 4296
5, 3, 3.2, 0.28, 28, 24, 1, 4699
5, 3, 3.4, 0.28, 28, 24, 0, 5249
5, 3, 3.6, 0.28, 28, 24, 0, 5699
5, 3, 3.8, 0.28, 28, 24, 0, 6241
5, 3, 4, 0.28, 28, 24, 0, 6795
5, 3, 4.2, 0.28, 28, 24, 0, 7300
5, 3, 4.4, 0.28, 28, 24, 0, 7797
5, 3, 4.6, 0.28, 28, 24, 0, 8291
5, 3, 4.8, 0.28, 28, 24, 1, 8921
5, 3, 2, 0.3, 28, 24, 0, 1459
5, 3, 2.2, 0.3, 28, 24, 0, 1949
5, 3, 2.4, 0.3, 28, 24, 0, 2475
5, 3, 2.6, 0.3, 28, 24, 0, 3021
5, 3, 2.8, 0.3, 28, 24, 0, 3502
5, 3, 3, 0.3, 28, 24, 0, 3958
5, 3, 3.2, 0.3, 28, 24, 0, 4546
5, 3, 3.4, 0.3, 28, 24, 1, 4963
5, 3, 3.6, 0.3, 28, 24, 0, 5514
5, 3, 3.8, 0.3, 28, 24, 0, 6030
5, 3, 4, 0.3, 28, 24, 0, 6471
5, 3, 4.2, 0.3, 28, 24, 0, 6971
5, 3, 4.4, 0.3, 28, 24, 1, 7425
5, 3, 4.6, 0.3, 28, 24, 0, 8036
5, 3, 4.8, 0.3, 28, 24, 0, 8477
5, 3, 2, 0.32, 28, 24, 0, 1384
5, 3, 2.2, 0.32, 28, 24, 0, 1770
5, 3, 2.4, 0.32, 28, 24, 0, 2310
5, 3, 2.6, 0.32, 28, 24, 0, 2764
5, 3, 2.8, 0.32, 28, 24, 0, 3339
5, 3, 3, 0.32, 28, 24, 0, 3728
5, 3, 3.2, 0.32, 28, 24, 1, 4238
5, 3, 3.4, 0.32, 28, 24, 0, 4688
5, 3, 3.6, 0.32, 28, 24, 0, 5188
5, 3, 3.8, 0.32, 28, 24, 0, 5719
5, 3, 4, 0.32, 28, 24, 0, 6257
5, 3, 4.2, 0.32, 28, 24, 2, 6543
5, 3, 4.4, 0.32, 28, 24, 2, 7284
5, 3, 4.6, 0.32, 28, 24, 3, 7729
5, 3, 4.8, 0.32, 28, 24, 1, 8184
5, 3, 2, 0.34, 28, 24, 0, 1264
5, 3, 2.2, 0.34, 28, 24, 0, 1682
5, 3, 2.4, 0.34, 28, 24, 0, 2192
5, 3, 2.6, 0.34, 28, 24, 0, 2501
5, 3, 2.8, 0.34, 28, 24, 0, 3066
5, 3, 3, 0.34, 28, 24, 0, 3653
5, 3, 3.2, 0.34, 28, 24, 0, 4054
5, 3, 3.4, 0.34, 28, 24, 0, 4558
5, 3, 3.6, 0.34, 28, 24, 2, 5029
5, 3, 3.8, 0.34, 28, 24, 0, 5521
5, 3, 4, 0.34, 28, 24, 0, 5943
5, 3, 4.2, 0.34, 28, 24, 0, 6363
5, 3, 4.4, 0.34, 28, 24, 6, 6914
5, 3, 4.6, 0.34, 28, 24, 31, 7287
5, 3, 4.8, 0.34, 28, 24, 177, 7833
5, 3, 2, 0.36, 28, 24, 0, 1045
5, 3, 2.2, 0.36, 28, 24, 0, 1429
5, 3, 2.4, 0.36, 28, 24, 1, 1960
5, 3, 2.6, 0.36, 28, 24, 0, 2429
5, 3, 2.8, 0.36, 28, 24, 0, 2956
5, 3, 3, 0.36, 28, 24, 0, 3248
5, 3, 3.2, 0.36, 28, 24, 0, 3812
5, 3, 3.4, 0.36, 28, 24, 1, 4248
5, 3, 3.6, 0.36, 28, 24, 4, 4669
5, 3, 3.8, 0.36, 28, 24, 5, 5219
5, 3, 4, 0.36, 28, 24, 9, 5605
5, 3, 4.2, 0.36, 28, 24, 36, 6093
5, 3, 4.4, 0.36, 28, 24, 66, 6532
5, 3, 4.6, 0.36, 28, 24, 167, 7113
5, 3, 4.8, 0.36, 28, 24, 540, 7446
5, 3, 2, 0.38, 28, 24, 0, 898
5, 3, 2.2, 0.38, 28, 24, 0, 1341
5, 3, 2.4, 0.38, 28, 24, 0, 1817
5, 3, 2.6, 0.38, 28, 24, 0, 2293
5, 3, 2.8, 0.38, 28, 24, 1, 2626
5, 3, 3, 0.38, 28, 24, 0, 3192
5, 3, 3.2, 0.38, 28, 24, 0, 3687
