2, 0, 1, 0, 28, 24, 0, 44
2, 0, 1.2, 0, 28, 24, 0, 754
2, 0, 1.4, 0, 28, 24, 0, 1479
2, 0, 1.6, 0, 28, 24, 0, 2200
2, 0, 1.8, 0, 28, 24, 0, 2916
2, 0, 2, 0, 28, 24, 0, 3637
2, 0, 2.2, 0, 28, 24, 0, 4359
2, 0, 2.4, 0, 28, 24, 0, 5070
2, 0, 2.6, 0, 28, 24, 0, 5798
2, 0, 2.8, 0, 28, 24, 0, 6517
2, 0, 3, 0, 28, 24, 0, 7239
2, 0, 3.2, 0, 28, 24, 0, 7959
2, 0, 3.4, 0, 28, 24, 0, 8678
2, 0, 3.6, 0, 28, 24, 0, 9400
2, 0, 3.8, 0, 28, 24, 0, 10117
2, 0, 4, 0, 28, 24, 0, 10838
2, 0, 4.2, 0, 28, 24, 0, 11549
2, 0, 4.4, 0, 28, 24, 0, 12273
2, 0, 4.6, 0, 28, 24, 0, 12996
2, 0, 4.8, 0, 28, 24, 0, 13715
2, 0, 1, 0.02, 28, 24, 0, 43
2, 0, 1.2, 0.02, 28, 24, 12, 734
2, 0, 1.4, 0.02, 28, 24, 27, 1454
2, 0, 1.6, 0.02, 28, 24, 36, 2163
2, 0, 1.8, 0.02, 28, 24, 55, 2854
2, 0, 2, 0.02, 28, 24, 75, 3564
2, 0, 2.2, 0.02, 28, 24, 94, 4261
2, 0, 2.4, 0.02, 28, 24, 111, 4964
2, 0, 2.6, 0.02, 28, 24, 112, 5685
2, 0, 2.8, 0.02, 28, 24, 131, 6385
2, 0, 3, 0.02, 28, 24, 118, 7124
2, 0, 3.2, 0.02, 28, 24, 142, 7814
2, 0, 3.4, 0.02, 28, 24, 177, 8502
2, 0, 3.6, 0.02, 28, 24, 168, 9229
2, 0, 3.8, 0.02, 28, 24, 205, 9912
2, 0, 4, 0.02, 28, 24, 245, 10583
2, 0, 4.2, 0.02, 28, 24, 219, 11332
2, 0, 4.4, 0.02, 28, 24, 251, 12027
2, 0, 4.6, 0.02, 28, 24, 256, 12737
2, 0, 4.8, 0.02, 28, 24, 289, 13430
2, 0, 1, 0.04, 28, 24, 3, 31
2, 0, 1.2, 0.04, 28, 24, 28, 718
2, 0, 1.4, 0.04, 28, 24, 61, 1413
2, 0, 1.6, 0.04, 28, 24, 105, 2087
2, 0, 1.8, 0.04, 28, 24, 131, 2781
2, 0, 2, 0.04, 28, 24, 159, 3474
2, 0, 2.2, 0.04, 28, 24, 172, 4182
2, 0, 2.4, 0.04, 28, 24, 209, 4867
2, 0, 2.6, 0.04, 28, 24, 253, 5539
2, 0, 2.8, 0.04, 28, 24, 253, 6261
2, 0, 3, 0.04, 28, 24, 270, 6961
2, 0, 3.2, 0.04, 28, 24, 308, 7650
2, 0, 3.4, 0.04, 28, 24, 355, 8319
2, 0, 3.6, 0.04, 28, 24, 336, 9060
2, 0, 3.8, 0.04, 28, 24, 430, 9680
2, 0, 4, 0.04, 28, 24, 411, 10416
2, 0, 4.2, 0.04, 28, 24, 520, 11031
2, 0, 4.4, 0.04, 28, 24, 488, 11786
2, 0, 4.6, 0.04, 28, 24, 510, 12488
2, 0, 4.8, 0.04, 28, 24, 515, 13197
2, 0, 1, 0.06, 28, 24, 0, 31
2, 0, 1.2, 0.06, 28, 24, 61, 691
2, 0, 1.4, 0.06, 28, 24, 91, 1380
2, 0, 1.6, 0.06, 28, 24, 146, 2042
2, 0, 1.8, 0.06, 28, 24, 193, 2723
2, 0, 2, 0.06, 28, 24, 230, 3406
2, 0, 2.2, 0.06, 28, 24, 289, 4055
2, 0, 2.4, 0.06, 28, 24, 302, 4770
2, 0, 2.6, 0.06, 28, 24, 400, 5389
2, 0, 2.8, 0.06, 28, 24, 366, 6136
2, 0, 3, 0.06, 28, 24, 439, 6797
2, 0, 3.2, 0.06, 28, 24, 489, 7466
2, 0, 3.4, 0.06, 28, 24, 531, 8139
2, 0, 3.6, 0.06, 28, 24, 527, 8869
2, 0, 3.8, 0.06, 28, 24, 633, 9474
2, 0, 4, 0.06, 28, 24, 659, 10167
2, 0, 4.2, 0.06, 28, 24, 681, 10869
2, 0, 4.4, 0.06, 28, 24, 758, 11517
2, 0, 4.6, 0.06, 28, 24, 821, 12166
2, 0, 4.8, 0.06, 28, 24, 807, 12905
2, 0, 1, 0.08, 28, 24, 2, 32
2, 0, 1.2, 0.08, 28, 24, 67, 685
2, 0, 1.4, 0.08, 28, 24, 119, 1353
2, 0, 1.6, 0.08, 28, 24, 188, 2005
2, 0, 1.8, 0.08, 28, 24, 268, 2638
2, 0, 2, 0.08, 28, 24, 295, 3337
2, 0, 2.2, 0.08, 28, 24, 324, 4022
2, 0, 2.4, 0.08, 28, 24, 422, 4646
2, 0, 2.6, 0.08, 28, 24, 435, 5357
2, 0, 2.8, 0.08, 28, 24, 493, 6014
2, 0, 3, 0.08, 28, 24, 583, 6643
2, 0, 3.2, 0.08, 28, 24, 639, 7313
2, 0, 3.4, 0.08, 28, 24, 685, 7987
2, 0, 3.6, 0.08, 28, 24, 767, 8624
2, 0, 3.8, 0.08, 28, 24, 812, 9296
2, 0, 4, 0.08, 28, 24, 872, 9956
2, 0, 4.2, 0.08, 28, 24, 945, 10607
2, 0, 4.4, 0.08, 28, 24, 977, 11289
2, 0, 4.6, 0.08, 28, 24, 980, 12007
2, 0, 4.8, 0.08, 28, 24, 1036, 12670
2, 0, 1, 0.1, 28, 24, 1, 32
2, 0, 1.2, 0.1, 28, 24, 70, 675
2, 0, 1.4, 0.1, 28, 24, 132, 1328
2, 0, 1.6, 0.1, 28, 24, 243, 1943
2, 0, 1.8, 0.1, 28, 24, 258, 2648
2, 0, 2, 0.1, 28, 24, 377, 3251
2, 0, 2.2, 0.1, 28, 24, 433, 3912
2, 0, 2.4, 0.1, 28, 24, 506, 4556
2, 0, 2.6, 0.1, 28, 24, 549, 5237
2, 0, 2.8, 0.1, 28, 24, 654, 5845
2, 0, 3, 0.1, 28, 24, 682, 6543
2, 0, 3.2, 0.1, 28, 24, 769, 7175
2, 0, 3.4, 0.1, 28, 24, 874, 7791
2, 0, 3.6, 0.1, 28, 24, 945, 8442
2, 0, 3.8, 0.1, 28, 24, 1067, 9035
2, 0, 4, 0.1, 28, 24, 1101, 9714
2, 0, 4.2, 0.1, 28, 24, 1121, 10431
2, 0, 4.4, 0.1, 28, 24, 1176, 11093
2, 0, 4.6, 0.1, 28, 24, 1348, 11638
2, 0, 4.8, 0.1, 28, 24, 1355, 12350
2, 0, 1, 0.12, 28, 24, 3, 19
2, 0, 1.2, 0.12, 28, 24, 99, 648
2, 0, 1.4, 0.12, 28, 24, 152, 1300
2, 0, 1.6, 0.12, 28, 24, 263, 1915
2, 0, 1.8, 0.12, 28, 24, 335, 2565
2, 0, 2, 0.12, 28, 24, 449, 3174
2, 0, 2.2, 0.12, 28, 24, 504, 3840
2, 0, 2.4, 0.12, 28, 24, 627, 4437
2, 0, 2.6, 0.12, 28, 24, 689, 5096
2, 0, 2.8, 0.12, 28, 24, 814, 5688
2, 0, 3, 0.12, 28, 24, 895, 6329
2, 0, 3.2, 0.12, 28, 24, 987, 6945
2, 0, 3.4, 0.12, 28, 24, 1042, 7622
2, 0, 3.6, 0.12, 28, 24, 1071, 8312
2, 0, 3.8, 0.12, 28, 24, 1180, 8920
2, 0, 4, 0.12, 28, 24, 1332, 9486
2, 0, 4.2, 0.12, 28, 24, 1410, 10135
2, 0, 4.4, 0.12, 28, 24, 1446, 10823
2, 0, 4.6, 0.12, 28, 24, 1484, 11503
2, 0, 4.8, 0.12, 28, 24, 1622, 12080
2, 0, 1, 0.14, 28, 24, 3, 18
2, 0, 1.2, 0.14, 28, 24, 106, 635
2, 0, 1.4, 0.14, 28, 24, 201, 1263
2, 0, 1.6, 0.14, 28, 24, 324, 1859
2, 0, 1.8, 0.14, 28, 24, 405, 2501
2, 0, 2, 0.14, 28, 24, 524, 3100
2, 0, 2.2, 0.14, 28, 24, 606, 3739
2, 0, 2.4, 0.14, 28, 24, 703, 4355
2, 0, 2.6, 0.14, 28, 24, 811, 4966
2, 0, 2.8, 0.14, 28, 24, 901, 5606
2, 0, 3, 0.14, 28, 24, 980, 6236
2, 0, 3.2, 0.14, 28, 24, 1082, 6854
2, 0, 3.4, 0.14, 28, 24, 1181, 7478
2, 0, 3.6, 0.14, 28, 24, 1322, 8064
2, 0, 3.8, 0.14, 28, 24, 1481, 8621
2, 0, 4, 0.14, 28, 24, 1440, 9376
2, 0, 4.2, 0.14, 28, 24, 1590, 9950
2, 0, 4.4, 0.14, 28, 24, 1765, 10495
2, 0, 4.6, 0.14, 28, 24, 1778, 11201
2, 0, 4.8, 0.14, 28, 24, 1874, 11833
2, 0, 1, 0.16, 28, 24, 7, 13
2, 0, 1.2, 0.16, 28, 24, 99, 630
2, 0, 1.4, 0.16, 28, 24, 227, 1229
2, 0, 1.6, 0.16, 28, 24, 342, 1843
2, 0, 1.8, 0.16, 28, 24, 441, 2458
2, 0, 2, 0.16, 28, 24, 587, 3032
2, 0, 2.2, 0.16, 28, 24, 650, 3690
2, 0, 2.4, 0.16, 28, 24, 859, 4197
2, 0, 2.6, 0.16, 28, 24, 943, 4831
2, 0, 2.8, 0.16, 28, 24, 1024, 5471
2, 0, 3, 0.16, 28, 24, 1155, 6063
2, 0, 3.2, 0.16, 28, 24, 1299, 6639
2, 0, 3.4, 0.16, 28, 24, 1328, 7330
2, 0, 3.6, 0.16, 28, 24, 1524, 7853
2, 0, 3.8, 0.16, 28, 24, 1605, 8488
2, 0, 4, 0.16, 28, 24, 1699, 9118
2, 0, 4.2, 0.16, 28, 24, 1784, 9751
2, 0, 4.4, 0.16, 28, 24, 1962, 10295
2, 0, 4.6, 0.16, 28, 24, 2094, 10883
2, 0, 4.8, 0.16, 28, 24, 2191, 11501
2, 0, 1, 0.18, 28, 24, 6, 20
2, 0, 1.2, 0.18, 28, 24, 129, 606
2, 0, 1.4, 0.18, 28, 24, 295, 1156
2, 0, 1.6, 0.18, 28, 24, 413, 1765
2, 0, 1.8, 0.18, 28, 24, 529, 2379
2, 0, 2, 0.18, 28, 24, 664, 2954
2, 0, 2.2, 0.18, 28, 24, 816, 3527
2, 0, 2.4, 0.18, 28, 24, 915, 4139
2, 0, 2.6, 0.18, 28, 24, 1080, 4695
2, 0, 2.8, 0.18, 28, 24, 1167, 5332
2, 0, 3, 0.18, 28, 24, 1292, 5924
2, 0, 3.2, 0.18, 28, 24, 1493, 6446
2, 0, 3.4, 0.18, 28, 24, 1521, 7133
2, 0, 3.6, 0.18, 28, 24, 1612, 7766
2, 0, 3.8, 0.18, 28, 24, 1846, 8253
2, 0, 4, 0.18, 28, 24, 1905, 8914
2, 0, 4.2, 0.18, 28, 24, 2125, 9414
2, 0, 4.4, 0.18, 28, 24, 2243, 10011
2, 0, 4.6, 0.18, 28, 24, 2364, 10603
2, 0, 4.8, 0.18, 28, 24, 2432, 11271
2, 0, 1, 0.2, 28, 24, 2, 19
2, 0, 1.2, 0.2, 28, 24, 148, 586
2, 0, 1.4, 0.2, 28, 24, 302, 1150
2, 0, 1.6, 0.2, 28, 24, 469, 1698
2, 0, 1.8, 0.2, 28, 24, 548, 2349
2, 0, 2, 0.2, 28, 24, 711, 2904
2, 0, 2.2, 0.2, 28, 24, 893, 3447
2, 0, 2.4, 0.2, 28, 24, 1007, 4049
2, 0, 2.6, 0.2, 28, 24, 1144, 4632
2, 0, 2.8, 0.2, 28, 24, 1261, 5230
2, 0, 3, 0.2, 28, 24, 1410, 5799
2, 0, 3.2, 0.2, 28, 24, 1616, 6318
2, 0, 3.4, 0.2, 28, 24, 1773, 6883
2, 0, 3.6, 0.2, 28, 24, 1836, 7538
2, 0, 3.8, 0.2, 28, 24, 2046, 8045
2, 0, 4, 0.2, 28, 24, 2190, 8635
2, 0, 4.2, 0.2, 28, 24, 2387, 9154
2, 0, 4.4, 0.2, 28, 24, 2458, 9790
2, 0, 4.6, 0.2, 28, 24, 2625, 10350
2, 0, 4.8, 0.2, 28, 24, 2634, 11054
2, 0, 1, 0.22, 28, 24, 1, 16
2, 0, 1.2, 0.22, 28, 24, 157, 573
2, 0, 1.4, 0.22, 28, 24, 322, 1123
2, 0, 1.6, 0.22, 28, 24, 452, 1721
2, 0, 1.8, 0.22, 28, 24, 613, 2282
2, 0, 2, 0.22, 28, 24, 807, 2808
2, 0, 2.2, 0.22, 28, 24, 948, 3388
2, 0, 2.4, 0.22, 28, 24, 1174, 3874
2, 0, 2.6, 0.22, 28, 24, 1250, 4531
2, 0, 2.8, 0.22, 28, 24, 1457, 5034
2, 0, 3, 0.22, 28, 24, 1584, 5633
2, 0, 3.2, 0.22, 28, 24, 1731, 6198
2, 0, 3.4, 0.22, 28, 24, 1908, 6748
2, 0, 3.6, 0.22, 28, 24, 2025, 7347
2, 0, 3.8, 0.22, 28, 24, 2297, 7796
2, 0, 4, 0.22, 28, 24, 2331, 8479
2, 0, 4.2, 0.22, 28, 24, 2532, 9001
2, 0, 4.4, 0.22, 28, 24, 2725, 9532
2, 0, 4.6, 0.22, 28, 24, 2792, 10174
2, 0, 4.8, 0.22, 28, 24, 3010, 10680
2, 0, 1, 0.24, 28, 24, 3, 4
2, 0, 1.2, 0.24, 28, 24, 186, 542
2, 0, 1.4, 0.24, 28, 24, 326, 1126
2, 0, 1.6, 0.24, 28, 24, 509, 1668
2, 0, 1.8, 0.24, 28, 24, 699, 2189
2, 0, 2, 0.24, 28, 24, 857, 2752
2, 0, 2.2, 0.24, 28, 24, 1007, 3325
2, 0, 2.4, 0.24, 28, 24, 1252, 3798
2, 0, 2.6, 0.24, 28, 24, 1376, 4396
2, 0, 2.8, 0.24, 28, 24, 1618, 4863
2, 0, 3, 0.24, 28, 24, 1676, 5525
2, 0, 3.2, 0.24, 28, 24, 1925, 6002
2, 0, 3.4, 0.24, 28, 24, 2119, 6526
2, 0, 3.6, 0.24, 28, 24, 2209, 7160
2, 0, 3.8, 0.24, 28, 24, 2473, 7621
2, 0, 4, 0.24, 28, 24, 2609, 8197
2, 0, 4.2, 0.24, 28, 24, 2713, 8823
2, 0, 4.4, 0.24, 28, 24, 2913, 9337
2, 0, 4.6, 0.24, 28, 24, 3058, 9911
2, 0, 4.8, 0.24, 28, 24, 3276, 10425
2, 0, 1, 0.26, 28, 24, 5, 8
2, 0, 1.2, 0.26, 28, 24, 187, 545
2, 0, 1.4, 0.26, 28, 24, 383, 1062
2, 0, 1.6, 0.26, 28, 24, 595, 1566
2, 0, 1.8, 0.26, 28, 24, 766, 2125
2, 0, 2, 0.26, 28, 24, 961, 2645
2, 0, 2.2, 0.26, 28, 24, 1089, 3243
2, 0, 2.4, 0.26, 28, 24, 1270, 3782
2, 0, 2.6, 0.26, 28, 24, 1550, 4228
2, 0, 2.8, 0.26, 28, 24, 1693, 4785
2, 0, 3, 0.26, 28, 24, 1838, 5368
2, 0, 3.2, 0.26, 28, 24, 2010, 5919
2, 0, 3.4, 0.26, 28, 24, 2268, 6383
2, 0, 3.6, 0.26, 28, 24, 2431, 6935
2, 0, 3.8, 0.26, 28, 24, 2584, 7503
2, 0, 4, 0.26, 28, 24, 2805, 8002
2, 0, 4.2, 0.26, 28, 24, 2947, 8586
2, 0, 4.4, 0.26, 28, 24, 3249, 8995
2, 0, 4.6, 0.26, 28, 24, 3414, 9554
2, 0, 4.8, 0.26, 28, 24, 3634, 10057
2, 0, 1, 0.28, 28, 24, 3, 7
2, 0, 1.2, 0.28, 28, 24, 211, 522
2, 0, 1.4, 0.28, 28, 24, 391, 1061
2, 0, 1.6, 0.28, 28, 24, 593, 1572
2, 0, 1.8, 0.28, 28, 24, 858, 2034
2, 0, 2, 0.28, 28, 24, 977, 2632
2, 0, 2.2, 0.28, 28, 24, 1205, 3124
2, 0, 2.4, 0.28, 28, 24, 1390, 3653
2, 0, 2.6, 0.28, 28, 24, 1620, 4145
2, 0, 2.8, 0.28, 28, 24, 1814, 4665
2, 0, 3, 0.28, 28, 24, 2006, 5201
2, 0, 3.2, 0.28, 28, 24, 2201, 5728
2, 0, 3.4, 0.28, 28, 24, 2375, 6266
2, 0, 3.6, 0.28, 28, 24, 2586, 6783
2, 0, 3.8, 0.28, 28, 24, 2796, 7282
2, 0, 4, 0.28, 28, 24, 3122, 7682
2, 0, 4.2, 0.28, 28, 24, 3279, 8251
2, 0, 4.4, 0.28, 28, 24, 3411, 8833
2, 0, 4.6, 0.28, 28, 24, 3572, 9392
2, 0, 4.8, 0.28, 28, 24, 3846, 9835
2, 0, 1, 0.3, 28, 24, 4, 7
2, 0, 1.2, 0.3, 28, 24, 190, 532
2, 0, 1.4, 0.3, 28, 24, 429, 1015
2, 0, 1.6, 0.3, 28, 24, 626, 1537
2, 0, 1.8, 0.3, 28, 24, 889, 2001
2, 0, 2, 0.3, 28, 24, 1056, 2544
2, 0, 2.2, 0.3, 28, 24, 1307, 3015
2, 0, 2.4, 0.3, 28, 24, 1501, 3540
2, 0, 2.6, 0.3, 28, 24, 1749, 4026
2, 0, 2.8, 0.3, 28, 24, 1989, 4495
2, 0, 3, 0.3, 28, 24, 2194, 5020
2, 0, 3.2, 0.3, 28, 24, 2389, 5542
2, 0, 3.4, 0.3, 28, 24, 2643, 6003
2, 0, 3.6, 0.3, 28, 24, 2725, 6649
2, 0, 3.8, 0.3, 28, 24, 2998, 7088
2, 0, 4, 0.3, 28, 24, 3266, 7541
2, 0, 4.2, 0.3, 28, 24, 3555, 7968
2, 0, 4.4, 0.3, 28, 24, 3709, 8535
2, 0, 4.6, 0.3, 28, 24, 3933, 9034
2, 0, 4.8, 0.3, 28, 24, 4055, 9631
2, 0, 1, 0.32, 28, 24, 1, 7
2, 0, 1.2, 0.32, 28, 24, 244, 473
2, 0, 1.4, 0.32, 28, 24, 448, 995
2, 0, 1.6, 0.32, 28, 24, 681, 1487
2, 0, 1.8, 0.32, 28, 24, 923, 1968
2, 0, 2, 0.32, 28, 24, 1233, 2376
2, 0, 2.2, 0.32, 28, 24, 1385, 2944
2, 0, 2.4, 0.32, 28, 24, 1595, 3445
2, 0, 2.6, 0.32, 28, 24, 1860, 3908
2, 0, 2.8, 0.32, 28, 24, 2051, 4428
2, 0, 3, 0.32, 28, 24, 2324, 4879
2, 0, 3.2, 0.32, 28, 24, 2521, 5400
2, 0, 3.4, 0.32, 28, 24, 2731, 5905
2, 0, 3.6, 0.32, 28, 24, 2963, 6404
2, 0, 3.8, 0.32, 28, 24, 3198, 6889
2, 0, 4, 0.32, 28, 24, 3493, 7311
2, 0, 4.2, 0.32, 28, 24, 3664, 7857
2, 0, 4.4, 0.32, 28, 24, 3886, 8352
2, 0, 4.6, 0.32, 28, 24, 4153, 8812
2, 0, 4.8, 0.32, 28, 24, 4328, 9359
2, 0, 1, 0.34, 28, 24, 2, 1
2, 0, 1.2, 0.34, 28, 24, 246, 469
2, 0, 1.4, 0.34, 28, 24, 474, 969
2, 0, 1.6, 0.34, 28, 24, 742, 1420
2, 0, 1.8, 0.34, 28, 24, 971, 1913
2, 0, 2, 0.34, 28, 24, 1179, 2418
2, 0, 2.2, 0.34, 28, 24, 1490, 2834
2, 0, 2.4, 0.34, 28, 24, 1746, 3289
2, 0, 2.6, 0.34, 28, 24, 1928, 3832
2, 0, 2.8, 0.34, 28, 24, 2199, 4285
2, 0, 3, 0.34, 28, 24, 2402, 4790
2, 0, 3.2, 0.34, 28, 24, 2697, 5228
2, 0, 3.4, 0.34, 28, 24, 2915, 5725
2, 0, 3.6, 0.34, 28, 24, 3160, 6194
2, 0, 3.8, 0.34, 28, 24, 3479, 6603
2, 0, 4, 0.34, 28, 24, 3740, 7064
2, 0, 4.2, 0.34, 28, 24, 3882, 7640
2, 0, 4.4, 0.34, 28, 24, 4162, 8078
2, 0, 4.6, 0.34, 28, 24, 4344, 8621
2, 0, 4.8, 0.34, 28, 24, 4608, 9076
2, 0, 1, 0.36, 28, 24, 0, 1
2, 0, 1.2, 0.36, 28, 24, 269, 446
2, 0, 1.4, 0.36, 28, 24, 519, 922
2, 0, 1.6, 0.36, 28, 24, 761, 1391
2, 0, 1.8, 0.36, 28, 24, 1098, 1778
2, 0, 2, 0.36, 28, 24, 1295, 2300
2, 0, 2.2, 0.36, 28, 24, 1538, 2788
2, 0, 2.4, 0.36, 28, 24, 1801, 3237
2, 0, 2.6, 0.36, 28, 24, 2113, 3644
2, 0, 2.8, 0.36, 28, 24, 2342, 4146
2, 0, 3, 0.36, 28, 24, 2571, 4627
2, 0, 3.2, 0.36, 28, 24, 2902, 5014
2, 0, 3.4, 0.36, 28, 24, 3095, 5540
2, 0, 3.6, 0.36, 28, 24, 3415, 5938
2, 0, 3.8, 0.36, 28, 24, 3640, 6432
2, 0, 4, 0.36, 28, 24, 3904, 6897
2, 0, 4.2, 0.36, 28, 24, 4046, 7473
2, 0, 4.4, 0.36, 28, 24, 4369, 7871
2, 0, 4.6, 0.36, 28, 24, 4637, 8321
2, 0, 4.8, 0.36, 28, 24, 4936, 8744
2, 0, 1, 0.38, 28, 24, 3, 1
2, 0, 1.2, 0.38, 28, 24, 297, 426
2, 0, 1.4, 0.38, 28, 24, 563, 875
2, 0, 1.6, 0.38, 28, 24, 817, 1344
2, 0, 1.8, 0.38, 28, 24, 1099, 1786
2, 0, 2, 0.38, 28, 24, 1378, 2220
2, 0, 2.2, 0.38, 28, 24, 1621, 2695
2, 0, 2.4, 0.38, 28, 24, 1890, 3150
2, 0, 2.6, 0.38, 28, 24, 2191, 3562
2, 0, 2.8, 0.38, 28, 24, 2473, 4008
2, 0, 3, 0.38, 28, 24, 2726, 4471
2, 0, 3.2, 0.38, 28, 24, 3087, 4830
2, 0, 3.4, 0.38, 28, 24, 3300, 5339
2, 0, 3.6, 0.38, 28, 24, 3526, 5839
2, 0, 3.8, 0.38, 28, 24, 3829, 6250
2, 0, 4, 0.38, 28, 24, 4120, 6678
2, 0, 4.2, 0.38, 28, 24, 4278, 7242
2, 0, 4.4, 0.38, 28, 24, 4523, 7715
2, 0, 4.6, 0.38, 28, 24, 4875, 8085
2, 0, 4.8, 0.38, 28, 24, 5244, 8438
2, 0, 1, 0.4, 28, 24, 1, 1
2, 0, 1.2, 0.4, 28, 24, 270, 438
2, 0, 1.4, 0.4, 28, 24, 591, 850
2, 0, 1.6, 0.4, 28, 24, 793, 1359
2, 0, 1.8, 0.4, 28, 24, 1189, 1688
2, 0, 2, 0.4, 28, 24, 1504, 2100
2, 0, 2.2, 0.4, 28, 24, 1712, 2610
2, 0, 2.4, 0.4, 28, 24, 2044, 2991
2, 0, 2.6, 0.4, 28, 24, 2287, 3471
2, 0, 2.8, 0.4, 28, 24, 2563, 3909
2, 0, 3, 0.4, 28, 24, 2889, 4306
2, 0, 3.2, 0.4, 28, 24, 3130, 4790
2, 0, 3.4, 0.4, 28, 24, 3455, 5182
2, 0, 3.6, 0.4, 28, 24, 3712, 5647
2, 0, 3.8, 0.4, 28, 24, 3966, 6102
2, 0, 4, 0.4, 28, 24, 4371, 6421
2, 0, 4.2, 0.4, 28, 24, 4663, 6853
2, 0, 4.4, 0.4, 28, 24, 4816, 7421
2, 0, 4.6, 0.4, 28, 24, 5187, 7770
2, 0, 4.8, 0.4, 28, 24, 5534, 8143
2, 0, 1, 0.42, 28, 24, 1, 0
2, 0, 1.2, 0.42, 28, 24, 300, 415
2, 0, 1.4, 0.42, 28, 24, 591, 847
2, 0, 1.6, 0.42, 28, 24, 946, 1220
2, 0, 1.8, 0.42, 28, 24, 1203, 1666
2, 0, 2, 0.42, 28, 24, 1468, 2132
2, 0, 2.2, 0.42, 28, 24, 1784, 2530
2, 0, 2.4, 0.42, 28, 24, 2057, 2978
2, 0, 2.6, 0.42, 28, 24, 2471, 3291
2, 0, 2.8, 0.42, 28, 24, 2691, 3784
2, 0, 3, 0.42, 28, 24, 3027, 4170
2, 0, 3.2, 0.42, 28, 24, 3297, 4612
2, 0, 3.4, 0.42, 28, 24, 3613, 5026
2, 0, 3.6, 0.42, 28, 24, 4013, 5339
2, 0, 3.8, 0.42, 28, 24, 4217, 5857
2, 0, 4, 0.42, 28, 24, 4596, 6206
2, 0, 4.2, 0.42, 28, 24, 4735, 6790
2, 0, 4.4, 0.42, 28, 24, 5124, 7110
2, 0, 4.6, 0.42, 28, 24, 5427, 7534
2, 0, 4.8, 0.42, 28, 24, 5746, 7931
2, 0, 1, 0.44, 28, 24, 0, 1
2, 0, 1.2, 0.44, 28, 24, 322, 392
2, 0, 1.4, 0.44, 28, 24, 646, 788
2, 0, 1.6, 0.44, 28, 24, 967, 1193
2, 0, 1.8, 0.44, 28, 24, 1270, 1601
2, 0, 2, 0.44, 28, 24, 1595, 1992
2, 0, 2.2, 0.44, 28, 24, 1891, 2427
2, 0, 2.4, 0.44, 28, 24, 2194, 2829
2, 0, 2.6, 0.44, 28, 24, 2510, 3238
2, 0, 2.8, 0.44, 28, 24, 2800, 3670
2, 0, 3, 0.44, 28, 24, 3148, 4046
2, 0, 3.2, 0.44, 28, 24, 3367, 4552
2, 0, 3.4, 0.44, 28, 24, 3778, 4853
2, 0, 3.6, 0.44, 28, 24, 4184, 5164
2, 0, 3.8, 0.44, 28, 24, 4480, 5590
2, 0, 4, 0.44, 28, 24, 4782, 6015
2, 0, 4.2, 0.44, 28, 24, 5025, 6491
2, 0, 4.4, 0.44, 28, 24, 5380, 6849
2, 0, 4.6, 0.44, 28, 24, 5791, 7163
2, 0, 4.8, 0.44, 28, 24, 6037, 7638
2, 0, 1, 0.46, 28, 24, 0, 1
2, 0, 1.2, 0.46, 28, 24, 317, 397
2, 0, 1.4, 0.46, 28, 24, 641, 790
2, 0, 1.6, 0.46, 28, 24, 999, 1159
2, 0, 1.8, 0.46, 28, 24, 1305, 1571
2, 0, 2, 0.46, 28, 24, 1658, 1933
2, 0, 2.2, 0.46, 28, 24, 1966, 2340
2, 0, 2.4, 0.46, 28, 24, 2331, 2708
2, 0, 2.6, 0.46, 28, 24, 2604, 3143
2, 0, 2.8, 0.46, 28, 24, 2933, 3541
2, 0, 3, 0.46, 28, 24, 3215, 3979
2, 0, 3.2, 0.46, 28, 24, 3632, 4280
2, 0, 3.4, 0.46, 28, 24, 3956, 4673
2, 0, 3.6, 0.46, 28, 24, 4250, 5098
2, 0, 3.8, 0.46, 28, 24, 4649, 5420
2, 0, 4, 0.46, 28, 24, 4937, 5852
2, 0, 4.2, 0.46, 28, 24, 5295, 6214
2, 0, 4.4, 0.46, 28, 24, 5669, 6564
2, 0, 4.6, 0.46, 28, 24, 5926, 7030
2, 0, 4.8, 0.46, 28, 24, 6287, 7379
2, 0, 1, 0.48, 28, 24, 1, 1
2, 0, 1.2, 0.48, 28, 24, 336, 375
2, 0, 1.4, 0.48, 28, 24, 664, 768
2, 0, 1.6, 0.48, 28, 24, 1008, 1144
2, 0, 1.8, 0.48, 28, 24, 1373, 1495
2, 0, 2, 0.48, 28, 24, 1718, 1865
2, 0, 2.2, 0.48, 28, 24, 2127, 2181
2, 0, 2.4, 0.48, 28, 24, 2386, 2639
2, 0, 2.6, 0.48, 28, 24, 2780, 2968
2, 0, 2.8, 0.48, 28, 24, 3097, 3369
2, 0, 3, 0.48, 28, 24, 3493, 3690
2, 0, 3.2, 0.48, 28, 24, 3826, 4091
2, 0, 3.4, 0.48, 28, 24, 4149, 4484
2, 0, 3.6, 0.48, 28, 24, 4520, 4829
2, 0, 3.8, 0.48, 28, 24, 4790, 5280
2, 0, 4, 0.48, 28, 24, 5160, 5633
2, 0, 4.2, 0.48, 28, 24, 5474, 6031
2, 0, 4.4, 0.48, 28, 24, 5882, 6343
2, 0, 4.6, 0.48, 28, 24, 6232, 6721
2, 0, 4.8, 0.48, 28, 24, 6549, 7118
2, 0, 1, 0.5, 28, 24, 0, 1
2, 0, 1.2, 0.5, 28, 24, 346, 365
2, 0, 1.4, 0.5, 28, 24, 720, 704
2, 0, 1.6, 0.5, 28, 24, 1102, 1050
2, 0, 1.8, 0.5, 28, 24, 1389, 1482
2, 0, 2, 0.5, 28, 24, 1758, 1831
2, 0, 2.2, 0.5, 28, 24, 2208, 2097
2, 0, 2.4, 0.5, 28, 24, 2510, 2523
2, 0, 2.6, 0.5, 28, 24, 2848, 2899
2, 0, 2.8, 0.5, 28, 24, 3258, 3215
2, 0, 3, 0.5, 28, 24, 3514, 3668
2, 0, 3.2, 0.5, 28, 24, 3921, 3986
2, 0, 3.4, 0.5, 28, 24, 4407, 4221
2, 0, 3.6, 0.5, 28, 24, 4646, 4704
2, 0, 3.8, 0.5, 28, 24, 5067, 5005
2, 0, 4, 0.5, 28, 24, 5429, 5364
2, 0, 4.2, 0.5, 28, 24, 5789, 5723
2, 0, 4.4, 0.5, 28, 24, 6132, 6095
2, 0, 4.6, 0.5, 28, 24, 6411, 6539
2, 0, 4.8, 0.5, 28, 24, 6768, 6899
2, 0, 1, 0.52, 28, 24, 1, 1
2, 0, 1.2, 0.52, 28, 24, 372, 337
2, 0, 1.4, 0.52, 28, 24, 751, 677
2, 0, 1.6, 0.52, 28, 24, 1096, 1046
2, 0, 1.8, 0.52, 28, 24, 1467, 1398
2, 0, 2, 0.52, 28, 24, 1859, 1738
2, 0, 2.2, 0.52, 28, 24, 2271, 2025
2, 0, 2.4, 0.52, 28, 24, 2604, 2422
2, 0, 2.6, 0.52, 28, 24, 3001, 2740
2, 0, 2.8, 0.52, 28, 24, 3413, 3054
2, 0, 3, 0.52, 28, 24, 3675, 3517
2, 0, 3.2, 0.52, 28, 24, 4044, 3868
2, 0, 3.4, 0.52, 28, 24, 4460, 4171
2, 0, 3.6, 0.52, 28, 24, 4848, 4504
2, 0, 3.8, 0.52, 28, 24, 5226, 4841
2, 0, 4, 0.52, 28, 24, 5563, 5218
2, 0, 4.2, 0.52, 28, 24, 5986, 5516
2, 0, 4.4, 0.52, 28, 24, 6396, 5823
2, 0, 4.6, 0.52, 28, 24, 6782, 6163
2, 0, 4.8, 0.52, 28, 24, 7084, 6582
2, 0, 1, 0.54, 28, 24, 1, 0
2, 0, 1.2, 0.54, 28, 24, 377, 320
2, 0, 1.4, 0.54, 28, 24, 757, 675
2, 0, 1.6, 0.54, 28, 24, 1157, 992
2, 0, 1.8, 0.54, 28, 24, 1560, 1310
2, 0, 2, 0.54, 28, 24, 1919, 1661
2, 0, 2.2, 0.54, 28, 24, 2329, 1972
2, 0, 2.4, 0.54, 28, 24, 2736, 2289
2, 0, 2.6, 0.54, 28, 24, 3138, 2608
2, 0, 2.8, 0.54, 28, 24, 3501, 2963
2, 0, 3, 0.54, 28, 24, 3800, 3382
2, 0, 3.2, 0.54, 28, 24, 4152, 3757
2, 0, 3.4, 0.54, 28, 24, 4600, 4029
2, 0, 3.6, 0.54, 28, 24, 4953, 4397
2, 0, 3.8, 0.54, 28, 24, 5366, 4695
2, 0, 4, 0.54, 28, 24, 5825, 4954
2, 0, 4.2, 0.54, 28, 24, 6220, 5282
2, 0, 4.4, 0.54, 28, 24, 6567, 5662
2, 0, 4.6, 0.54, 28, 24, 7017, 5926
2, 0, 4.8, 0.54, 28, 24, 7318, 6348
2, 0, 1, 0.56, 28, 24, 0, 2
2, 0, 1.2, 0.56, 28, 24, 381, 316
2, 0, 1.4, 0.56, 28, 24, 798, 626
2, 0, 1.6, 0.56, 28, 24, 1195, 949
2, 0, 1.8, 0.56, 28, 24, 1637, 1228
2, 0, 2, 0.56, 28, 24, 2017, 1566
2, 0, 2.2, 0.56, 28, 24, 2373, 1927
2, 0, 2.4, 0.56, 28, 24, 2800, 2217
2, 0, 2.6, 0.56, 28, 24, 3216, 2527
2, 0, 2.8, 0.56, 28, 24, 3627, 2839
2, 0, 3, 0.56, 28, 24, 4038, 3152
2, 0, 3.2, 0.56, 28, 24, 4392, 3509
2, 0, 3.4, 0.56, 28, 24, 4753, 3878
2, 0, 3.6, 0.56, 28, 24, 5265, 4082
2, 0, 3.8, 0.56, 28, 24, 5644, 4426
2, 0, 4, 0.56, 28, 24, 6076, 4707
2, 0, 4.2, 0.56, 28, 24, 6471, 5032
2, 0, 4.4, 0.56, 28, 24, 6782, 5448
2, 0, 4.6, 0.56, 28, 24, 7298, 5645
2, 0, 4.8, 0.56, 28, 24, 7657, 6009
2, 0, 1, 0.58, 28, 24, 0, 1
2, 0, 1.2, 0.58, 28, 24, 427, 284
2, 0, 1.4, 0.58, 28, 24, 817, 603
2, 0, 1.6, 0.58, 28, 24, 1260, 882
2, 0, 1.8, 0.58, 28, 24, 1629, 1234
2, 0, 2, 0.58, 28, 24, 2107, 1477
2, 0, 2.2, 0.58, 28, 24, 2518, 1783
2, 0, 2.4, 0.58, 28, 24, 2935, 2090
2, 0, 2.6, 0.58, 28, 24, 3366, 2373
2, 0, 2.8, 0.58, 28, 24, 3771, 2692
2, 0, 3, 0.58, 28, 24, 4204, 2977
2, 0, 3.2, 0.58, 28, 24, 4532, 3367
2, 0, 3.4, 0.58, 28, 24, 5011, 3611
2, 0, 3.6, 0.58, 28, 24, 5450, 3891
2, 0, 3.8, 0.58, 28, 24, 5773, 4288
2, 0, 4, 0.58, 28, 24, 6273, 4511
2, 0, 4.2, 0.58, 28, 24, 6691, 4808
2, 0, 4.4, 0.58, 28, 24, 7066, 5156
2, 0, 4.6, 0.58, 28, 24, 7446, 5487
2, 0, 4.8, 0.58, 28, 24, 7872, 5790
2, 0, 1, 0.6, 28, 24, 1, 0
2, 0, 1.2, 0.6, 28, 24, 431, 276
2, 0, 1.4, 0.6, 28, 24, 894, 531
2, 0, 1.6, 0.6, 28, 24, 1299, 837
2, 0, 1.8, 0.6, 28, 24, 1740, 1122
2, 0, 2, 0.6, 28, 24, 2155, 1429
2, 0, 2.2, 0.6, 28, 24, 2631, 1669
2, 0, 2.4, 0.6, 28, 24, 3022, 1997
2, 0, 2.6, 0.6, 28, 24, 3426, 2311
2, 0, 2.8, 0.6, 28, 24, 3887, 2576
2, 0, 3, 0.6, 28, 24, 4293, 2886
2, 0, 3.2, 0.6, 28, 24, 4718, 3182
2, 0, 3.4, 0.6, 28, 24, 5227, 3403
2, 0, 3.6, 0.6, 28, 24, 5699, 3648
2, 0, 3.8, 0.6, 28, 24, 6122, 3941
2, 0, 4, 0.6, 28, 24, 6378, 4399
2, 0, 4.2, 0.6, 28, 24, 6927, 4571
2, 0, 4.4, 0.6, 28, 24, 7283, 4945
2, 0, 4.6, 0.6, 28, 24, 7789, 5152
2, 0, 4.8, 0.6, 28, 24, 8228, 5436
2, 0, 1, 0.62, 28, 24, 1, 0
2, 0, 1.2, 0.62, 28, 24, 436, 270
2, 0, 1.4, 0.62, 28, 24, 867, 546
2, 0, 1.6, 0.62, 28, 24, 1298, 845
2, 0, 1.8, 0.62, 28, 24, 1801, 1062
2, 0, 2, 0.62, 28, 24, 2223, 1358
2, 0, 2.2, 0.62, 28, 24, 2663, 1635
2, 0, 2.4, 0.62, 28, 24, 3135, 1887
2, 0, 2.6, 0.62, 28, 24, 3548, 2190
2, 0, 2.8, 0.62, 28, 24, 4078, 2379
2, 0, 3, 0.62, 28, 24, 4433, 2742
2, 0, 3.2, 0.62, 28, 24, 4945, 2960
2, 0, 3.4, 0.62, 28, 24, 5329, 3288
2, 0, 3.6, 0.62, 28, 24, 5839, 3501
2, 0, 3.8, 0.62, 28, 24, 6187, 3870
2, 0, 4, 0.62, 28, 24, 6727, 4050
2, 0, 4.2, 0.62, 28, 24, 7046, 4457
2, 0, 4.4, 0.62, 28, 24, 7514, 4714
2, 0, 4.6, 0.62, 28, 24, 8050, 4891
2, 0, 4.8, 0.62, 28, 24, 8463, 5195
2, 0, 1, 0.64, 28, 24, 1, 1
2, 0, 1.2, 0.64, 28, 24, 445, 259
2, 0, 1.4, 0.64, 28, 24, 900, 521
2, 0, 1.6, 0.64, 28, 24, 1368, 776
2, 0, 1.8, 0.64, 28, 24, 1802, 1054
2, 0, 2, 0.64, 28, 24, 2282, 1298
2, 0, 2.2, 0.64, 28, 24, 2742, 1562
2, 0, 2.4, 0.64, 28, 24, 3200, 1814
2, 0, 2.6, 0.64, 28, 24, 3721, 2019
2, 0, 2.8, 0.64, 28, 24, 4150, 2313
2, 0, 3, 0.64, 28, 24, 4667, 2514
2, 0, 3.2, 0.64, 28, 24, 5037, 2866
2, 0, 3.4, 0.64, 28, 24, 5522, 3099
2, 0, 3.6, 0.64, 28, 24, 5957, 3382
2, 0, 3.8, 0.64, 28, 24, 6440, 3622
2, 0, 4, 0.64, 28, 24, 6895, 3883
2, 0, 4.2, 0.64, 28, 24, 7315, 4171
2, 0, 4.4, 0.64, 28, 24, 7759, 4469
2, 0, 4.6, 0.64, 28, 24, 8288, 4655
2, 0, 4.8, 0.64, 28, 24, 8757, 4899
2, 0, 1, 0.66, 28, 24, 1, 0
2, 0, 1.2, 0.66, 28, 24, 464, 242
2, 0, 1.4, 0.66, 28, 24, 931, 493
2, 0, 1.6, 0.66, 28, 24, 1445, 685
2, 0, 1.8, 0.66, 28, 24, 1891, 971
2, 0, 2, 0.66, 28, 24, 2389, 1196
2, 0, 2.2, 0.66, 28, 24, 2869, 1428
2, 0, 2.4, 0.66, 28, 24, 3299, 1714
2, 0, 2.6, 0.66, 28, 24, 3776, 1958
2, 0, 2.8, 0.66, 28, 24, 4269, 2186
2, 0, 3, 0.66, 28, 24, 4670, 2502
2, 0, 3.2, 0.66, 28, 24, 5176, 2729
2, 0, 3.4, 0.66, 28, 24, 5782, 2840
2, 0, 3.6, 0.66, 28, 24, 6127, 3208
2, 0, 3.8, 0.66, 28, 24, 6753, 3307
2, 0, 4, 0.66, 28, 24, 7117, 3658
2, 0, 4.2, 0.66, 28, 24, 7557, 3943
2, 0, 4.4, 0.66, 28, 24, 8109, 4102
2, 0, 4.6, 0.66, 28, 24, 8527, 4402
2, 0, 4.8, 0.66, 28, 24, 8979, 4681
2, 0, 1, 0.68, 28, 24, 0, 1
2, 0, 1.2, 0.68, 28, 24, 479, 220
2, 0, 1.4, 0.68, 28, 24, 949, 465
2, 0, 1.6, 0.68, 28, 24, 1466, 662
2, 0, 1.8, 0.68, 28, 24, 1939, 913
2, 0, 2, 0.68, 28, 24, 2424, 1156
2, 0, 2.2, 0.68, 28, 24, 2886, 1413
2, 0, 2.4, 0.68, 28, 24, 3393, 1624
2, 0, 2.6, 0.68, 28, 24, 3936, 1805
2, 0, 2.8, 0.68, 28, 24, 4364, 2099
2, 0, 3, 0.68, 28, 24, 4868, 2310
2, 0, 3.2, 0.68, 28, 24, 5389, 2514
2, 0, 3.4, 0.68, 28, 24, 5769, 2846
2, 0, 3.6, 0.68, 28, 24, 6427, 2912
2, 0, 3.8, 0.68, 28, 24, 6771, 3286
2, 0, 4, 0.68, 28, 24, 7386, 3391
2, 0, 4.2, 0.68, 28, 24, 7820, 3680
2, 0, 4.4, 0.68, 28, 24, 8333, 3886
2, 0, 4.6, 0.68, 28, 24, 8783, 4150
2, 0, 4.8, 0.68, 28, 24, 9275, 4378
2, 0, 1, 0.7, 28, 24, 0, 0
2, 0, 1.2, 0.7, 28, 24, 491, 207
2, 0, 1.4, 0.7, 28, 24, 1009, 411
2, 0, 1.6, 0.7, 28, 24, 1463, 678
2, 0, 1.8, 0.7, 28, 24, 2012, 835
2, 0, 2, 0.7, 28, 24, 2505, 1065
2, 0, 2.2, 0.7, 28, 24, 3061, 1238
2, 0, 2.4, 0.7, 28, 24, 3549, 1474
2, 0, 2.6, 0.7, 28, 24, 4035, 1707
2, 0, 2.8, 0.7, 28, 24, 4536, 1929
2, 0, 3, 0.7, 28, 24, 5024, 2153
2, 0, 3.2, 0.7, 28, 24, 5496, 2392
2, 0, 3.4, 0.7, 28, 24, 6059, 2559
2, 0, 3.6, 0.7, 28, 24, 6534, 2800
2, 0, 3.8, 0.7, 28, 24, 7061, 2999
2, 0, 4, 0.7, 28, 24, 7629, 3156
2, 0, 4.2, 0.7, 28, 24, 8071, 3418
2, 0, 4.4, 0.7, 28, 24, 8608, 3608
2, 0, 4.6, 0.7, 28, 24, 8985, 3955
2, 0, 4.8, 0.7, 28, 24, 9578, 4076
2, 0, 1, 0.72, 28, 24, 1, 0
2, 0, 1.2, 0.72, 28, 24, 512, 186
2, 0, 1.4, 0.72, 28, 24, 1049, 368
2, 0, 1.6, 0.72, 28, 24, 1530, 606
2, 0, 1.8, 0.72, 28, 24, 2084, 773
2, 0, 2, 0.72, 28, 24, 2580, 992
2, 0, 2.2, 0.72, 28, 24, 3089, 1204
2, 0, 2.4, 0.72, 28, 24, 3614, 1398
2, 0, 2.6, 0.72, 28, 24, 4054, 1675
2, 0, 2.8, 0.72, 28, 24, 4674, 1783
2, 0, 3, 0.72, 28, 24, 5173, 2007
2, 0, 3.2, 0.72, 28, 24, 5744, 2154
2, 0, 3.4, 0.72, 28, 24, 6329, 2294
2, 0, 3.6, 0.72, 28, 24, 6746, 2593
2, 0, 3.8, 0.72, 28, 24, 7337, 2718
2, 0, 4, 0.72, 28, 24, 7790, 2991
2, 0, 4.2, 0.72, 28, 24, 8289, 3203
2, 0, 4.4, 0.72, 28, 24, 8846, 3359
2, 0, 4.6, 0.72, 28, 24, 9252, 3674
2, 0, 4.8, 0.72, 28, 24, 9822, 3835
2, 0, 1, 0.74, 28, 24, 1, 0
2, 0, 1.2, 0.74, 28, 24, 526, 167
2, 0, 1.4, 0.74, 28, 24, 1047, 362
2, 0, 1.6, 0.74, 28, 24, 1564, 565
2, 0, 1.8, 0.74, 28, 24, 2122, 733
2, 0, 2, 0.74, 28, 24, 2676, 900
2, 0, 2.2, 0.74, 28, 24, 3126, 1165
2, 0, 2.4, 0.74, 28, 24, 3747, 1273
2, 0, 2.6, 0.74, 28, 24, 4244, 1487
2, 0, 2.8, 0.74, 28, 24, 4747, 1709
2, 0, 3, 0.74, 28, 24, 5278, 1897
2, 0, 3.2, 0.74, 28, 24, 5844, 2047
2, 0, 3.4, 0.74, 28, 24, 6458, 2165
2, 0, 3.6, 0.74, 28, 24, 6898, 2432
2, 0, 3.8, 0.74, 28, 24, 7422, 2634
2, 0, 4, 0.74, 28, 24, 7999, 2775
2, 0, 4.2, 0.74, 28, 24, 8507, 2982
2, 0, 4.4, 0.74, 28, 24, 9061, 3148
2, 0, 4.6, 0.74, 28, 24, 9497, 3441
2, 0, 4.8, 0.74, 28, 24, 10058, 3596
2, 0, 1, 0.76, 28, 24, 1, 0
2, 0, 1.2, 0.76, 28, 24, 526, 165
2, 0, 1.4, 0.76, 28, 24, 1094, 319
2, 0, 1.6, 0.76, 28, 24, 1592, 536
2, 0, 1.8, 0.76, 28, 24, 2116, 739
2, 0, 2, 0.76, 28, 24, 2711, 867
2, 0, 2.2, 0.76, 28, 24, 3259, 1029
2, 0, 2.4, 0.76, 28, 24, 3810, 1202
2, 0, 2.6, 0.76, 28, 24, 4365, 1364
2, 0, 2.8, 0.76, 28, 24, 4965, 1485
2, 0, 3, 0.76, 28, 24, 5397, 1768
2, 0, 3.2, 0.76, 28, 24, 5988, 1908
2, 0, 3.4, 0.76, 28, 24, 6533, 2080
2, 0, 3.6, 0.76, 28, 24, 7086, 2248
2, 0, 3.8, 0.76, 28, 24, 7598, 2442
2, 0, 4, 0.76, 28, 24, 8171, 2599
2, 0, 4.2, 0.76, 28, 24, 8785, 2713
2, 0, 4.4, 0.76, 28, 24, 9318, 2889
2, 0, 4.6, 0.76, 28, 24, 9848, 3085
2, 0, 4.8, 0.76, 28, 24, 10344, 3308
2, 0, 1, 0.78, 28, 24, 2, 0
2, 0, 1.2, 0.78, 28, 24, 547, 148
2, 0, 1.4, 0.78, 28, 24, 1092, 317
2, 0, 1.6, 0.78, 28, 24, 1640, 494
2, 0, 1.8, 0.78, 28, 24, 2240, 610
2, 0, 2, 0.78, 28, 24, 2821, 751
2, 0, 2.2, 0.78, 28, 24, 3375, 918
2, 0, 2.4, 0.78, 28, 24, 3904, 1116
2, 0, 2.6, 0.78, 28, 24, 4494, 1240
2, 0, 2.8, 0.78, 28, 24, 5079, 1368
2, 0, 3, 0.78, 28, 24, 5611, 1562
2, 0, 3.2, 0.78, 28, 24, 6179, 1705
2, 0, 3.4, 0.78, 28, 24, 6710, 1898
2, 0, 3.6, 0.78, 28, 24, 7247, 2081
2, 0, 3.8, 0.78, 28, 24, 7779, 2265
2, 0, 4, 0.78, 28, 24, 8377, 2385
2, 0, 4.2, 0.78, 28, 24, 8941, 2545
2, 0, 4.4, 0.78, 28, 24, 9540, 2660
2, 0, 4.6, 0.78, 28, 24, 10131, 2799
2, 0, 4.8, 0.78, 28, 24, 10682, 2965
2, 0, 1, 0.8, 28, 24, 1, 0
2, 0, 1.2, 0.8, 28, 24, 533, 152
2, 0, 1.4, 0.8, 28, 24, 1142, 269
2, 0, 1.6, 0.8, 28, 24, 1685, 447
2, 0, 1.8, 0.8, 28, 24, 2292, 551
2, 0, 2, 0.8, 28, 24, 2841, 723
2, 0, 2.2, 0.8, 28, 24, 3442, 849
2, 0, 2.4, 0.8, 28, 24, 4001, 1014
2, 0, 2.6, 0.8, 28, 24, 4619, 1112
2, 0, 2.8, 0.8, 28, 24, 5156, 1291
2, 0, 3, 0.8, 28, 24, 5699, 1466
2, 0, 3.2, 0.8, 28, 24, 6349, 1533
2, 0, 3.4, 0.8, 28, 24, 6857, 1751
2, 0, 3.6, 0.8, 28, 24, 7437, 1894
2, 0, 3.8, 0.8, 28, 24, 8032, 2016
2, 0, 4, 0.8, 28, 24, 8629, 2143
2, 0, 4.2, 0.8, 28, 24, 9130, 2357
2, 0, 4.4, 0.8, 28, 24, 9818, 2390
2, 0, 4.6, 0.8, 28, 24, 10253, 2674
2, 0, 4.8, 0.8, 28, 24, 10849, 2808
2, 0, 1, 0.82, 28, 24, 1, 0
2, 0, 1.2, 0.82, 28, 24, 558, 131
2, 0, 1.4, 0.82, 28, 24, 1172, 239
2, 0, 1.6, 0.82, 28, 24, 1730, 396
2, 0, 1.8, 0.82, 28, 24, 2344, 505
2, 0, 2, 0.82, 28, 24, 2936, 629
2, 0, 2.2, 0.82, 28, 24, 3529, 759
2, 0, 2.4, 0.82, 28, 24, 4150, 862
2, 0, 2.6, 0.82, 28, 24, 4690, 1035
2, 0, 2.8, 0.82, 28, 24, 5363, 1084
2, 0, 3, 0.82, 28, 24, 5903, 1263
2, 0, 3.2, 0.82, 28, 24, 6460, 1425
2, 0, 3.4, 0.82, 28, 24, 7087, 1524
2, 0, 3.6, 0.82, 28, 24, 7644, 1685
2, 0, 3.8, 0.82, 28, 24, 8202, 1842
2, 0, 4, 0.82, 28, 24, 8891, 1885
2, 0, 4.2, 0.82, 28, 24, 9396, 2091
2, 0, 4.4, 0.82, 28, 24, 10005, 2199
2, 0, 4.6, 0.82, 28, 24, 10527, 2401
2, 0, 4.8, 0.82, 28, 24, 11159, 2487
2, 0, 1, 0.84, 28, 24, 0, 0
2, 0, 1.2, 0.84, 28, 24, 558, 127
2, 0, 1.4, 0.84, 28, 24, 1200, 209
2, 0, 1.6, 0.84, 28, 24, 1773, 354
2, 0, 1.8, 0.84, 28, 24, 2397, 458
2, 0, 2, 0.84, 28, 24, 3020, 554
2, 0, 2.2, 0.84, 28, 24, 3645, 651
2, 0, 2.4, 0.84, 28, 24, 4252, 762
2, 0, 2.6, 0.84, 28, 24, 4847, 879
2, 0, 2.8, 0.84, 28, 24, 5422, 1027
2, 0, 3, 0.84, 28, 24, 6064, 1107
2, 0, 3.2, 0.84, 28, 24, 6609, 1275
2, 0, 3.4, 0.84, 28, 24, 7238, 1370
2, 0, 3.6, 0.84, 28, 24, 7832, 1500
2, 0, 3.8, 0.84, 28, 24, 8411, 1631
2, 0, 4, 0.84, 28, 24, 8987, 1778
2, 0, 4.2, 0.84, 28, 24, 9632, 1854
2, 0, 4.4, 0.84, 28, 24, 10331, 1872
2, 0, 4.6, 0.84, 28, 24, 10872, 2049
2, 0, 4.8, 0.84, 28, 24, 11453, 2182
2, 0, 1, 0.86, 28, 24, 1, 0
2, 0, 1.2, 0.86, 28, 24, 596, 91
2, 0, 1.4, 0.86, 28, 24, 1204, 197
2, 0, 1.6, 0.86, 28, 24, 1810, 313
2, 0, 1.8, 0.86, 28, 24, 2472, 364
2, 0, 2, 0.86, 28, 24, 3073, 501
2, 0, 2.2, 0.86, 28, 24, 3715, 563
2, 0, 2.4, 0.86, 28, 24, 4291, 703
2, 0, 2.6, 0.86, 28, 24, 4951, 772
2, 0, 2.8, 0.86, 28, 24, 5507, 933
2, 0, 3, 0.86, 28, 24, 6189, 973
2, 0, 3.2, 0.86, 28, 24, 6782, 1105
2, 0, 3.4, 0.86, 28, 24, 7358, 1248
2, 0, 3.6, 0.86, 28, 24, 8018, 1303
2, 0, 3.8, 0.86, 28, 24, 8604, 1440
2, 0, 4, 0.86, 28, 24, 9281, 1492
2, 0, 4.2, 0.86, 28, 24, 9893, 1595
2, 0, 4.4, 0.86, 28, 24, 10483, 1725
2, 0, 4.6, 0.86, 28, 24, 11102, 1823
2, 0, 4.8, 0.86, 28, 24, 11755, 1890
2, 0, 1, 0.88, 28, 24, 1, 0
2, 0, 1.2, 0.88, 28, 24, 602, 78
2, 0, 1.4, 0.88, 28, 24, 1255, 156
2, 0, 1.6, 0.88, 28, 24, 1875, 244
2, 0, 1.8, 0.88, 28, 24, 2497, 340
2, 0, 2, 0.88, 28, 24, 3083, 477
2, 0, 2.2, 0.88, 28, 24, 3782, 507
2, 0, 2.4, 0.88, 28, 24, 4385, 626
2, 0, 2.6, 0.88, 28, 24, 5014, 708
2, 0, 2.8, 0.88, 28, 24, 5706, 740
2, 0, 3, 0.88, 28, 24, 6309, 857
2, 0, 3.2, 0.88, 28, 24, 6929, 955
2, 0, 3.4, 0.88, 28, 24, 7556, 1046
2, 0, 3.6, 0.88, 28, 24, 8137, 1182
2, 0, 3.8, 0.88, 28, 24, 8808, 1234
2, 0, 4, 0.88, 28, 24, 9467, 1289
2, 0, 4.2, 0.88, 28, 24, 10139, 1349
2, 0, 4.4, 0.88, 28, 24, 10795, 1409
2, 0, 4.6, 0.88, 28, 24, 11415, 1515
2, 0, 4.8, 0.88, 28, 24, 11982, 1661
2, 0, 1, 0.9, 28, 24, 1, 0
2, 0, 1.2, 0.9, 28, 24, 623, 61
2, 0, 1.4, 0.9, 28, 24, 1274, 126
2, 0, 1.6, 0.9, 28, 24, 1935, 187
2, 0, 1.8, 0.9, 28, 24, 2530, 313
2, 0, 2, 0.9, 28, 24, 3201, 356
2, 0, 2.2, 0.9, 28, 24, 3879, 414
2, 0, 2.4, 0.9, 28, 24, 4504, 505
2, 0, 2.6, 0.9, 28, 24, 5152, 568
2, 0, 2.8, 0.9, 28, 24, 5801, 641
2, 0, 3, 0.9, 28, 24, 6418, 750
2, 0, 3.2, 0.9, 28, 24, 7108, 775
2, 0, 3.4, 0.9, 28, 24, 7725, 869
2, 0, 3.6, 0.9, 28, 24, 8389, 936
2, 0, 3.8, 0.9, 28, 24, 9065, 976
2, 0, 4, 0.9, 28, 24, 9678, 1086
2, 0, 4.2, 0.9, 28, 24, 10306, 1174
2, 0, 4.4, 0.9, 28, 24, 10938, 1269
2, 0, 4.6, 0.9, 28, 24, 11626, 1302
2, 0, 4.8, 0.9, 28, 24, 12263, 1385
2, 0, 1, 0.92, 28, 24, 1, 0
2, 0, 1.2, 0.92, 28, 24, 638, 47
2, 0, 1.4, 0.92, 28, 24, 1305, 101
2, 0, 1.6, 0.92, 28, 24, 1936, 184
2, 0, 1.8, 0.92, 28, 24, 2633, 217
2, 0, 2, 0.92, 28, 24, 3267, 294
2, 0, 2.2, 0.92, 28, 24, 3926, 361
2, 0, 2.4, 0.92, 28, 24, 4573, 422
2, 0, 2.6, 0.92, 28, 24, 5264, 455
2, 0, 2.8, 0.92, 28, 24, 5896, 546
2, 0, 3, 0.92, 28, 24, 6582, 579
2, 0, 3.2, 0.92, 28, 24, 7305, 575
2, 0, 3.4, 0.92, 28, 24, 7935, 672
2, 0, 3.6, 0.92, 28, 24, 8600, 725
2, 0, 3.8, 0.92, 28, 24, 9221, 819
2, 0, 4, 0.92, 28, 24, 9935, 823
2, 0, 4.2, 0.92, 28, 24, 10532, 949
2, 0, 4.4, 0.92, 28, 24, 11287, 917
2, 0, 4.6, 0.92, 28, 24, 11906, 1025
2, 0, 4.8, 0.92, 28, 24, 12570, 1074
2, 0, 1, 0.94, 28, 24, 1, 0
2, 0, 1.2, 0.94, 28, 24, 655, 32
2, 0, 1.4, 0.94, 28, 24, 1312, 97
2, 0, 1.6, 0.94, 28, 24, 1995, 125
2, 0, 1.8, 0.94, 28, 24, 2684, 155
2, 0, 2, 0.94, 28, 24, 3344, 220
2, 0, 2.2, 0.94, 28, 24, 4013, 267
2, 0, 2.4, 0.94, 28, 24, 4715, 289
2, 0, 2.6, 0.94, 28, 24, 5414, 305
2, 0, 2.8, 0.94, 28, 24, 6012, 426
2, 0, 3, 0.94, 28, 24, 6708, 454
2, 0, 3.2, 0.94, 28, 24, 7389, 489
2, 0, 3.4, 0.94, 28, 24, 8089, 520
2, 0, 3.6, 0.94, 28, 24, 8777, 545
2, 0, 3.8, 0.94, 28, 24, 9466, 578
2, 0, 4, 0.94, 28, 24, 10082, 673
2, 0, 4.2, 0.94, 28, 24, 10759, 722
2, 0, 4.4, 0.94, 28, 24, 11494, 697
2, 0, 4.6, 0.94, 28, 24, 12126, 792
2, 0, 4.8, 0.94, 28, 24, 12800, 844
2, 0, 1, 0.96, 28, 24, 1, 0
2, 0, 1.2, 0.96, 28, 24, 648, 29
2, 0, 1.4, 0.96, 28, 24, 1355, 51
2, 0, 1.6, 0.96, 28, 24, 2050, 75
2, 0, 1.8, 0.96, 28, 24, 2724, 112
2, 0, 2, 0.96, 28, 24, 3402, 163
2, 0, 2.2, 0.96, 28, 24, 4108, 177
2, 0, 2.4, 0.96, 28, 24, 4806, 194
2, 0, 2.6, 0.96, 28, 24, 5512, 207
2, 0, 2.8, 0.96, 28, 24, 6191, 253
2, 0, 3, 0.96, 28, 24, 6825, 333
2, 0, 3.2, 0.96, 28, 24, 7528, 346
2, 0, 3.4, 0.96, 28, 24, 8300, 306
2, 0, 3.6, 0.96, 28, 24, 8904, 415
2, 0, 3.8, 0.96, 28, 24, 9656, 386
2, 0, 4, 0.96, 28, 24, 10275, 489
2, 0, 4.2, 0.96, 28, 24, 11015, 467
2, 0, 4.4, 0.96, 28, 24, 11764, 446
2, 0, 4.6, 0.96, 28, 24, 12393, 521
2, 0, 4.8, 0.96, 28, 24, 13100, 537
2, 0, 1, 0.98, 28, 24, 1, 0
2, 0, 1.2, 0.98, 28, 24, 671, 11
2, 0, 1.4, 0.98, 28, 24, 1353, 43
2, 0, 1.6, 0.98, 28, 24, 2083, 37
2, 0, 1.8, 0.98, 28, 24, 2766, 66
2, 0, 2, 0.98, 28, 24, 3497, 61
2, 0, 2.2, 0.98, 28, 24, 4188, 93
2, 0, 2.4, 0.98, 28, 24, 4893, 99
2, 0, 2.6, 0.98, 28, 24, 5599, 119
2, 0, 2.8, 0.98, 28, 24, 6311, 126
2, 0, 3, 0.98, 28, 24, 7029, 133
2, 0, 3.2, 0.98, 28, 24, 7702, 177
2, 0, 3.4, 0.98, 28, 24, 8437, 161
2, 0, 3.6, 0.98, 28, 24, 9149, 181
2, 0, 3.8, 0.98, 28, 24, 9849, 193
2, 0, 4, 0.98, 28, 24, 10530, 234
2, 0, 4.2, 0.98, 28, 24, 11212, 268
2, 0, 4.4, 0.98, 28, 24, 11943, 260
2, 0, 4.6, 0.98, 28, 24, 12640, 284
2, 0, 4.8, 0.98, 28, 24, 13360, 278
2, 1, 1, 0, 28, 24, 0, 1820
2, 1, 1.2, 0, 28, 24, 0, 2540
2, 1, 1.4, 0, 28, 24, 0, 3257
2, 1, 1.6, 0, 28, 24, 0, 3980
2, 1, 1.8, 0, 28, 24, 0, 4699
2, 1, 2, 0, 28, 24, 0, 5420
2, 1, 2.2, 0, 28, 24, 0, 6141
2, 1, 2.4, 0, 28, 24, 0, 6860
2, 1, 2.6, 0, 28, 24, 0, 7579
2, 1, 2.8, 0, 28, 24, 0, 8306
2, 1, 3, 0, 28, 24, 0, 9015
2, 1, 3.2, 0, 28, 24, 0, 9739
2, 1, 3.4, 0, 28, 24, 0, 10456
2, 1, 3.6, 0, 28, 24, 0, 11173
2, 1, 3.8, 0, 28, 24, 0, 11897
2, 1, 4, 0, 28, 24, 0, 12616
2, 1, 4.2, 0, 28, 24, 0, 13337
2, 1, 4.4, 0, 28, 24, 0, 14060
2, 1, 4.6, 0, 28, 24, 0, 14778
2, 1, 4.8, 0, 28, 24, 0, 15495
2, 1, 1, 0.02, 28, 24, 0, 1729
2, 1, 1.2, 0.02, 28, 24, 0, 2454
2, 1, 1.4, 0.02, 28, 24, 0, 3158
2, 1, 1.6, 0.02, 28, 24, 0, 3867
2, 1, 1.8, 0.02, 28, 24, 0, 4560
2, 1, 2, 0.02, 28, 24, 0, 5265
2, 1, 2.2, 0.02, 28, 24, 0, 5976
2, 1, 2.4, 0.02, 28, 24, 0, 6685
2, 1, 2.6, 0.02, 28, 24, 0, 7393
2, 1, 2.8, 0.02, 28, 24, 0, 8087
2, 1, 3, 0.02, 28, 24, 0, 8820
2, 1, 3.2, 0.02, 28, 24, 0, 9521
2, 1, 3.4, 0.02, 28, 24, 0, 10202
2, 1, 3.6, 0.02, 28, 24, 0, 10935
2, 1, 3.8, 0.02, 28, 24, 0, 11675
2, 1, 4, 0.02, 28, 24, 0, 12328
2, 1, 4.2, 0.02, 28, 24, 0, 13066
2, 1, 4.4, 0.02, 28, 24, 0, 13747
2, 1, 4.6, 0.02, 28, 24, 0, 14479
2, 1, 4.8, 0.02, 28, 24, 0, 15171
2, 1, 1, 0.04, 28, 24, 0, 1689
2, 1, 1.2, 0.04, 28, 24, 0, 2355
2, 1, 1.4, 0.04, 28, 24, 0, 3083
2, 1, 1.6, 0.04, 28, 24, 0, 3770
2, 1, 1.8, 0.04, 28, 24, 0, 4456
2, 1, 2, 0.04, 28, 24, 0, 5134
2, 1, 2.2, 0.04, 28, 24, 0, 5786
2, 1, 2.4, 0.04, 28, 24, 0, 6498
2, 1, 2.6, 0.04, 28, 24, 0, 7202
2, 1, 2.8, 0.04, 28, 24, 0, 7885
2, 1, 3, 0.04, 28, 24, 0, 8542
2, 1, 3.2, 0.04, 28, 24, 0, 9275
2, 1, 3.4, 0.04, 28, 24, 0, 9984
2, 1, 3.6, 0.04, 28, 24, 0, 10636
2, 1, 3.8, 0.04, 28, 24, 0, 11362
2, 1, 4, 0.04, 28, 24, 0, 12053
2, 1, 4.2, 0.04, 28, 24, 1, 12715
2, 1, 4.4, 0.04, 28, 24, 0, 13391
2, 1, 4.6, 0.04, 28, 24, 0, 14110
2, 1, 4.8, 0.04, 28, 24, 1, 14757
2, 1, 1, 0.06, 28, 24, 0, 1602
2, 1, 1.2, 0.06, 28, 24, 0, 2256
2, 1, 1.4, 0.06, 28, 24, 0, 2940
2, 1, 1.6, 0.06, 28, 24, 0, 3661
2, 1, 1.8, 0.06, 28, 24, 0, 4331
2, 1, 2, 0.06, 28, 24, 0, 4960
2, 1, 2.2, 0.06, 28, 24, 0, 5678
2, 1, 2.4, 0.06, 28, 24, 0, 6335
2, 1, 2.6, 0.06, 28, 24, 0, 6992
2, 1, 2.8, 0.06, 28, 24, 0, 7667
2, 1, 3, 0.06, 28, 24, 2, 8414
2, 1, 3.2, 0.06, 28, 24, 0, 9021
2, 1, 3.4, 0.06, 28, 24, 0, 9772
2, 1, 3.6, 0.06, 28, 24, 0, 10437
2, 1, 3.8, 0.06, 28, 24, 0, 11096
2, 1, 4, 0.06, 28, 24, 1, 11732
2, 1, 4.2, 0.06, 28, 24, 1, 12445
2, 1, 4.4, 0.06, 28, 24, 0, 13092
2, 1, 4.6, 0.06, 28, 24, 0, 13769
2, 1, 4.8, 0.06, 28, 24, 0, 14436
2, 1, 1, 0.08, 28, 24, 0, 1523
2, 1, 1.2, 0.08, 28, 24, 0, 2203
2, 1, 1.4, 0.08, 28, 24, 0, 2864
2, 1, 1.6, 0.08, 28, 24, 0, 3535
2, 1, 1.8, 0.08, 28, 24, 0, 4151
2, 1, 2, 0.08, 28, 24, 0, 4839
2, 1, 2.2, 0.08, 28, 24, 0, 5492
2, 1, 2.4, 0.08, 28, 24, 0, 6184
2, 1, 2.6, 0.08, 28, 24, 1, 6830
2, 1, 2.8, 0.08, 28, 24, 0, 7519
2, 1, 3, 0.08, 28, 24, 1, 8162
2, 1, 3.2, 0.08, 28, 24, 0, 8756
2, 1, 3.4, 0.08, 28, 24, 1, 9492
2, 1, 3.6, 0.08, 28, 24, 0, 10166
2, 1, 3.8, 0.08, 28, 24, 0, 10792
2, 1, 4, 0.08, 28, 24, 0, 11436
2, 1, 4.2, 0.08, 28, 24, 0, 12107
2, 1, 4.4, 0.08, 28, 24, 0, 12809
2, 1, 4.6, 0.08, 28, 24, 2, 13456
2, 1, 4.8, 0.08, 28, 24, 0, 14142
2, 1, 1, 0.1, 28, 24, 0, 1480
2, 1, 1.2, 0.1, 28, 24, 0, 2060
2, 1, 1.4, 0.1, 28, 24, 0, 2730
2, 1, 1.6, 0.1, 28, 24, 0, 3424
2, 1, 1.8, 0.1, 28, 24, 0, 4042
2, 1, 2, 0.1, 28, 24, 0, 4714
2, 1, 2.2, 0.1, 28, 24, 1, 5349
2, 1, 2.4, 0.1, 28, 24, 0, 5984
2, 1, 2.6, 0.1, 28, 24, 0, 6636
2, 1, 2.8, 0.1, 28, 24, 0, 7302
2, 1, 3, 0.1, 28, 24, 1, 7909
2, 1, 3.2, 0.1, 28, 24, 0, 8562
2, 1, 3.4, 0.1, 28, 24, 0, 9272
2, 1, 3.6, 0.1, 28, 24, 0, 9896
2, 1, 3.8, 0.1, 28, 24, 0, 10526
2, 1, 4, 0.1, 28, 24, 0, 11177
2, 1, 4.2, 0.1, 28, 24, 3, 11832
2, 1, 4.4, 0.1, 28, 24, 9, 12510
2, 1, 4.6, 0.1, 28, 24, 0, 13140
2, 1, 4.8, 0.1, 28, 24, 0, 13720
2, 1, 1, 0.12, 28, 24, 0, 1408
2, 1, 1.2, 0.12, 28, 24, 0, 1972
2, 1, 1.4, 0.12, 28, 24, 0, 2629
2, 1, 1.6, 0.12, 28, 24, 0, 3292
2, 1, 1.8, 0.12, 28, 24, 0, 3926
2, 1, 2, 0.12, 28, 24, 0, 4544
2, 1, 2.2, 0.12, 28, 24, 1, 5144
2, 1, 2.4, 0.12, 28, 24, 0, 5815
2, 1, 2.6, 0.12, 28, 24, 0, 6483
2, 1, 2.8, 0.12, 28, 24, 1, 7102
2, 1, 3, 0.12, 28, 24, 0, 7734
2, 1, 3.2, 0.12, 28, 24, 0, 8338
2, 1, 3.4, 0.12, 28, 24, 4, 9005
2, 1, 3.6, 0.12, 28, 24, 1, 9561
2, 1, 3.8, 0.12, 28, 24, 1, 10305
2, 1, 4, 0.12, 28, 24, 12, 10855
2, 1, 4.2, 0.12, 28, 24, 2, 11503
2, 1, 4.4, 0.12, 28, 24, 48, 12113
2, 1, 4.6, 0.12, 28, 24, 188, 12685
2, 1, 4.8, 0.12, 28, 24, 167, 13426
2, 1, 1, 0.14, 28, 24, 0, 1323
2, 1, 1.2, 0.14, 28, 24, 0, 1929
2, 1, 1.4, 0.14, 28, 24, 0, 2569
2, 1, 1.6, 0.14, 28, 24, 0, 3142
2, 1, 1.8, 0.14, 28, 24, 0, 3768
2, 1, 2, 0.14, 28, 24, 3, 4387
2, 1, 2.2, 0.14, 28, 24, 1, 5051
2, 1, 2.4, 0.14, 28, 24, 0, 5644
2, 1, 2.6, 0.14, 28, 24, 0, 6283
2, 1, 2.8, 0.14, 28, 24, 0, 6888
2, 1, 3, 0.14, 28, 24, 0, 7493
2, 1, 3.2, 0.14, 28, 24, 0, 8140
2, 1, 3.4, 0.14, 28, 24, 0, 8741
2, 1, 3.6, 0.14, 28, 24, 16, 9445
2, 1, 3.8, 0.14, 28, 24, 18, 9972
2, 1, 4, 0.14, 28, 24, 120, 10589
2, 1, 4.2, 0.14, 28, 24, 195, 11233
2, 1, 4.4, 0.14, 28, 24, 326, 11829
2, 1, 4.6, 0.14, 28, 24, 464, 12400
2, 1, 4.8, 0.14, 28, 24, 488, 13105
2, 1, 1, 0.16, 28, 24, 0, 1282
2, 1, 1.2, 0.16, 28, 24, 0, 1838
2, 1, 1.4, 0.16, 28, 24, 0, 2473
2, 1, 1.6, 0.16, 28, 24, 0, 3089
2, 1, 1.8, 0.16, 28, 24, 0, 3682
2, 1, 2, 0.16, 28, 24, 0, 4245
2, 1, 2.2, 0.16, 28, 24, 0, 4818
2, 1, 2.4, 0.16, 28, 24, 0, 5431
2, 1, 2.6, 0.16, 28, 24, 0, 6129
2, 1, 2.8, 0.16, 28, 24, 0, 6657
2, 1, 3, 0.16, 28, 24, 0, 7313
2, 1, 3.2, 0.16, 28, 24, 0, 7970
2, 1, 3.4, 0.16, 28, 24, 64, 8485
2, 1, 3.6, 0.16, 28, 24, 183, 9087
2, 1, 3.8, 0.16, 28, 24, 350, 9635
2, 1, 4, 0.16, 28, 24, 498, 10208
2, 1, 4.2, 0.16, 28, 24, 469, 10953
2, 1, 4.4, 0.16, 28, 24, 652, 11499
2, 1, 4.6, 0.16, 28, 24, 738, 12126
2, 1, 4.8, 0.16, 28, 24, 828, 12761
2, 1, 1, 0.18, 28, 24, 0, 1169
2, 1, 1.2, 0.18, 28, 24, 0, 1766
2, 1, 1.4, 0.18, 28, 24, 0, 2355
2, 1, 1.6, 0.18, 28, 24, 0, 2974
2, 1, 1.8, 0.18, 28, 24, 0, 3522
2, 1, 2, 0.18, 28, 24, 1, 4109
2, 1, 2.2, 0.18, 28, 24, 1, 4727
2, 1, 2.4, 0.18, 28, 24, 0, 5309
2, 1, 2.6, 0.18, 28, 24, 0, 5923
2, 1, 2.8, 0.18, 28, 24, 5, 6450
2, 1, 3, 0.18, 28, 24, 74, 7036
2, 1, 3.2, 0.18, 28, 24, 192, 7645
2, 1, 3.4, 0.18, 28, 24, 344, 8200
2, 1, 3.6, 0.18, 28, 24, 498, 8776
2, 1, 3.8, 0.18, 28, 24, 567, 9418
2, 1, 4, 0.18, 28, 24, 691, 10016
2, 1, 4.2, 0.18, 28, 24, 835, 10596
2, 1, 4.4, 0.18, 28, 24, 898, 11253
2, 1, 4.6, 0.18, 28, 24, 1073, 11794
2, 1, 4.8, 0.18, 28, 24, 1277, 12314
2, 1, 1, 0.2, 28, 24, 0, 1108
2, 1, 1.2, 0.2, 28, 24, 0, 1653
2, 1, 1.4, 0.2, 28, 24, 0, 2266
2, 1, 1.6, 0.2, 28, 24, 0, 2866
2, 1, 1.8, 0.2, 28, 24, 0, 3393
2, 1, 2, 0.2, 28, 24, 2, 3968
2, 1, 2.2, 0.2, 28, 24, 3, 4548
2, 1, 2.4, 0.2, 28, 24, 0, 5129
2, 1, 2.6, 0.2, 28, 24, 15, 5690
2, 1, 2.8, 0.2, 28, 24, 78, 6317
2, 1, 3, 0.2, 28, 24, 176, 6957
2, 1, 3.2, 0.2, 28, 24, 411, 7421
2, 1, 3.4, 0.2, 28, 24, 554, 7999
2, 1, 3.6, 0.2, 28, 24, 712, 8557
2, 1, 3.8, 0.2, 28, 24, 931, 9056
2, 1, 4, 0.2, 28, 24, 951, 9762
2, 1, 4.2, 0.2, 28, 24, 1057, 10374
2, 1, 4.4, 0.2, 28, 24, 1277, 10870
2, 1, 4.6, 0.2, 28, 24, 1449, 11422
2, 1, 4.8, 0.2, 28, 24, 1563, 12025
2, 1, 1, 0.22, 28, 24, 0, 992
2, 1, 1.2, 0.22, 28, 24, 0, 1597
2, 1, 1.4, 0.22, 28, 24, 0, 2135
2, 1, 1.6, 0.22, 28, 24, 1, 2745
2, 1, 1.8, 0.22, 28, 24, 2, 3294
2, 1, 2, 0.22, 28, 24, 0, 3914
2, 1, 2.2, 0.22, 28, 24, 4, 4412
2, 1, 2.4, 0.22, 28, 24, 26, 4943
2, 1, 2.6, 0.22, 28, 24, 151, 5523
2, 1, 2.8, 0.22, 28, 24, 338, 6054
2, 1, 3, 0.22, 28, 24, 357, 6756
2, 1, 3.2, 0.22, 28, 24, 602, 7227
2, 1, 3.4, 0.22, 28, 24, 664, 7888
2, 1, 3.6, 0.22, 28, 24, 1054, 8214
2, 1, 3.8, 0.22, 28, 24, 1086, 8900
2, 1, 4, 0.22, 28, 24, 1346, 9363
2, 1, 4.2, 0.22, 28, 24, 1418, 10010
2, 1, 4.4, 0.22, 28, 24, 1631, 10515
2, 1, 4.6, 0.22, 28, 24, 1710, 11162
2, 1, 4.8, 0.22, 28, 24, 1921, 11669
2, 1, 1, 0.24, 28, 24, 0, 944
2, 1, 1.2, 0.24, 28, 24, 0, 1535
2, 1, 1.4, 0.24, 28, 24, 1, 2098
2, 1, 1.6, 0.24, 28, 24, 1, 2568
2, 1, 1.8, 0.24, 28, 24, 0, 3148
2, 1, 2, 0.24, 28, 24, 4, 3642
2, 1, 2.2, 0.24, 28, 24, 13, 4231
2, 1, 2.4, 0.24, 28, 24, 225, 4725
2, 1, 2.6, 0.24, 28, 24, 346, 5322
2, 1, 2.8, 0.24, 28, 24, 492, 5897
2, 1, 3, 0.24, 28, 24, 679, 6436
2, 1, 3.2, 0.24, 28, 24, 867, 6965
2, 1, 3.4, 0.24, 28, 24, 1026, 7522
2, 1, 3.6, 0.24, 28, 24, 1178, 8092
2, 1, 3.8, 0.24, 28, 24, 1340, 8647
2, 1, 4, 0.24, 28, 24, 1597, 9105
2, 1, 4.2, 0.24, 28, 24, 1776, 9642
2, 1, 4.4, 0.24, 28, 24, 1875, 10266
2, 1, 4.6, 0.24, 28, 24, 2052, 10821
2, 1, 4.8, 0.24, 28, 24, 2136, 11448
2, 1, 1, 0.26, 28, 24, 0, 861
2, 1, 1.2, 0.26, 28, 24, 0, 1415
2, 1, 1.4, 0.26, 28, 24, 0, 1908
2, 1, 1.6, 0.26, 28, 24, 2, 2433
2, 1, 1.8, 0.26, 28, 24, 0, 3011
2, 1, 2, 0.26, 28, 24, 7, 3534
2, 1, 2.2, 0.26, 28, 24, 102, 4134
2, 1, 2.4, 0.26, 28, 24, 288, 4661
2, 1, 2.6, 0.26, 28, 24, 532, 5144
2, 1, 2.8, 0.26, 28, 24, 652, 5741
2, 1, 3, 0.26, 28, 24, 921, 6190
2, 1, 3.2, 0.26, 28, 24, 1077, 6747
2, 1, 3.4, 0.26, 28, 24, 1246, 7300
2, 1, 3.6, 0.26, 28, 24, 1482, 7786
2, 1, 3.8, 0.26, 28, 24, 1668, 8318
2, 1, 4, 0.26, 28, 24, 1850, 8852
2, 1, 4.2, 0.26, 28, 24, 2017, 9409
2, 1, 4.4, 0.26, 28, 24, 2211, 9940
2, 1, 4.6, 0.26, 28, 24, 2340, 10530
2, 1, 4.8, 0.26, 28, 24, 2601, 10991
2, 1, 1, 0.28, 28, 24, 0, 814
2, 1, 1.2, 0.28, 28, 24, 1, 1368
2, 1, 1.4, 0.28, 28, 24, 0, 1861
2, 1, 1.6, 0.28, 28, 24, 2, 2352
2, 1, 1.8, 0.28, 28, 24, 23, 2827
2, 1, 2, 0.28, 28, 24, 101, 3403
2, 1, 2.2, 0.28, 28, 24, 368, 3863
2, 1, 2.4, 0.28, 28, 24, 508, 4440
2, 1, 2.6, 0.28, 28, 24, 680, 4994
2, 1, 2.8, 0.28, 28, 24, 866, 5521
2, 1, 3, 0.28, 28, 24, 1161, 5947
2, 1, 3.2, 0.28, 28, 24, 1369, 6460
2, 1, 3.4, 0.28, 28, 24, 1461, 7085
2, 1, 3.6, 0.28, 28, 24, 1672, 7592
2, 1, 3.8, 0.28, 28, 24, 1881, 8106
2, 1, 4, 0.28, 28, 24, 2052, 8648
2, 1, 4.2, 0.28, 28, 24, 2407, 9019
2, 1, 4.4, 0.28, 28, 24, 2497, 9647
2, 1, 4.6, 0.28, 28, 24, 2677, 10190
2, 1, 4.8, 0.28, 28, 24, 2988, 10598
2, 1, 1, 0.3, 28, 24, 0, 685
2, 1, 1.2, 0.3, 28, 24, 0, 1241
2, 1, 1.4, 0.3, 28, 24, 3, 1715
2, 1, 1.6, 0.3, 28, 24, 8, 2278
2, 1, 1.8, 0.3, 28, 24, 48, 2762
2, 1, 2, 0.3, 28, 24, 195, 3317
2, 1, 2.2, 0.3, 28, 24, 546, 3671
2, 1, 2.4, 0.3, 28, 24, 728, 4216
2, 1, 2.6, 0.3, 28, 24, 862, 4815
2, 1, 2.8, 0.3, 28, 24, 1189, 5198
2, 1, 3, 0.3, 28, 24, 1287, 5824
2, 1, 3.2, 0.3, 28, 24, 1517, 6305
2, 1, 3.4, 0.3, 28, 24, 1750, 6801
2, 1, 3.6, 0.3, 28, 24, 1959, 7302
2, 1, 3.8, 0.3, 28, 24, 2255, 7734
2, 1, 4, 0.3, 28, 24, 2488, 8222
2, 1, 4.2, 0.3, 28, 24, 2727, 8701
2, 1, 4.4, 0.3, 28, 24, 2767, 9381
2, 1, 4.6, 0.3, 28, 24, 2960, 9901
2, 1, 4.8, 0.3, 28, 24, 3228, 10353
2, 1, 1, 0.32, 28, 24, 2, 650
2, 1, 1.2, 0.32, 28, 24, 4, 1166
2, 1, 1.4, 0.32, 28, 24, 0, 1606
2, 1, 1.6, 0.32, 28, 24, 6, 2104
2, 1, 1.8, 0.32, 28, 24, 234, 2552
2, 1, 2, 0.32, 28, 24, 429, 3079
2, 1, 2.2, 0.32, 28, 24, 676, 3551
2, 1, 2.4, 0.32, 28, 24, 782, 4166
2, 1, 2.6, 0.32, 28, 24, 1066, 4601
2, 1, 2.8, 0.32, 28, 24, 1413, 4972
2, 1, 3, 0.32, 28, 24, 1708, 5401
2, 1, 3.2, 0.32, 28, 24, 1702, 6121
2, 1, 3.4, 0.32, 28, 24, 1982, 6568
2, 1, 3.6, 0.32, 28, 24, 2303, 6961
2, 1, 3.8, 0.32, 28, 24, 2393, 7600
2, 1, 4, 0.32, 28, 24, 2743, 7961
2, 1, 4.2, 0.32, 28, 24, 2906, 8519
2, 1, 4.4, 0.32, 28, 24, 3120, 9035
2, 1, 4.6, 0.32, 28, 24, 3399, 9471
2, 1, 4.8, 0.32, 28, 24, 3582, 10005
2, 1, 1, 0.34, 28, 24, 0, 639
2, 1, 1.2, 0.34, 28, 24, 0, 1050
2, 1, 1.4, 0.34, 28, 24, 7, 1595
2, 1, 1.6, 0.34, 28, 24, 36, 2031
2, 1, 1.8, 0.34, 28, 24, 273, 2514
2, 1, 2, 0.34, 28, 24, 527, 2981
2, 1, 2.2, 0.34, 28, 24, 730, 3491
2, 1, 2.4, 0.34, 28, 24, 993, 3965
2, 1, 2.6, 0.34, 28, 24, 1261, 4404
2, 1, 2.8, 0.34, 28, 24, 1510, 4879
2, 1, 3, 0.34, 28, 24, 1683, 5422
2, 1, 3.2, 0.34, 28, 24, 1899, 5934
2, 1, 3.4, 0.34, 28, 24, 2253, 6293
2, 1, 3.6, 0.34, 28, 24, 2477, 6795
2, 1, 3.8, 0.34, 28, 24, 2805, 7181
2, 1, 4, 0.34, 28, 24, 2971, 7737
2, 1, 4.2, 0.34, 28, 24, 3201, 8228
2, 1, 4.4, 0.34, 28, 24, 3409, 8746
2, 1, 4.6, 0.34, 28, 24, 3682, 9179
2, 1, 4.8, 0.34, 28, 24, 3968, 9619
2, 1, 1, 0.36, 28, 24, 0, 504
2, 1, 1.2, 0.36, 28, 24, 0, 991
2, 1, 1.4, 0.36, 28, 24, 3, 1435
2, 1, 1.6, 0.36, 28, 24, 137, 1937
2, 1, 1.8, 0.36, 28, 24, 363, 2420
2, 1, 2, 0.36, 28, 24, 648, 2854
2, 1, 2.2, 0.36, 28, 24, 909, 3311
2, 1, 2.4, 0.36, 28, 24, 1189, 3759
2, 1, 2.6, 0.36, 28, 24, 1497, 4170
2, 1, 2.8, 0.36, 28, 24, 1818, 4566
2, 1, 3, 0.36, 28, 24, 1919, 5184
2, 1, 3.2, 0.36, 28, 24, 2149, 5676
2, 1, 3.4, 0.36, 28, 24, 2503, 6050
2, 1, 3.6, 0.36, 28, 24, 2735, 6532
2, 1, 3.8, 0.36, 28, 24, 3098, 6893
2, 1, 4, 0.36, 28, 24, 3227, 7477
2, 1, 4.2, 0.36, 28, 24, 3531, 7900
2, 1, 4.4, 0.36, 28, 24, 3753, 8405
2, 1, 4.6, 0.36, 28, 24, 4076, 8794
2, 1, 4.8, 0.36, 28, 24, 4273, 9317
2, 1, 1, 0.38, 28, 24, 0, 434
2, 1, 1.2, 0.38, 28, 24, 3, 894
2, 1, 1.4, 0.38, 28, 24, 1, 1359
2, 1, 1.6, 0.38, 28, 24, 218, 1855
2, 1, 1.8, 0.38, 28, 24, 593, 2197
2, 1, 2, 0.38, 28, 24, 785, 2726
2, 1, 2.2, 0.38, 28, 24, 1139, 3087
2, 1, 2.4, 0.38, 28, 24, 1415, 3530
2, 1, 2.6, 0.38, 28, 24, 1626, 4038
2, 1, 2.8, 0.38, 28, 24, 1909, 4477
2, 1, 3, 0.38, 28, 24, 2211, 4889
2, 1, 3.2, 0.38, 28, 24, 2496, 5338
2, 1, 3.4, 0.38, 28, 24, 2683, 5868
2, 1, 3.6, 0.38, 28, 24, 3063, 6205
2, 1, 3.8, 0.38, 28, 24, 3275, 6708
2, 1, 4, 0.38, 28, 24, 3616, 7090
2, 1, 4.2, 0.38, 28, 24, 3855, 7571
2, 1, 4.4, 0.38, 28, 24, 4135, 8008
2, 1, 4.6, 0.38, 28, 24, 4348, 8525
2, 1, 4.8, 0.38, 28, 24, 4814, 8772
2, 1, 1, 0.4, 28, 24, 1, 382
2, 1, 1.2, 0.4, 28, 24, 0, 798
2, 1, 1.4, 0.4, 28, 24, 127, 1226
2, 1, 1.6, 0.4, 28, 24, 405, 1669
2, 1, 1.8, 0.4, 28, 24, 721, 2074
2, 1, 2, 0.4, 28, 24, 983, 2520
2, 1, 2.2, 0.4, 28, 24, 1274, 2960
2, 1, 2.4, 0.4, 28, 24, 1531, 3419
2, 1, 2.6, 0.4, 28, 24, 1830, 3836
2, 1, 2.8, 0.4, 28, 24, 2173, 4222
2, 1, 3, 0.4, 28, 24, 2417, 4692
2, 1, 3.2, 0.4, 28, 24, 2578, 5240
2, 1, 3.4, 0.4, 28, 24, 2892, 5654
2, 1, 3.6, 0.4, 28, 24, 3277, 5993
2, 1, 3.8, 0.4, 28, 24, 3560, 6435
2, 1, 4, 0.4, 28, 24, 3822, 6881
2, 1, 4.2, 0.4, 28, 24, 4178, 7244
2, 1, 4.4, 0.4, 28, 24, 4465, 7678
2, 1, 4.6, 0.4, 28, 24, 4806, 8063
2, 1, 4.8, 0.4, 28, 24, 4987, 8602
2, 1, 1, 0.42, 28, 24, 0, 314
2, 1, 1.2, 0.42, 28, 24, 1, 772
2, 1, 1.4, 0.42, 28, 24, 272, 1074
2, 1, 1.6, 0.42, 28, 24, 494, 1575
2, 1, 1.8, 0.42, 28, 24, 809, 1987
2, 1, 2, 0.42, 28, 24, 1087, 2415
2, 1, 2.2, 0.42, 28, 24, 1452, 2776
2, 1, 2.4, 0.42, 28, 24, 1772, 3180
2, 1, 2.6, 0.42, 28, 24, 2020, 3654
2, 1, 2.8, 0.42, 28, 24, 2237, 4151
2, 1, 3, 0.42, 28, 24, 2565, 4541
2, 1, 3.2, 0.42, 28, 24, 2895, 4932
2, 1, 3.4, 0.42, 28, 24, 3181, 5372
2, 1, 3.6, 0.42, 28, 24, 3557, 5715
2, 1, 3.8, 0.42, 28, 24, 3787, 6205
2, 1, 4, 0.42, 28, 24, 4133, 6568
2, 1, 4.2, 0.42, 28, 24, 4478, 6947
2, 1, 4.4, 0.42, 28, 24, 4699, 7452
2, 1, 4.6, 0.42, 28, 24, 4904, 7966
2, 1, 4.8, 0.42, 28, 24, 5451, 8135
2, 1, 1, 0.44, 28, 24, 0, 269
2, 1, 1.2, 0.44, 28, 24, 12, 624
2, 1, 1.4, 0.44, 28, 24, 265, 1078
2, 1, 1.6, 0.44, 28, 24, 671, 1402
2, 1, 1.8, 0.44, 28, 24, 915, 1877
2, 1, 2, 0.44, 28, 24, 1257, 2248
2, 1, 2.2, 0.44, 28, 24, 1515, 2712
2, 1, 2.4, 0.44, 28, 24, 1971, 2969
2, 1, 2.6, 0.44, 28, 24, 2161, 3500
2, 1, 2.8, 0.44, 28, 24, 2551, 3839
2, 1, 3, 0.44, 28, 24, 2853, 4254
2, 1, 3.2, 0.44, 28, 24, 3209, 4621
2, 1, 3.4, 0.44, 28, 24, 3482, 5068
2, 1, 3.6, 0.44, 28, 24, 3761, 5503
2, 1, 3.8, 0.44, 28, 24, 4124, 5868
2, 1, 4, 0.44, 28, 24, 4491, 6216
2, 1, 4.2, 0.44, 28, 24, 4739, 6687
2, 1, 4.4, 0.44, 28, 24, 5112, 7033
2, 1, 4.6, 0.44, 28, 24, 5370, 7501
2, 1, 4.8, 0.44, 28, 24, 5686, 7908
2, 1, 1, 0.46, 28, 24, 7, 136
2, 1, 1.2, 0.46, 28, 24, 101, 528
2, 1, 1.4, 0.46, 28, 24, 359, 987
2, 1, 1.6, 0.46, 28, 24, 765, 1305
2, 1, 1.8, 0.46, 28, 24, 1111, 1677
2, 1, 2, 0.46, 28, 24, 1406, 2094
2, 1, 2.2, 0.46, 28, 24, 1764, 2463
2, 1, 2.4, 0.46, 28, 24, 2014, 2933
2, 1, 2.6, 0.46, 28, 24, 2415, 3251
2, 1, 2.8, 0.46, 28, 24, 2719, 3670
2, 1, 3, 0.46, 28, 24, 3072, 4044
2, 1, 3.2, 0.46, 28, 24, 3468, 4354
2, 1, 3.4, 0.46, 28, 24, 3729, 4826
2, 1, 3.6, 0.46, 28, 24, 4110, 5154
2, 1, 3.8, 0.46, 28, 24, 4398, 5591
2, 1, 4, 0.46, 28, 24, 4719, 5988
2, 1, 4.2, 0.46, 28, 24, 5030, 6395
2, 1, 4.4, 0.46, 28, 24, 5364, 6786
2, 1, 4.6, 0.46, 28, 24, 5672, 7197
2, 1, 4.8, 0.46, 28, 24, 6042, 7542
2, 1, 1, 0.48, 28, 24, 6, 77
2, 1, 1.2, 0.48, 28, 24, 175, 460
2, 1, 1.4, 0.48, 28, 24, 529, 819
2, 1, 1.6, 0.48, 28, 24, 834, 1247
2, 1, 1.8, 0.48, 28, 24, 1124, 1668
2, 1, 2, 0.48, 28, 24, 1502, 2003
2, 1, 2.2, 0.48, 28, 24, 1891, 2337
2, 1, 2.4, 0.48, 28, 24, 2199, 2750
2, 1, 2.6, 0.48, 28, 24, 2611, 3060
2, 1, 2.8, 0.48, 28, 24, 2885, 3503
2, 1, 3, 0.48, 28, 24, 3265, 3847
2, 1, 3.2, 0.48, 28, 24, 3581, 4256
2, 1, 3.4, 0.48, 28, 24, 3930, 4624
2, 1, 3.6, 0.48, 28, 24, 4266, 5008
2, 1, 3.8, 0.48, 28, 24, 4634, 5353
2, 1, 4, 0.48, 28, 24, 5070, 5628
2, 1, 4.2, 0.48, 28, 24, 5430, 5997
2, 1, 4.4, 0.48, 28, 24, 5768, 6381
2, 1, 4.6, 0.48, 28, 24, 5977, 6889
2, 1, 4.8, 0.48, 28, 24, 6286, 7309
2, 1, 1, 0.5, 28, 24, 0, 77
2, 1, 1.2, 0.5, 28, 24, 181, 452
2, 1, 1.4, 0.5, 28, 24, 648, 697
2, 1, 1.6, 0.5, 28, 24, 971, 1094
2, 1, 1.8, 0.5, 28, 24, 1353, 1430
2, 1, 2, 0.5, 28, 24, 1713, 1794
2, 1, 2.2, 0.5, 28, 24, 1989, 2237
2, 1, 2.4, 0.5, 28, 24, 2377, 2574
2, 1, 2.6, 0.5, 28, 24, 2792, 2880
2, 1, 2.8, 0.5, 28, 24, 3195, 3187
2, 1, 3, 0.5, 28, 24, 3405, 3704
2, 1, 3.2, 0.5, 28, 24, 3913, 3920
2, 1, 3.4, 0.5, 28, 24, 4199, 4347
2, 1, 3.6, 0.5, 28, 24, 4603, 4666
2, 1, 3.8, 0.5, 28, 24, 4840, 5153
2, 1, 4, 0.5, 28, 24, 5240, 5466
2, 1, 4.2, 0.5, 28, 24, 5681, 5748
2, 1, 4.4, 0.5, 28, 24, 6013, 6138
2, 1, 4.6, 0.5, 28, 24, 6333, 6540
2, 1, 4.8, 0.5, 28, 24, 6820, 6765
2, 1, 1, 0.52, 28, 24, 2, 21
2, 1, 1.2, 0.52, 28, 24, 336, 300
2, 1, 1.4, 0.52, 28, 24, 694, 650
2, 1, 1.6, 0.52, 28, 24, 1044, 1024
2, 1, 1.8, 0.52, 28, 24, 1468, 1329
2, 1, 2, 0.52, 28, 24, 1785, 1725
2, 1, 2.2, 0.52, 28, 24, 2180, 2048
2, 1, 2.4, 0.52, 28, 24, 2548, 2394
2, 1, 2.6, 0.52, 28, 24, 3000, 2662
2, 1, 2.8, 0.52, 28, 24, 3312, 3068
2, 1, 3, 0.52, 28, 24, 3703, 3404
2, 1, 3.2, 0.52, 28, 24, 4077, 3756
2, 1, 3.4, 0.52, 28, 24, 4419, 4128
2, 1, 3.6, 0.52, 28, 24, 4804, 4466
2, 1, 3.8, 0.52, 28, 24, 5198, 4785
2, 1, 4, 0.52, 28, 24, 5533, 5172
2, 1, 4.2, 0.52, 28, 24, 5930, 5491
2, 1, 4.4, 0.52, 28, 24, 6317, 5835
2, 1, 4.6, 0.52, 28, 24, 6683, 6186
2, 1, 4.8, 0.52, 28, 24, 7029, 6557
2, 1, 1, 0.54, 28, 24, 3, 9
2, 1, 1.2, 0.54, 28, 24, 313, 316
2, 1, 1.4, 0.54, 28, 24, 709, 641
2, 1, 1.6, 0.54, 28, 24, 1072, 989
2, 1, 1.8, 0.54, 28, 24, 1470, 1317
2, 1, 2, 0.54, 28, 24, 1844, 1657
2, 1, 2.2, 0.54, 28, 24, 2289, 1938
2, 1, 2.4, 0.54, 28, 24, 2669, 2275
2, 1, 2.6, 0.54, 28, 24, 3012, 2650
2, 1, 2.8, 0.54, 28, 24, 3411, 2972
2, 1, 3, 0.54, 28, 24, 3933, 3175
2, 1, 3.2, 0.54, 28, 24, 4235, 3584
2, 1, 3.4, 0.54, 28, 24, 4625, 3925
2, 1, 3.6, 0.54, 28, 24, 4978, 4286
2, 1, 3.8, 0.54, 28, 24, 5396, 4592
2, 1, 4, 0.54, 28, 24, 5779, 4935
2, 1, 4.2, 0.54, 28, 24, 6134, 5293
2, 1, 4.4, 0.54, 28, 24, 6469, 5678
2, 1, 4.6, 0.54, 28, 24, 6917, 5950
2, 1, 4.8, 0.54, 28, 24, 7247, 6331
2, 1, 1, 0.56, 28, 24, 1, 4
2, 1, 1.2, 0.56, 28, 24, 358, 263
2, 1, 1.4, 0.56, 28, 24, 737, 604
2, 1, 1.6, 0.56, 28, 24, 1164, 902
2, 1, 1.8, 0.56, 28, 24, 1610, 1175
2, 1, 2, 0.56, 28, 24, 2010, 1491
2, 1, 2.2, 0.56, 28, 24, 2351, 1878
2, 1, 2.4, 0.56, 28, 24, 2778, 2163
2, 1, 2.6, 0.56, 28, 24, 3205, 2457
2, 1, 2.8, 0.56, 28, 24, 3575, 2805
2, 1, 3, 0.56, 28, 24, 3981, 3125
2, 1, 3.2, 0.56, 28, 24, 4288, 3543
2, 1, 3.4, 0.56, 28, 24, 4799, 3748
2, 1, 3.6, 0.56, 28, 24, 5168, 4100
2, 1, 3.8, 0.56, 28, 24, 5581, 4399
2, 1, 4, 0.56, 28, 24, 5989, 4713
2, 1, 4.2, 0.56, 28, 24, 6490, 4928
2, 1, 4.4, 0.56, 28, 24, 6750, 5391
2, 1, 4.6, 0.56, 28, 24, 7189, 5671
2, 1, 4.8, 0.56, 28, 24, 7578, 6009
2, 1, 1, 0.58, 28, 24, 1, 5
2, 1, 1.2, 0.58, 28, 24, 367, 259
2, 1, 1.4, 0.58, 28, 24, 786, 560
2, 1, 1.6, 0.58, 28, 24, 1174, 886
2, 1, 1.8, 0.58, 28, 24, 1574, 1209
2, 1, 2, 0.58, 28, 24, 1998, 1504
2, 1, 2.2, 0.58, 28, 24, 2447, 1782
2, 1, 2.4, 0.58, 28, 24, 2856, 2088
2, 1, 2.6, 0.58, 28, 24, 3263, 2388
2, 1, 2.8, 0.58, 28, 24, 3700, 2686
2, 1, 3, 0.58, 28, 24, 4096, 3002
2, 1, 3.2, 0.58, 28, 24, 4468, 3350
2, 1, 3.4, 0.58, 28, 24, 4954, 3587
2, 1, 3.6, 0.58, 28, 24, 5420, 3840
2, 1, 3.8, 0.58, 28, 24, 5656, 4323
2, 1, 4, 0.58, 28, 24, 6172, 4538
2, 1, 4.2, 0.58, 28, 24, 6586, 4838
2, 1, 4.4, 0.58, 28, 24, 7148, 4990
2, 1, 4.6, 0.58, 28, 24, 7367, 5487
2, 1, 4.8, 0.58, 28, 24, 7883, 5699
2, 1, 1, 0.6, 28, 24, 1, 2
2, 1, 1.2, 0.6, 28, 24, 385, 236
2, 1, 1.4, 0.6, 28, 24, 797, 550
2, 1, 1.6, 0.6, 28, 24, 1255, 801
2, 1, 1.8, 0.6, 28, 24, 1631, 1149
2, 1, 2, 0.6, 28, 24, 2065, 1442
2, 1, 2.2, 0.6, 28, 24, 2587, 1636
2, 1, 2.4, 0.6, 28, 24, 2979, 1955
2, 1, 2.6, 0.6, 28, 24, 3411, 2242
2, 1, 2.8, 0.6, 28, 24, 3801, 2579
2, 1, 3, 0.6, 28, 24, 4290, 2806
2, 1, 3.2, 0.6, 28, 24, 4736, 3075
2, 1, 3.4, 0.6, 28, 24, 5162, 3376
2, 1, 3.6, 0.6, 28, 24, 5604, 3658
2, 1, 3.8, 0.6, 28, 24, 5947, 4036
2, 1, 4, 0.6, 28, 24, 6416, 4287
2, 1, 4.2, 0.6, 28, 24, 6851, 4561
2, 1, 4.4, 0.6, 28, 24, 7318, 4818
2, 1, 4.6, 0.6, 28, 24, 7730, 5129
2, 1, 4.8, 0.6, 28, 24, 8076, 5499
2, 1, 1, 0.62, 28, 24, 1, 1
2, 1, 1.2, 0.62, 28, 24, 427, 199
2, 1, 1.4, 0.62, 28, 24, 826, 511
2, 1, 1.6, 0.62, 28, 24, 1315, 740
2, 1, 1.8, 0.62, 28, 24, 1707, 1076
2, 1, 2, 0.62, 28, 24, 2145, 1354
2, 1, 2.2, 0.62, 28, 24, 2676, 1540
2, 1, 2.4, 0.62, 28, 24, 2992, 1938
2, 1, 2.6, 0.62, 28, 24, 3501, 2150
2, 1, 2.8, 0.62, 28, 24, 3972, 2407
2, 1, 3, 0.62, 28, 24, 4400, 2698
2, 1, 3.2, 0.62, 28, 24, 4785, 3023
2, 1, 3.4, 0.62, 28, 24, 5286, 3250
2, 1, 3.6, 0.62, 28, 24, 5728, 3531
2, 1, 3.8, 0.62, 28, 24, 6194, 3785
2, 1, 4, 0.62, 28, 24, 6614, 4081
2, 1, 4.2, 0.62, 28, 24, 6988, 4428
2, 1, 4.4, 0.62, 28, 24, 7506, 4638
2, 1, 4.6, 0.62, 28, 24, 7899, 4962
2, 1, 4.8, 0.62, 28, 24, 8270, 5309
2, 1, 1, 0.64, 28, 24, 1, 2
2, 1, 1.2, 0.64, 28, 24, 391, 228
2, 1, 1.4, 0.64, 28, 24, 843, 497
2, 1, 1.6, 0.64, 28, 24, 1304, 755
2, 1, 1.8, 0.64, 28, 24, 1744, 1031
2, 1, 2, 0.64, 28, 24, 2261, 1245
2, 1, 2.2, 0.64, 28, 24, 2704, 1517
2, 1, 2.4, 0.64, 28, 24, 3132, 1795
2, 1, 2.6, 0.64, 28, 24, 3626, 2029
2, 1, 2.8, 0.64, 28, 24, 4101, 2269
2, 1, 3, 0.64, 28, 24, 4567, 2528
2, 1, 3.2, 0.64, 28, 24, 5024, 2795
2, 1, 3.4, 0.64, 28, 24, 5499, 3041
2, 1, 3.6, 0.64, 28, 24, 6006, 3244
2, 1, 3.8, 0.64, 28, 24, 6261, 3714
2, 1, 4, 0.64, 28, 24, 6798, 3885
2, 1, 4.2, 0.64, 28, 24, 7372, 4043
2, 1, 4.4, 0.64, 28, 24, 7749, 4381
2, 1, 4.6, 0.64, 28, 24, 8090, 4767
2, 1, 4.8, 0.64, 28, 24, 8689, 4883
2, 1, 1, 0.66, 28, 24, 1, 1
2, 1, 1.2, 0.66, 28, 24, 415, 197
2, 1, 1.4, 0.66, 28, 24, 886, 444
2, 1, 1.6, 0.66, 28, 24, 1362, 694
2, 1, 1.8, 0.66, 28, 24, 1817, 968
2, 1, 2, 0.66, 28, 24, 2356, 1137
2, 1, 2.2, 0.66, 28, 24, 2821, 1398
2, 1, 2.4, 0.66, 28, 24, 3289, 1650
2, 1, 2.6, 0.66, 28, 24, 3704, 1952
2, 1, 2.8, 0.66, 28, 24, 4168, 2204
2, 1, 3, 0.66, 28, 24, 4632, 2461
2, 1, 3.2, 0.66, 28, 24, 5146, 2667
2, 1, 3.4, 0.66, 28, 24, 5622, 2908
2, 1, 3.6, 0.66, 28, 24, 6060, 3185
2, 1, 3.8, 0.66, 28, 24, 6665, 3299
2, 1, 4, 0.66, 28, 24, 7064, 3625
2, 1, 4.2, 0.66, 28, 24, 7573, 3840
2, 1, 4.4, 0.66, 28, 24, 7956, 4177
2, 1, 4.6, 0.66, 28, 24, 8577, 4276
2, 1, 4.8, 0.66, 28, 24, 8945, 4636
2, 1, 1, 0.68, 28, 24, 1, 3
2, 1, 1.2, 0.68, 28, 24, 416, 195
2, 1, 1.4, 0.68, 28, 24, 902, 433
2, 1, 1.6, 0.68, 28, 24, 1400, 651
2, 1, 1.8, 0.68, 28, 24, 1878, 889
2, 1, 2, 0.68, 28, 24, 2370, 1122
2, 1, 2.2, 0.68, 28, 24, 2857, 1353
2, 1, 2.4, 0.68, 28, 24, 3352, 1583
2, 1, 2.6, 0.68, 28, 24, 3809, 1837
2, 1, 2.8, 0.68, 28, 24, 4390, 1977
2, 1, 3, 0.68, 28, 24, 4765, 2326
2, 1, 3.2, 0.68, 28, 24, 5368, 2457
2, 1, 3.4, 0.68, 28, 24, 5826, 2703
2, 1, 3.6, 0.68, 28, 24, 6351, 2899
2, 1, 3.8, 0.68, 28, 24, 6759, 3206
2, 1, 4, 0.68, 28, 24, 7165, 3528
2, 1, 4.2, 0.68, 28, 24, 7673, 3742
2, 1, 4.4, 0.68, 28, 24, 8365, 3762
2, 1, 4.6, 0.68, 28, 24, 8721, 4139
2, 1, 4.8, 0.68, 28, 24, 9274, 4294
2, 1, 1, 0.7, 28, 24, 1, 3
2, 1, 1.2, 0.7, 28, 24, 444, 174
2, 1, 1.4, 0.7, 28, 24, 921, 411
2, 1, 1.6, 0.7, 28, 24, 1438, 618
2, 1, 1.8, 0.7, 28, 24, 1901, 869
2, 1, 2, 0.7, 28, 24, 2443, 1044
2, 1, 2.2, 0.7, 28, 24, 2924, 1295
2, 1, 2.4, 0.7, 28, 24, 3466, 1462
2, 1, 2.6, 0.7, 28, 24, 3982, 1663
2, 1, 2.8, 0.7, 28, 24, 4530, 1841
2, 1, 3, 0.7, 28, 24, 4994, 2095
2, 1, 3.2, 0.7, 28, 24, 5516, 2296
2, 1, 3.4, 0.7, 28, 24, 5979, 2553
2, 1, 3.6, 0.7, 28, 24, 6438, 2810
2, 1, 3.8, 0.7, 28, 24, 6969, 2998
2, 1, 4, 0.7, 28, 24, 7474, 3213
2, 1, 4.2, 0.7, 28, 24, 7918, 3485
2, 1, 4.4, 0.7, 28, 24, 8490, 3641
2, 1, 4.6, 0.7, 28, 24, 9016, 3835
2, 1, 4.8, 0.7, 28, 24, 9568, 4001
2, 1, 1, 0.72, 28, 24, 2, 0
2, 1, 1.2, 0.72, 28, 24, 443, 162
2, 1, 1.4, 0.72, 28, 24, 959, 368
2, 1, 1.6, 0.72, 28, 24, 1464, 592
2, 1, 1.8, 0.72, 28, 24, 2018, 752
2, 1, 2, 0.72, 28, 24, 2484, 999
2, 1, 2.2, 0.72, 28, 24, 3066, 1143
2, 1, 2.4, 0.72, 28, 24, 3553, 1370
2, 1, 2.6, 0.72, 28, 24, 4081, 1562
2, 1, 2.8, 0.72, 28, 24, 4504, 1865
2, 1, 3, 0.72, 28, 24, 5129, 1959
2, 1, 3.2, 0.72, 28, 24, 5666, 2138
2, 1, 3.4, 0.72, 28, 24, 6087, 2448
2, 1, 3.6, 0.72, 28, 24, 6654, 2594
2, 1, 3.8, 0.72, 28, 24, 7190, 2773
2, 1, 4, 0.72, 28, 24, 7656, 3031
2, 1, 4.2, 0.72, 28, 24, 8283, 3126
2, 1, 4.4, 0.72, 28, 24, 8801, 3321
2, 1, 4.6, 0.72, 28, 24, 9202, 3651
2, 1, 4.8, 0.72, 28, 24, 9721, 3850
2, 1, 1, 0.74, 28, 24, 0, 1
2, 1, 1.2, 0.74, 28, 24, 442, 158
2, 1, 1.4, 0.74, 28, 24, 989, 336
2, 1, 1.6, 0.74, 28, 24, 1562, 486
2, 1, 1.8, 0.74, 28, 24, 2041, 720
2, 1, 2, 0.74, 28, 24, 2611, 877
2, 1, 2.2, 0.74, 28, 24, 3147, 1063
2, 1, 2.4, 0.74, 28, 24, 3635, 1286
2, 1, 2.6, 0.74, 28, 24, 4186, 1463
2, 1, 2.8, 0.74, 28, 24, 4739, 1627
2, 1, 3, 0.74, 28, 24, 5231, 1861
2, 1, 3.2, 0.74, 28, 24, 5722, 2085
2, 1, 3.4, 0.74, 28, 24, 6344, 2179
2, 1, 3.6, 0.74, 28, 24, 6837, 2408
2, 1, 3.8, 0.74, 28, 24, 7273, 2690
2, 1, 4, 0.74, 28, 24, 7879, 2809
2, 1, 4.2, 0.74, 28, 24, 8524, 2884
2, 1, 4.4, 0.74, 28, 24, 8970, 3154
2, 1, 4.6, 0.74, 28, 24, 9514, 3328
2, 1, 4.8, 0.74, 28, 24, 10007, 3550
2, 1, 1, 0.76, 28, 24, 1, 0
2, 1, 1.2, 0.76, 28, 24, 459, 144
2, 1, 1.4, 0.76, 28, 24, 1030, 295
2, 1, 1.6, 0.76, 28, 24, 1576, 465
2, 1, 1.8, 0.76, 28, 24, 2059, 705
2, 1, 2, 0.76, 28, 24, 2622, 864
2, 1, 2.2, 0.76, 28, 24, 3228, 979
2, 1, 2.4, 0.76, 28, 24, 3784, 1140
2, 1, 2.6, 0.76, 28, 24, 4301, 1343
2, 1, 2.8, 0.76, 28, 24, 4818, 1548
2, 1, 3, 0.76, 28, 24, 5431, 1650
2, 1, 3.2, 0.76, 28, 24, 5898, 1904
2, 1, 3.4, 0.76, 28, 24, 6458, 2075
2, 1, 3.6, 0.76, 28, 24, 6942, 2308
2, 1, 3.8, 0.76, 28, 24, 7551, 2408
2, 1, 4, 0.76, 28, 24, 8197, 2486
2, 1, 4.2, 0.76, 28, 24, 8671, 2734
2, 1, 4.4, 0.76, 28, 24, 9251, 2875
2, 1, 4.6, 0.76, 28, 24, 9702, 3149
2, 1, 4.8, 0.76, 28, 24, 10304, 3254
2, 1, 1, 0.78, 28, 24, 1, 0
2, 1, 1.2, 0.78, 28, 24, 461, 138
2, 1, 1.4, 0.78, 28, 24, 1010, 312
2, 1, 1.6, 0.78, 28, 24, 1607, 442
2, 1, 1.8, 0.78, 28, 24, 2135, 629
2, 1, 2, 0.78, 28, 24, 2729, 754
2, 1, 2.2, 0.78, 28, 24, 3297, 902
2, 1, 2.4, 0.78, 28, 24, 3791, 1128
2, 1, 2.6, 0.78, 28, 24, 4461, 1184
2, 1, 2.8, 0.78, 28, 24, 5002, 1346
2, 1, 3, 0.78, 28, 24, 5530, 1548
2, 1, 3.2, 0.78, 28, 24, 6105, 1704
2, 1, 3.4, 0.78, 28, 24, 6646, 1877
2, 1, 3.6, 0.78, 28, 24, 7144, 2095
2, 1, 3.8, 0.78, 28, 24, 7812, 2148
2, 1, 4, 0.78, 28, 24, 8453, 2236
2, 1, 4.2, 0.78, 28, 24, 8910, 2486
2, 1, 4.4, 0.78, 28, 24, 9415, 2699
2, 1, 4.6, 0.78, 28, 24, 10006, 2840
2, 1, 4.8, 0.78, 28, 24, 10614, 2947
2, 1, 1, 0.8, 28, 24, 1, 1
2, 1, 1.2, 0.8, 28, 24, 492, 107
2, 1, 1.4, 0.8, 28, 24, 1063, 264
2, 1, 1.6, 0.8, 28, 24, 1633, 410
2, 1, 1.8, 0.8, 28, 24, 2229, 537
2, 1, 2, 0.8, 28, 24, 2772, 707
2, 1, 2.2, 0.8, 28, 24, 3382, 826
2, 1, 2.4, 0.8, 28, 24, 3884, 1038
2, 1, 2.6, 0.8, 28, 24, 4522, 1122
2, 1, 2.8, 0.8, 28, 24, 5080, 1281
2, 1, 3, 0.8, 28, 24, 5664, 1419
2, 1, 3.2, 0.8, 28, 24, 6259, 1546
2, 1, 3.4, 0.8, 28, 24, 6811, 1704
2, 1, 3.6, 0.8, 28, 24, 7437, 1804
2, 1, 3.8, 0.8, 28, 24, 7997, 1970
2, 1, 4, 0.8, 28, 24, 8519, 2162
2, 1, 4.2, 0.8, 28, 24, 9134, 2264
2, 1, 4.4, 0.8, 28, 24, 9730, 2388
2, 1, 4.6, 0.8, 28, 24, 10237, 2600
2, 1, 4.8, 0.8, 28, 24, 10832, 2733
2, 1, 1, 0.82, 28, 24, 1, 0
2, 1, 1.2, 0.82, 28, 24, 477, 119
2, 1, 1.4, 0.82, 28, 24, 1091, 230
2, 1, 1.6, 0.82, 28, 24, 1664, 372
2, 1, 1.8, 0.82, 28, 24, 2280, 471
2, 1, 2, 0.82, 28, 24, 2843, 636
2, 1, 2.2, 0.82, 28, 24, 3388, 803
2, 1, 2.4, 0.82, 28, 24, 4043, 871
2, 1, 2.6, 0.82, 28, 24, 4651, 992
2, 1, 2.8, 0.82, 28, 24, 5227, 1132
2, 1, 3, 0.82, 28, 24, 5840, 1229
2, 1, 3.2, 0.82, 28, 24, 6375, 1420
2, 1, 3.4, 0.82, 28, 24, 6996, 1517
2, 1, 3.6, 0.82, 28, 24, 7540, 1705
2, 1, 3.8, 0.82, 28, 24, 8172, 1777
2, 1, 4, 0.82, 28, 24, 8727, 1952
2, 1, 4.2, 0.82, 28, 24, 9314, 2084
2, 1, 4.4, 0.82, 28, 24, 9962, 2165
2, 1, 4.6, 0.82, 28, 24, 10560, 2280
2, 1, 4.8, 0.82, 28, 24, 11170, 2388
2, 1, 1, 0.84, 28, 24, 0, 1
2, 1, 1.2, 0.84, 28, 24, 502, 94
2, 1, 1.4, 0.84, 28, 24, 1116, 209
2, 1, 1.6, 0.84, 28, 24, 1723, 319
2, 1, 1.8, 0.84, 28, 24, 2314, 446
2, 1, 2, 0.84, 28, 24, 2916, 570
2, 1, 2.2, 0.84, 28, 24, 3517, 681
2, 1, 2.4, 0.84, 28, 24, 4124, 797
2, 1, 2.6, 0.84, 28, 24, 4782, 855
2, 1, 2.8, 0.84, 28, 24, 5386, 979
2, 1, 3, 0.84, 28, 24, 5980, 1101
2, 1, 3.2, 0.84, 28, 24, 6605, 1194
2, 1, 3.4, 0.84, 28, 24, 7113, 1402
2, 1, 3.6, 0.84, 28, 24, 7800, 1437
2, 1, 3.8, 0.84, 28, 24, 8413, 1551
2, 1, 4, 0.84, 28, 24, 9047, 1632
2, 1, 4.2, 0.84, 28, 24, 9577, 1813
2, 1, 4.4, 0.84, 28, 24, 10155, 1963
2, 1, 4.6, 0.84, 28, 24, 10831, 2009
2, 1, 4.8, 0.84, 28, 24, 11362, 2195
2, 1, 1, 0.86, 28, 24, 1, 0
2, 1, 1.2, 0.86, 28, 24, 515, 79
2, 1, 1.4, 0.86, 28, 24, 1099, 211
2, 1, 1.6, 0.86, 28, 24, 1768, 271
2, 1, 1.8, 0.86, 28, 24, 2362, 394
2, 1, 2, 0.86, 28, 24, 3019, 460
2, 1, 2.2, 0.86, 28, 24, 3601, 596
2, 1, 2.4, 0.86, 28, 24, 4214, 694
2, 1, 2.6, 0.86, 28, 24, 4832, 796
2, 1, 2.8, 0.86, 28, 24, 5482, 879
2, 1, 3, 0.86, 28, 24, 6081, 992
2, 1, 3.2, 0.86, 28, 24, 6658, 1132
2, 1, 3.4, 0.86, 28, 24, 7363, 1158
2, 1, 3.6, 0.86, 28, 24, 7925, 1308
2, 1, 3.8, 0.86, 28, 24, 8602, 1359
2, 1, 4, 0.86, 28, 24, 9166, 1519
2, 1, 4.2, 0.86, 28, 24, 9848, 1551
2, 1, 4.4, 0.86, 28, 24, 10428, 1684
2, 1, 4.6, 0.86, 28, 24, 11055, 1786
2, 1, 4.8, 0.86, 28, 24, 11539, 2020
2, 1, 1, 0.88, 28, 24, 0, 0
2, 1, 1.2, 0.88, 28, 24, 544, 62
2, 1, 1.4, 0.88, 28, 24, 1154, 159
2, 1, 1.6, 0.88, 28, 24, 1788, 245
2, 1, 1.8, 0.88, 28, 24, 2434, 321
2, 1, 2, 0.88, 28, 24, 3043, 432
2, 1, 2.2, 0.88, 28, 24, 3706, 488
2, 1, 2.4, 0.88, 28, 24, 4327, 590
2, 1, 2.6, 0.88, 28, 24, 4963, 678
2, 1, 2.8, 0.88, 28, 24, 5593, 766
2, 1, 3, 0.88, 28, 24, 6232, 845
2, 1, 3.2, 0.88, 28, 24, 6873, 926
2, 1, 3.4, 0.88, 28, 24, 7440, 1081
2, 1, 3.6, 0.88, 28, 24, 8128, 1103
2, 1, 3.8, 0.88, 28, 24, 8748, 1206
2, 1, 4, 0.88, 28, 24, 9414, 1270
2, 1, 4.2, 0.88, 28, 24, 10031, 1368
2, 1, 4.4, 0.88, 28, 24, 10627, 1489
2, 1, 4.6, 0.88, 28, 24, 11269, 1574
2, 1, 4.8, 0.88, 28, 24, 11984, 1568
2, 1, 1, 0.9, 28, 24, 0, 0
2, 1, 1.2, 0.9, 28, 24, 544, 50
2, 1, 1.4, 0.9, 28, 24, 1203, 119
2, 1, 1.6, 0.9, 28, 24, 1820, 211
2, 1, 1.8, 0.9, 28, 24, 2479, 273
2, 1, 2, 0.9, 28, 24, 3143, 334
2, 1, 2.2, 0.9, 28, 24, 3762, 433
2, 1, 2.4, 0.9, 28, 24, 4424, 492
2, 1, 2.6, 0.9, 28, 24, 5054, 575
2, 1, 2.8, 0.9, 28, 24, 5710, 647
2, 1, 3, 0.9, 28, 24, 6341, 730
2, 1, 3.2, 0.9, 28, 24, 7057, 734
2, 1, 3.4, 0.9, 28, 24, 7690, 827
2, 1, 3.6, 0.9, 28, 24, 8327, 909
2, 1, 3.8, 0.9, 28, 24, 8950, 1001
2, 1, 4, 0.9, 28, 24, 9603, 1074
2, 1, 4.2, 0.9, 28, 24, 10229, 1165
2, 1, 4.4, 0.9, 28, 24, 10940, 1173
2, 1, 4.6, 0.9, 28, 24, 11523, 1309
2, 1, 4.8, 0.9, 28, 24, 12192, 1350
2, 1, 1, 0.92, 28, 24, 1, 0
2, 1, 1.2, 0.92, 28, 24, 542, 53
2, 1, 1.4, 0.92, 28, 24, 1223, 98
2, 1, 1.6, 0.92, 28, 24, 1879, 154
2, 1, 1.8, 0.92, 28, 24, 2521, 239
2, 1, 2, 0.92, 28, 24, 3197, 276
2, 1, 2.2, 0.92, 28, 24, 3841, 354
2, 1, 2.4, 0.92, 28, 24, 4526, 385
2, 1, 2.6, 0.92, 28, 24, 5175, 456
2, 1, 2.8, 0.92, 28, 24, 5860, 485
2, 1, 3, 0.92, 28, 24, 6508, 569
2, 1, 3.2, 0.92, 28, 24, 7199, 590
2, 1, 3.4, 0.92, 28, 24, 7865, 646
2, 1, 3.6, 0.92, 28, 24, 8489, 741
2, 1, 3.8, 0.92, 28, 24, 9146, 805
2, 1, 4, 0.92, 28, 24, 9764, 903
2, 1, 4.2, 0.92, 28, 24, 10526, 877
2, 1, 4.4, 0.92, 28, 24, 11159, 956
2, 1, 4.6, 0.92, 28, 24, 11791, 1041
2, 1, 4.8, 0.92, 28, 24, 12495, 1060
2, 1, 1, 0.94, 28, 24, 1, 0
2, 1, 1.2, 0.94, 28, 24, 560, 28
2, 1, 1.4, 0.94, 28, 24, 1237, 72
2, 1, 1.6, 0.94, 28, 24, 1922, 115
2, 1, 1.8, 0.94, 28, 24, 2582, 170
2, 1, 2, 0.94, 28, 24, 3275, 205
2, 1, 2.2, 0.94, 28, 24, 3941, 254
2, 1, 2.4, 0.94, 28, 24, 4629, 284
2, 1, 2.6, 0.94, 28, 24, 5277, 346
2, 1, 2.8, 0.94, 28, 24, 5968, 386
2, 1, 3, 0.94, 28, 24, 6633, 435
2, 1, 3.2, 0.94, 28, 24, 7340, 444
2, 1, 3.4, 0.94, 28, 24, 7997, 516
2, 1, 3.6, 0.94, 28, 24, 8673, 565
2, 1, 3.8, 0.94, 28, 24, 9344, 610
2, 1, 4, 0.94, 28, 24, 10062, 610
2, 1, 4.2, 0.94, 28, 24, 10751, 650
2, 1, 4.4, 0.94, 28, 24, 11363, 747
2, 1, 4.6, 0.94, 28, 24, 12090, 745
2, 1, 4.8, 0.94, 28, 24, 12817, 734
2, 1, 1, 0.96, 28, 24, 1, 0
2, 1, 1.2, 0.96, 28, 24, 562, 19
2, 1, 1.4, 0.96, 28, 24, 1241, 65
2, 1, 1.6, 0.96, 28, 24, 1964, 68
2, 1, 1.8, 0.96, 28, 24, 2630, 123
2, 1, 2, 0.96, 28, 24, 3348, 130
2, 1, 2.2, 0.96, 28, 24, 4026, 162
2, 1, 2.4, 0.96, 28, 24, 4723, 184
2, 1, 2.6, 0.96, 28, 24, 5409, 220
2, 1, 2.8, 0.96, 28, 24, 6106, 248
2, 1, 3, 0.96, 28, 24, 6808, 268
2, 1, 3.2, 0.96, 28, 24, 7471, 322
2, 1, 3.4, 0.96, 28, 24, 8142, 367
2, 1, 3.6, 0.96, 28, 24, 8864, 363
2, 1, 3.8, 0.96, 28, 24, 9544, 404
2, 1, 4, 0.96, 28, 24, 10201, 467
2, 1, 4.2, 0.96, 28, 24, 10918, 481
2, 1, 4.4, 0.96, 28, 24, 11603, 511
2, 1, 4.6, 0.96, 28, 24, 12325, 510
2, 1, 4.8, 0.96, 28, 24, 12955, 597
2, 1, 1, 0.98, 28, 24, 0, 0
2, 1, 1.2, 0.98, 28, 24, 580, 13
2, 1, 1.4, 0.98, 28, 24, 1281, 25
2, 1, 1.6, 0.98, 28, 24, 1975, 48
2, 1, 1.8, 0.98, 28, 24, 2696, 52
2, 1, 2, 0.98, 28, 24, 3402, 76
2, 1, 2.2, 0.98, 28, 24, 4118, 68
2, 1, 2.4, 0.98, 28, 24, 4801, 105
2, 1, 2.6, 0.98, 28, 24, 5514, 115
2, 1, 2.8, 0.98, 28, 24, 6243, 109
2, 1, 3, 0.98, 28, 24, 6927, 135
2, 1, 3.2, 0.98, 28, 24, 7629, 150
2, 1, 3.4, 0.98, 28, 24, 8333, 170
2, 1, 3.6, 0.98, 28, 24, 9052, 180
2, 1, 3.8, 0.98, 28, 24, 9749, 196
2, 1, 4, 0.98, 28, 24, 10477, 192
2, 1, 4.2, 0.98, 28, 24, 11149, 240
2, 1, 4.4, 0.98, 28, 24, 11809, 298
2, 1, 4.6, 0.98, 28, 24, 12571, 260
2, 1, 4.8, 0.98, 28, 24, 13280, 270
