3, 0, 2, 0, 28, 24, 0, 1856
3, 0, 2.2, 0, 28, 24, 0, 2565
3, 0, 2.4, 0, 28, 24, 0, 3309
3, 0, 2.6, 0, 28, 24, 0, 4027
3, 0, 2.8, 0, 28, 24, 0, 4736
3, 0, 3, 0, 28, 24, 0, 5457
3, 0, 3.2, 0, 28, 24, 0, 6180
3, 0, 3.4, 0, 28, 24, 0, 6889
3, 0, 3.6, 0, 28, 24, 0, 7619
3, 0, 3.8, 0, 28, 24, 0, 8328
3, 0, 4, 0, 28, 24, 0, 9058
3, 0, 4.2, 0, 28, 24, 0, 9769
3, 0, 4.4, 0, 28, 24, 0, 10509
3, 0, 4.6, 0, 28, 24, 0, 11226
3, 0, 4.8, 0, 28, 24, 0, 11938
3, 0, 2, 0.02, 28, 24, 32, 1818
3, 0, 2.2, 0.02, 28, 24, 54, 2528
3, 0, 2.4, 0.02, 28, 24, 59, 3234
3, 0, 2.6, 0.02, 28, 24, 68, 3949
3, 0, 2.8, 0.02, 28, 24, 92, 4639
3, 0, 3, 0.02, 28, 24, 119, 5335
3, 0, 3.2, 0.02, 28, 24, 118, 6057
3, 0, 3.4, 0.02, 28, 24, 136, 6750
3, 0, 3.6, 0.02, 28, 24, 148, 7469
3, 0, 3.8, 0.02, 28, 24, 162, 8176
3, 0, 4, 0.02, 28, 24, 187, 8864
3, 0, 4.2, 0.02, 28, 24, 192, 9586
3, 0, 4.4, 0.02, 28, 24, 213, 10277
3, 0, 4.6, 0.02, 28, 24, 216, 10990
3, 0, 4.8, 0.02, 28, 24, 219, 11713
3, 0, 2, 0.04, 28, 24, 72, 1781
3, 0, 2.2, 0.04, 28, 24, 104, 2460
3, 0, 2.4, 0.04, 28, 24, 140, 3142
3, 0, 2.6, 0.04, 28, 24, 159, 3851
3, 0, 2.8, 0.04, 28, 24, 188, 4545
3, 0, 3, 0.04, 28, 24, 217, 5227
3, 0, 3.2, 0.04, 28, 24, 256, 5917
3, 0, 3.4, 0.04, 28, 24, 279, 6610
3, 0, 3.6, 0.04, 28, 24, 289, 7329
3, 0, 3.8, 0.04, 28, 24, 335, 7991
3, 0, 4, 0.04, 28, 24, 367, 8680
3, 0, 4.2, 0.04, 28, 24, 359, 9407
3, 0, 4.4, 0.04, 28, 24, 445, 10048
3, 0, 4.6, 0.04, 28, 24, 445, 10763
3, 0, 4.8, 0.04, 28, 24, 531, 11395
3, 0, 2, 0.06, 28, 24, 116, 1728
3, 0, 2.2, 0.06, 28, 24, 164, 2403
3, 0, 2.4, 0.06, 28, 24, 196, 3098
3, 0, 2.6, 0.06, 28, 24, 265, 3738
3, 0, 2.8, 0.06, 28, 24, 289, 4438
3, 0, 3, 0.06, 28, 24, 302, 5144
3, 0, 3.2, 0.06, 28, 24, 398, 5776
3, 0, 3.4, 0.06, 28, 24, 450, 6434
3, 0, 3.6, 0.06, 28, 24, 457, 7143
3, 0, 3.8, 0.06, 28, 24, 499, 7828
3, 0, 4, 0.06, 28, 24, 534, 8511
3, 0, 4.2, 0.06, 28, 24, 589, 9182
3, 0, 4.4, 0.06, 28, 24, 604, 9889
3, 0, 4.6, 0.06, 28, 24, 670, 10536
3, 0, 4.8, 0.06, 28, 24, 788, 11142
3, 0, 2, 0.08, 28, 24, 141, 1694
3, 0, 2.2, 0.08, 28, 24, 235, 2329
3, 0, 2.4, 0.08, 28, 24, 264, 3016
3, 0, 2.6, 0.08, 28, 24, 361, 3645
3, 0, 2.8, 0.08, 28, 24, 380, 4348
3, 0, 3, 0.08, 28, 24, 453, 4994
3, 0, 3.2, 0.08, 28, 24, 477, 5692
3, 0, 3.4, 0.08, 28, 24, 552, 6329
3, 0, 3.6, 0.08, 28, 24, 595, 7004
3, 0, 3.8, 0.08, 28, 24, 672, 7647
3, 0, 4, 0.08, 28, 24, 760, 8286
3, 0, 4.2, 0.08, 28, 24, 767, 8992
3, 0, 4.4, 0.08, 28, 24, 856, 9618
3, 0, 4.6, 0.08, 28, 24, 913, 10289
3, 0, 4.8, 0.08, 28, 24, 920, 11010
3, 0, 2, 0.1, 28, 24, 173, 1684
3, 0, 2.2, 0.1, 28, 24, 285, 2279
3, 0, 2.4, 0.1, 28, 24, 344, 2940
3, 0, 2.6, 0.1, 28, 24, 414, 3587
3, 0, 2.8, 0.1, 28, 24, 467, 4265
3, 0, 3, 0.1, 28, 24, 546, 4888
3, 0, 3.2, 0.1, 28, 24, 640, 5519
3, 0, 3.4, 0.1, 28, 24, 677, 6202
3, 0, 3.6, 0.1, 28, 24, 742, 6868
3, 0, 3.8, 0.1, 28, 24, 874, 7445
3, 0, 4, 0.1, 28, 24, 906, 8140
3, 0, 4.2, 0.1, 28, 24, 940, 8817
3, 0, 4.4, 0.1, 28, 24, 1024, 9460
3, 0, 4.6, 0.1, 28, 24, 1131, 10068
3, 0, 4.8, 0.1, 28, 24, 1169, 10749
3, 0, 2, 0.12, 28, 24, 216, 1626
3, 0, 2.2, 0.12, 28, 24, 310, 2242
3, 0, 2.4, 0.12, 28, 24, 395, 2884
3, 0, 2.6, 0.12, 28, 24, 498, 3497
3, 0, 2.8, 0.12, 28, 24, 552, 4164
3, 0, 3, 0.12, 28, 24, 678, 4763
3, 0, 3.2, 0.12, 28, 24, 731, 5427
3, 0, 3.4, 0.12, 28, 24, 806, 6072
3, 0, 3.6, 0.12, 28, 24, 944, 6658
3, 0, 3.8, 0.12, 28, 24, 978, 7342
3, 0, 4, 0.12, 28, 24, 1042, 7997
3, 0, 4.2, 0.12, 28, 24, 1145, 8607
3, 0, 4.4, 0.12, 28, 24, 1299, 9181
3, 0, 4.6, 0.12, 28, 24, 1356, 9836
3, 0, 4.8, 0.12, 28, 24, 1444, 10473
3, 0, 2, 0.14, 28, 24, 268, 1565
3, 0, 2.2, 0.14, 28, 24, 314, 2251
3, 0, 2.4, 0.14, 28, 24, 426, 2849
3, 0, 2.6, 0.14, 28, 24, 567, 3428
3, 0, 2.8, 0.14, 28, 24, 672, 4040
3, 0, 3, 0.14, 28, 24, 743, 4693
3, 0, 3.2, 0.14, 28, 24, 881, 5268
3, 0, 3.4, 0.14, 28, 24, 1000, 5875
3, 0, 3.6, 0.14, 28, 24, 1082, 6508
3, 0, 3.8, 0.14, 28, 24, 1196, 7116
3, 0, 4, 0.14, 28, 24, 1267, 7773
3, 0, 4.2, 0.14, 28, 24, 1395, 8352
3, 0, 4.4, 0.14, 28, 24, 1497, 8980
3, 0, 4.6, 0.14, 28, 24, 1606, 9588
3, 0, 4.8, 0.14, 28, 24, 1698, 10211
3, 0, 2, 0.16, 28, 24, 290, 1543
3, 0, 2.2, 0.16, 28, 24, 429, 2124
3, 0, 2.4, 0.16, 28, 24, 528, 2747
3, 0, 2.6, 0.16, 28, 24, 642, 3345
3, 0, 2.8, 0.16, 28, 24, 773, 3947
3, 0, 3, 0.16, 28, 24, 845, 4586
3, 0, 3.2, 0.16, 28, 24, 1021, 5133
3, 0, 3.4, 0.16, 28, 24, 1133, 5735
3, 0, 3.6, 0.16, 28, 24, 1209, 6380
3, 0, 3.8, 0.16, 28, 24, 1375, 6943
3, 0, 4, 0.16, 28, 24, 1462, 7566
3, 0, 4.2, 0.16, 28, 24, 1513, 8242
3, 0, 4.4, 0.16, 28, 24, 1688, 8789
3, 0, 4.6, 0.16, 28, 24, 1739, 9454
3, 0, 4.8, 0.16, 28, 24, 1913, 10005
3, 0, 2, 0.18, 28, 24, 344, 1484
3, 0, 2.2, 0.18, 28, 24, 460, 2094
3, 0, 2.4, 0.18, 28, 24, 555, 2712
3, 0, 2.6, 0.18, 28, 24, 721, 3270
3, 0, 2.8, 0.18, 28, 24, 781, 3937
3, 0, 3, 0.18, 28, 24, 964, 4458
3, 0, 3.2, 0.18, 28, 24, 1186, 4960
3, 0, 3.4, 0.18, 28, 24, 1204, 5663
3, 0, 3.6, 0.18, 28, 24, 1379, 6208
3, 0, 3.8, 0.18, 28, 24, 1522, 6785
3, 0, 4, 0.18, 28, 24, 1616, 7415
3, 0, 4.2, 0.18, 28, 24, 1738, 8003
3, 0, 4.4, 0.18, 28, 24, 1894, 8583
3, 0, 4.6, 0.18, 28, 24, 2011, 9177
3, 0, 4.8, 0.18, 28, 24, 2151, 9760
3, 0, 2, 0.2, 28, 24, 375, 1456
3, 0, 2.2, 0.2, 28, 24, 510, 2033
3, 0, 2.4, 0.2, 28, 24, 691, 2573
3, 0, 2.6, 0.2, 28, 24, 777, 3209
3, 0, 2.8, 0.2, 28, 24, 945, 3754
3, 0, 3, 0.2, 28, 24, 1083, 4347
3, 0, 3.2, 0.2, 28, 24, 1268, 4872
3, 0, 3.4, 0.2, 28, 24, 1414, 5461
3, 0, 3.6, 0.2, 28, 24, 1476, 6116
3, 0, 3.8, 0.2, 28, 24, 1661, 6644
3, 0, 4, 0.2, 28, 24, 1818, 7209
3, 0, 4.2, 0.2, 28, 24, 1926, 7816
3, 0, 4.4, 0.2, 28, 24, 2132, 8340
3, 0, 4.6, 0.2, 28, 24, 2235, 8947
3, 0, 4.8, 0.2, 28, 24, 2312, 9588
3, 0, 2, 0.22, 28, 24, 382, 1443
3, 0, 2.2, 0.22, 28, 24, 544, 1997
3, 0, 2.4, 0.22, 28, 24, 703, 2551
3, 0, 2.6, 0.22, 28, 24, 852, 3134
3, 0, 2.8, 0.22, 28, 24, 1004, 3701
3, 0, 3, 0.22, 28, 24, 1191, 4230
3, 0, 3.2, 0.22, 28, 24, 1275, 4868
3, 0, 3.4, 0.22, 28, 24, 1492, 5373
3, 0, 3.6, 0.22, 28, 24, 1703, 5875
3, 0, 3.8, 0.22, 28, 24, 1828, 6471
3, 0, 4, 0.22, 28, 24, 1985, 7038
3, 0, 4.2, 0.22, 28, 24, 2174, 7572
3, 0, 4.4, 0.22, 28, 24, 2250, 8213
3, 0, 4.6, 0.22, 28, 24, 2469, 8708
3, 0, 4.8, 0.22, 28, 24, 2626, 9273
3, 0, 2, 0.24, 28, 24, 431, 1389
3, 0, 2.2, 0.24, 28, 24, 617, 1934
3, 0, 2.4, 0.24, 28, 24, 786, 2475
3, 0, 2.6, 0.24, 28, 24, 957, 3022
3, 0, 2.8, 0.24, 28, 24, 1156, 3558
3, 0, 3, 0.24, 28, 24, 1245, 4177
3, 0, 3.2, 0.24, 28, 24, 1414, 4727
3, 0, 3.4, 0.24, 28, 24, 1672, 5184
3, 0, 3.6, 0.24, 28, 24, 1874, 5705
3, 0, 3.8, 0.24, 28, 24, 2059, 6249
3, 0, 4, 0.24, 28, 24, 2163, 6858
3, 0, 4.2, 0.24, 28, 24, 2324, 7410
3, 0, 4.4, 0.24, 28, 24, 2549, 7917
3, 0, 4.6, 0.24, 28, 24, 2710, 8464
3, 0, 4.8, 0.24, 28, 24, 2926, 8971
3, 0, 2, 0.26, 28, 24, 482, 1336
3, 0, 2.2, 0.26, 28, 24, 681, 1856
3, 0, 2.4, 0.26, 28, 24, 801, 2455
3, 0, 2.6, 0.26, 28, 24, 1050, 2925
3, 0, 2.8, 0.26, 28, 24, 1232, 3470
3, 0, 3, 0.26, 28, 24, 1368, 4039
3, 0, 3.2, 0.26, 28, 24, 1584, 4565
3, 0, 3.4, 0.26, 28, 24, 1810, 5047
3, 0, 3.6, 0.26, 28, 24, 1954, 5621
3, 0, 3.8, 0.26, 28, 24, 2133, 6171
3, 0, 4, 0.26, 28, 24, 2323, 6694
3, 0, 4.2, 0.26, 28, 24, 2582, 7157
3, 0, 4.4, 0.26, 28, 24, 2760, 7705
3, 0, 4.6, 0.26, 28, 24, 2922, 8253
3, 0, 4.8, 0.26, 28, 24, 3131, 8759
3, 0, 2, 0.28, 28, 24, 515, 1300
3, 0, 2.2, 0.28, 28, 24, 702, 1838
3, 0, 2.4, 0.28, 28, 24, 893, 2357
3, 0, 2.6, 0.28, 28, 24, 1132, 2846
3, 0, 2.8, 0.28, 28, 24, 1280, 3421
3, 0, 3, 0.28, 28, 24, 1500, 3912
3, 0, 3.2, 0.28, 28, 24, 1696, 4449
3, 0, 3.4, 0.28, 28, 24, 1922, 4922
3, 0, 3.6, 0.28, 28, 24, 2159, 5420
3, 0, 3.8, 0.28, 28, 24, 2286, 6001
3, 0, 4, 0.28, 28, 24, 2550, 6464
3, 0, 4.2, 0.28, 28, 24, 2753, 6980
3, 0, 4.4, 0.28, 28, 24, 2903, 7555
3, 0, 4.6, 0.28, 28, 24, 3157, 8019
3, 0, 4.8, 0.28, 28, 24, 3327, 8565
3, 0, 2, 0.3, 28, 24, 549, 1269
3, 0, 2.2, 0.3, 28, 24, 778, 1759
3, 0, 2.4, 0.3, 28, 24, 1009, 2252
3, 0, 2.6, 0.3, 28, 24, 1198, 2763
3, 0, 2.8, 0.3, 28, 24, 1352, 3343
3, 0, 3, 0.3, 28, 24, 1617, 3800
3, 0, 3.2, 0.3, 28, 24, 1794, 4335
3, 0, 3.4, 0.3, 28, 24, 2071, 4782
3, 0, 3.6, 0.3, 28, 24, 2240, 5339
3, 0, 3.8, 0.3, 28, 24, 2488, 5804
3, 0, 4, 0.3, 28, 24, 2750, 6263
3, 0, 4.2, 0.3, 28, 24, 2943, 6794
3, 0, 4.4, 0.3, 28, 24, 3123, 7339
3, 0, 4.6, 0.3, 28, 24, 3403, 7762
3, 0, 4.8, 0.3, 28, 24, 3577, 8318
3, 0, 2, 0.32, 28, 24, 590, 1224
3, 0, 2.2, 0.32, 28, 24, 783, 1734
3, 0, 2.4, 0.32, 28, 24, 1055, 2194
3, 0, 2.6, 0.32, 28, 24, 1305, 2665
3, 0, 2.8, 0.32, 28, 24, 1436, 3248
3, 0, 3, 0.32, 28, 24, 1712, 3695
3, 0, 3.2, 0.32, 28, 24, 2005, 4124
3, 0, 3.4, 0.32, 28, 24, 2193, 4658
3, 0, 3.6, 0.32, 28, 24, 2399, 5164
3, 0, 3.8, 0.32, 28, 24, 2620, 5658
3, 0, 4, 0.32, 28, 24, 2960, 6045
3, 0, 4.2, 0.32, 28, 24, 3070, 6662
3, 0, 4.4, 0.32, 28, 24, 3320, 7132
3, 0, 4.6, 0.32, 28, 24, 3625, 7539
3, 0, 4.8, 0.32, 28, 24, 3778, 8107
3, 0, 2, 0.34, 28, 24, 595, 1213
3, 0, 2.2, 0.34, 28, 24, 871, 1656
3, 0, 2.4, 0.34, 28, 24, 1069, 2178
3, 0, 2.6, 0.34, 28, 24, 1365, 2611
3, 0, 2.8, 0.34, 28, 24, 1585, 3098
3, 0, 3, 0.34, 28, 24, 1831, 3582
3, 0, 3.2, 0.34, 28, 24, 2036, 4090
3, 0, 3.4, 0.34, 28, 24, 2338, 4501
3, 0, 3.6, 0.34, 28, 24, 2588, 4983
3, 0, 3.8, 0.34, 28, 24, 2844, 5445
3, 0, 4, 0.34, 28, 24, 3071, 5945
3, 0, 4.2, 0.34, 28, 24, 3284, 6444
3, 0, 4.4, 0.34, 28, 24, 3638, 6809
3, 0, 4.6, 0.34, 28, 24, 3754, 7411
3, 0, 4.8, 0.34, 28, 24, 4058, 7826
3, 0, 2, 0.36, 28, 24, 635, 1174
3, 0, 2.2, 0.36, 28, 24, 934, 1587
3, 0, 2.4, 0.36, 28, 24, 1162, 2079
3, 0, 2.6, 0.36, 28, 24, 1414, 2544
3, 0, 2.8, 0.36, 28, 24, 1690, 3000
3, 0, 3, 0.36, 28, 24, 1965, 3435
3, 0, 3.2, 0.36, 28, 24, 2147, 3973
3, 0, 3.4, 0.36, 28, 24, 2505, 4331
3, 0, 3.6, 0.36, 28, 24, 2745, 4819
3, 0, 3.8, 0.36, 28, 24, 2921, 5359
3, 0, 4, 0.36, 28, 24, 3305, 5699
3, 0, 4.2, 0.36, 28, 24, 3439, 6280
3, 0, 4.4, 0.36, 28, 24, 3811, 6636
3, 0, 4.6, 0.36, 28, 24, 4010, 7157
3, 0, 4.8, 0.36, 28, 24, 4270, 7612
3, 0, 2, 0.38, 28, 24, 690, 1113
3, 0, 2.2, 0.38, 28, 24, 959, 1561
3, 0, 2.4, 0.38, 28, 24, 1231, 2011
3, 0, 2.6, 0.38, 28, 24, 1513, 2457
3, 0, 2.8, 0.38, 28, 24, 1803, 2875
3, 0, 3, 0.38, 28, 24, 2045, 3357
3, 0, 3.2, 0.38, 28, 24, 2372, 3754
3, 0, 3.4, 0.38, 28, 24, 2549, 4285
3, 0, 3.6, 0.38, 28, 24, 2875, 4688
3, 0, 3.8, 0.38, 28, 24, 3223, 5068
3, 0, 4, 0.38, 28, 24, 3431, 5567
3, 0, 4.2, 0.38, 28, 24, 3684, 6031
3, 0, 4.4, 0.38, 28, 24, 3977, 6469
3, 0, 4.6, 0.38, 28, 24, 4222, 6938
3, 0, 4.8, 0.38, 28, 24, 4445, 7440
3, 0, 2, 0.4, 28, 24, 714, 1093
3, 0, 2.2, 0.4, 28, 24, 1024, 1501
3, 0, 2.4, 0.4, 28, 24, 1256, 1986
3, 0, 2.6, 0.4, 28, 24, 1562, 2402
3, 0, 2.8, 0.4, 28, 24, 1898, 2786
3, 0, 3, 0.4, 28, 24, 2173, 3230
3, 0, 3.2, 0.4, 28, 24, 2511, 3617
3, 0, 3.4, 0.4, 28, 24, 2706, 4131
3, 0, 3.6, 0.4, 28, 24, 3057, 4509
3, 0, 3.8, 0.4, 28, 24, 3368, 4908
3, 0, 4, 0.4, 28, 24, 3629, 5380
3, 0, 4.2, 0.4, 28, 24, 3908, 5814
3, 0, 4.4, 0.4, 28, 24, 4214, 6222
3, 0, 4.6, 0.4, 28, 24, 4491, 6673
3, 0, 4.8, 0.4, 28, 24, 4778, 7103
3, 0, 2, 0.42, 28, 24, 725, 1070
3, 0, 2.2, 0.42, 28, 24, 1099, 1424
3, 0, 2.4, 0.42, 28, 24, 1389, 1850
3, 0, 2.6, 0.42, 28, 24, 1643, 2308
3, 0, 2.8, 0.42, 28, 24, 1991, 2684
3, 0, 3, 0.42, 28, 24, 2267, 3133
3, 0, 3.2, 0.42, 28, 24, 2527, 3593
3, 0, 3.4, 0.42, 28, 24, 2899, 3942
3, 0, 3.6, 0.42, 28, 24, 3172, 4391
3, 0, 3.8, 0.42, 28, 24, 3501, 4778
3, 0, 4, 0.42, 28, 24, 3837, 5164
3, 0, 4.2, 0.42, 28, 24, 4091, 5627
3, 0, 4.4, 0.42, 28, 24, 4341, 6101
3, 0, 4.6, 0.42, 28, 24, 4635, 6525
3, 0, 4.8, 0.42, 28, 24, 5042, 6830
3, 0, 2, 0.44, 28, 24, 789, 1009
3, 0, 2.2, 0.44, 28, 24, 1089, 1434
3, 0, 2.4, 0.44, 28, 24, 1461, 1779
3, 0, 2.6, 0.44, 28, 24, 1778, 2183
3, 0, 2.8, 0.44, 28, 24, 2015, 2658
3, 0, 3, 0.44, 28, 24, 2346, 3052
3, 0, 3.2, 0.44, 28, 24, 2708, 3410
3, 0, 3.4, 0.44, 28, 24, 3049, 3781
3, 0, 3.6, 0.44, 28, 24, 3392, 4160
3, 0, 3.8, 0.44, 28, 24, 3689, 4590
3, 0, 4, 0.44, 28, 24, 3985, 5012
3, 0, 4.2, 0.44, 28, 24, 4240, 5473
3, 0, 4.4, 0.44, 28, 24, 4498, 5930
3, 0, 4.6, 0.44, 28, 24, 5047, 6112
3, 0, 4.8, 0.44, 28, 24, 5276, 6603
3, 0, 2, 0.46, 28, 24, 832, 961
3, 0, 2.2, 0.46, 28, 24, 1156, 1355
3, 0, 2.4, 0.46, 28, 24, 1509, 1722
3, 0, 2.6, 0.46, 28, 24, 1793, 2158
3, 0, 2.8, 0.46, 28, 24, 2161, 2513
3, 0, 3, 0.46, 28, 24, 2528, 2872
3, 0, 3.2, 0.46, 28, 24, 2804, 3310
3, 0, 3.4, 0.46, 28, 24, 3183, 3643
3, 0, 3.6, 0.46, 28, 24, 3510, 4038
3, 0, 3.8, 0.46, 28, 24, 3862, 4421
3, 0, 4, 0.46, 28, 24, 4192, 4801
3, 0, 4.2, 0.46, 28, 24, 4409, 5299
3, 0, 4.4, 0.46, 28, 24, 4857, 5572
3, 0, 4.6, 0.46, 28, 24, 5103, 6043
3, 0, 4.8, 0.46, 28, 24, 5466, 6407
3, 0, 2, 0.48, 28, 24, 883, 911
3, 0, 2.2, 0.48, 28, 24, 1249, 1273
3, 0, 2.4, 0.48, 28, 24, 1532, 1702
3, 0, 2.6, 0.48, 28, 24, 1884, 2061
3, 0, 2.8, 0.48, 28, 24, 2242, 2422
3, 0, 3, 0.48, 28, 24, 2572, 2810
3, 0, 3.2, 0.48, 28, 24, 3005, 3117
3, 0, 3.4, 0.48, 28, 24, 3281, 3551
3, 0, 3.6, 0.48, 28, 24, 3580, 3963
3, 0, 3.8, 0.48, 28, 24, 3947, 4324
3, 0, 4, 0.48, 28, 24, 4291, 4698
3, 0, 4.2, 0.48, 28, 24, 4675, 5034
3, 0, 4.4, 0.48, 28, 24, 5026, 5408
3, 0, 4.6, 0.48, 28, 24, 5362, 5794
3, 0, 4.8, 0.48, 28, 24, 5703, 6175
3, 0, 2, 0.5, 28, 24, 868, 915
3, 0, 2.2, 0.5, 28, 24, 1261, 1254
3, 0, 2.4, 0.5, 28, 24, 1602, 1629
3, 0, 2.6, 0.5, 28, 24, 1980, 1963
3, 0, 2.8, 0.5, 28, 24, 2364, 2305
3, 0, 3, 0.5, 28, 24, 2671, 2711
3, 0, 3.2, 0.5, 28, 24, 3010, 3094
3, 0, 3.4, 0.5, 28, 24, 3381, 3447
3, 0, 3.6, 0.5, 28, 24, 3720, 3831
3, 0, 3.8, 0.5, 28, 24, 4112, 4158
3, 0, 4, 0.5, 28, 24, 4480, 4517
3, 0, 4.2, 0.5, 28, 24, 4874, 4840
3, 0, 4.4, 0.5, 28, 24, 5162, 5265
3, 0, 4.6, 0.5, 28, 24, 5527, 5622
3, 0, 4.8, 0.5, 28, 24, 5973, 5893
3, 0, 2, 0.52, 28, 24, 899, 889
3, 0, 2.2, 0.52, 28, 24, 1318, 1189
3, 0, 2.4, 0.52, 28, 24, 1671, 1555
3, 0, 2.6, 0.52, 28, 24, 2023, 1924
3, 0, 2.8, 0.52, 28, 24, 2458, 2215
3, 0, 3, 0.52, 28, 24, 2784, 2599
3, 0, 3.2, 0.52, 28, 24, 3246, 2876
3, 0, 3.4, 0.52, 28, 24, 3425, 3395
3, 0, 3.6, 0.52, 28, 24, 3865, 3679
3, 0, 3.8, 0.52, 28, 24, 4245, 4024
3, 0, 4, 0.52, 28, 24, 4773, 4217
3, 0, 4.2, 0.52, 28, 24, 5042, 4667
3, 0, 4.4, 0.52, 28, 24, 5471, 4955
3, 0, 4.6, 0.52, 28, 24, 5899, 5242
3, 0, 4.8, 0.52, 28, 24, 6133, 5736
3, 0, 2, 0.54, 28, 24, 981, 803
3, 0, 2.2, 0.54, 28, 24, 1334, 1172
3, 0, 2.4, 0.54, 28, 24, 1762, 1463
3, 0, 2.6, 0.54, 28, 24, 2194, 1761
3, 0, 2.8, 0.54, 28, 24, 2483, 2176
3, 0, 3, 0.54, 28, 24, 2929, 2458
3, 0, 3.2, 0.54, 28, 24, 3337, 2757
3, 0, 3.4, 0.54, 28, 24, 3693, 3133
3, 0, 3.6, 0.54, 28, 24, 4041, 3503
3, 0, 3.8, 0.54, 28, 24, 4451, 3817
3, 0, 4, 0.54, 28, 24, 4815, 4174
3, 0, 4.2, 0.54, 28, 24, 5167, 4542
3, 0, 4.4, 0.54, 28, 24, 5700, 4730
3, 0, 4.6, 0.54, 28, 24, 6083, 5065
3, 0, 4.8, 0.54, 28, 24, 6337, 5524
3, 0, 2, 0.56, 28, 24, 1010, 780
3, 0, 2.2, 0.56, 28, 24, 1358, 1139
3, 0, 2.4, 0.56, 28, 24, 1782, 1446
3, 0, 2.6, 0.56, 28, 24, 2234, 1707
3, 0, 2.8, 0.56, 28, 24, 2587, 2077
3, 0, 3, 0.56, 28, 24, 3049, 2329
3, 0, 3.2, 0.56, 28, 24, 3373, 2728
3, 0, 3.4, 0.56, 28, 24, 3796, 3026
3, 0, 3.6, 0.56, 28, 24, 4229, 3306
3, 0, 3.8, 0.56, 28, 24, 4641, 3618
3, 0, 4, 0.56, 28, 24, 5011, 3972
3, 0, 4.2, 0.56, 28, 24, 5448, 4262
3, 0, 4.4, 0.56, 28, 24, 5775, 4653
3, 0, 4.6, 0.56, 28, 24, 6301, 4834
3, 0, 4.8, 0.56, 28, 24, 6674, 5183
3, 0, 2, 0.58, 28, 24, 1050, 734
3, 0, 2.2, 0.58, 28, 24, 1457, 1048
3, 0, 2.4, 0.58, 28, 24, 1855, 1374
3, 0, 2.6, 0.58, 28, 24, 2281, 1657
3, 0, 2.8, 0.58, 28, 24, 2744, 1921
3, 0, 3, 0.58, 28, 24, 3104, 2277
3, 0, 3.2, 0.58, 28, 24, 3552, 2551
3, 0, 3.4, 0.58, 28, 24, 3900, 2929
3, 0, 3.6, 0.58, 28, 24, 4300, 3242
3, 0, 3.8, 0.58, 28, 24, 4811, 3447
3, 0, 4, 0.58, 28, 24, 5246, 3735
3, 0, 4.2, 0.58, 28, 24, 5638, 4059
3, 0, 4.4, 0.58, 28, 24, 6027, 4389
3, 0, 4.6, 0.58, 28, 24, 6411, 4732
3, 0, 4.8, 0.58, 28, 24, 6920, 4933
3, 0, 2, 0.6, 28, 24, 1068, 714
3, 0, 2.2, 0.6, 28, 24, 1476, 1022
3, 0, 2.4, 0.6, 28, 24, 1935, 1274
3, 0, 2.6, 0.6, 28, 24, 2411, 1521
3, 0, 2.8, 0.6, 28, 24, 2831, 1830
3, 0, 3, 0.6, 28, 24, 3232, 2152
3, 0, 3.2, 0.6, 28, 24, 3677, 2424
3, 0, 3.4, 0.6, 28, 24, 4055, 2761
3, 0, 3.6, 0.6, 28, 24, 4485, 3054
3, 0, 3.8, 0.6, 28, 24, 4946, 3316
3, 0, 4, 0.6, 28, 24, 5401, 3573
3, 0, 4.2, 0.6, 28, 24, 5839, 3863
3, 0, 4.4, 0.6, 28, 24, 6273, 4144
3, 0, 4.6, 0.6, 28, 24, 6563, 4571
3, 0, 4.8, 0.6, 28, 24, 7014, 4846
3, 0, 2, 0.62, 28, 24, 1108, 670
3, 0, 2.2, 0.62, 28, 24, 1544, 954
3, 0, 2.4, 0.62, 28, 24, 2029, 1194
3, 0, 2.6, 0.62, 28, 24, 2453, 1478
3, 0, 2.8, 0.62, 28, 24, 2869, 1781
3, 0, 3, 0.62, 28, 24, 3347, 2034
3, 0, 3.2, 0.62, 28, 24, 3733, 2359
3, 0, 3.4, 0.62, 28, 24, 4192, 2619
3, 0, 3.6, 0.62, 28, 24, 4687, 2848
3, 0, 3.8, 0.62, 28, 24, 5018, 3245
3, 0, 4, 0.62, 28, 24, 5582, 3391
3, 0, 4.2, 0.62, 28, 24, 6011, 3695
3, 0, 4.4, 0.62, 28, 24, 6461, 3958
3, 0, 4.6, 0.62, 28, 24, 6878, 4260
3, 0, 4.8, 0.62, 28, 24, 7410, 4443
3, 0, 2, 0.64, 28, 24, 1151, 631
3, 0, 2.2, 0.64, 28, 24, 1576, 920
3, 0, 2.4, 0.64, 28, 24, 2060, 1163
3, 0, 2.6, 0.64, 28, 24, 2538, 1393
3, 0, 2.8, 0.64, 28, 24, 2959, 1693
3, 0, 3, 0.64, 28, 24, 3469, 1903
3, 0, 3.2, 0.64, 28, 24, 3904, 2194
3, 0, 3.4, 0.64, 28, 24, 4352, 2462
3, 0, 3.6, 0.64, 28, 24, 4824, 2717
3, 0, 3.8, 0.64, 28, 24, 5265, 2987
3, 0, 4, 0.64, 28, 24, 5719, 3261
3, 0, 4.2, 0.64, 28, 24, 6248, 3451
3, 0, 4.4, 0.64, 28, 24, 6616, 3796
3, 0, 4.6, 0.64, 28, 24, 7151, 3986
3, 0, 4.8, 0.64, 28, 24, 7517, 4337
3, 0, 2, 0.66, 28, 24, 1168, 607
3, 0, 2.2, 0.66, 28, 24, 1654, 836
3, 0, 2.4, 0.66, 28, 24, 2166, 1053
3, 0, 2.6, 0.66, 28, 24, 2631, 1295
3, 0, 2.8, 0.66, 28, 24, 3062, 1592
3, 0, 3, 0.66, 28, 24, 3524, 1858
3, 0, 3.2, 0.66, 28, 24, 4033, 2054
3, 0, 3.4, 0.66, 28, 24, 4483, 2327
3, 0, 3.6, 0.66, 28, 24, 4958, 2575
3, 0, 3.8, 0.66, 28, 24, 5423, 2828
3, 0, 4, 0.66, 28, 24, 5917, 3052
3, 0, 4.2, 0.66, 28, 24, 6391, 3295
3, 0, 4.4, 0.66, 28, 24, 6909, 3498
3, 0, 4.6, 0.66, 28, 24, 7410, 3715
3, 0, 4.8, 0.66, 28, 24, 7790, 4064
3, 0, 2, 0.68, 28, 24, 1242, 533
3, 0, 2.2, 0.68, 28, 24, 1721, 770
3, 0, 2.4, 0.68, 28, 24, 2216, 997
3, 0, 2.6, 0.68, 28, 24, 2673, 1266
3, 0, 2.8, 0.68, 28, 24, 3197, 1467
3, 0, 3, 0.68, 28, 24, 3695, 1674
3, 0, 3.2, 0.68, 28, 24, 4137, 1946
3, 0, 3.4, 0.68, 28, 24, 4558, 2253
3, 0, 3.6, 0.68, 28, 24, 5119, 2417
3, 0, 3.8, 0.68, 28, 24, 5598, 2655
3, 0, 4, 0.68, 28, 24, 6069, 2913
3, 0, 4.2, 0.68, 28, 24, 6550, 3136
3, 0, 4.4, 0.68, 28, 24, 7101, 3303
3, 0, 4.6, 0.68, 28, 24, 7554, 3576
3, 0, 4.8, 0.68, 28, 24, 8085, 3762
3, 0, 2, 0.7, 28, 24, 1227, 545
3, 0, 2.2, 0.7, 28, 24, 1723, 764
3, 0, 2.4, 0.7, 28, 24, 2282, 931
3, 0, 2.6, 0.7, 28, 24, 2736, 1195
3, 0, 2.8, 0.7, 28, 24, 3288, 1368
3, 0, 3, 0.7, 28, 24, 3776, 1600
3, 0, 3.2, 0.7, 28, 24, 4273, 1819
3, 0, 3.4, 0.7, 28, 24, 4775, 2036
3, 0, 3.6, 0.7, 28, 24, 5212, 2317
3, 0, 3.8, 0.7, 28, 24, 5845, 2406
3, 0, 4, 0.7, 28, 24, 6378, 2589
3, 0, 4.2, 0.7, 28, 24, 6704, 2989
3, 0, 4.4, 0.7, 28, 24, 7323, 3089
3, 0, 4.6, 0.7, 28, 24, 7766, 3360
3, 0, 4.8, 0.7, 28, 24, 8196, 3654
3, 0, 2, 0.72, 28, 24, 1263, 505
3, 0, 2.2, 0.72, 28, 24, 1826, 670
3, 0, 2.4, 0.72, 28, 24, 2313, 886
3, 0, 2.6, 0.72, 28, 24, 2807, 1120
3, 0, 2.8, 0.72, 28, 24, 3311, 1344
3, 0, 3, 0.72, 28, 24, 3868, 1498
3, 0, 3.2, 0.72, 28, 24, 4417, 1670
3, 0, 3.4, 0.72, 28, 24, 4862, 1945
3, 0, 3.6, 0.72, 28, 24, 5406, 2123
3, 0, 3.8, 0.72, 28, 24, 5927, 2317
3, 0, 4, 0.72, 28, 24, 6456, 2525
3, 0, 4.2, 0.72, 28, 24, 6978, 2719
3, 0, 4.4, 0.72, 28, 24, 7455, 2956
3, 0, 4.6, 0.72, 28, 24, 7979, 3157
3, 0, 4.8, 0.72, 28, 24, 8505, 3341
3, 0, 2, 0.74, 28, 24, 1322, 445
3, 0, 2.2, 0.74, 28, 24, 1814, 665
3, 0, 2.4, 0.74, 28, 24, 2383, 816
3, 0, 2.6, 0.74, 28, 24, 2896, 1027
3, 0, 2.8, 0.74, 28, 24, 3442, 1206
3, 0, 3, 0.74, 28, 24, 4015, 1350
3, 0, 3.2, 0.74, 28, 24, 4532, 1552
3, 0, 3.4, 0.74, 28, 24, 5008, 1798
3, 0, 3.6, 0.74, 28, 24, 5556, 1966
3, 0, 3.8, 0.74, 28, 24, 6094, 2154
3, 0, 4, 0.74, 28, 24, 6639, 2320
3, 0, 4.2, 0.74, 28, 24, 7093, 2599
3, 0, 4.4, 0.74, 28, 24, 7688, 2717
3, 0, 4.6, 0.74, 28, 24, 8245, 2875
3, 0, 4.8, 0.74, 28, 24, 8806, 3051
3, 0, 2, 0.76, 28, 24, 1331, 428
3, 0, 2.2, 0.76, 28, 24, 1915, 571
3, 0, 2.4, 0.76, 28, 24, 2426, 768
3, 0, 2.6, 0.76, 28, 24, 2953, 966
3, 0, 2.8, 0.76, 28, 24, 3514, 1128
3, 0, 3, 0.76, 28, 24, 4061, 1303
3, 0, 3.2, 0.76, 28, 24, 4662, 1427
3, 0, 3.4, 0.76, 28, 24, 5180, 1622
3, 0, 3.6, 0.76, 28, 24, 5643, 1876
3, 0, 3.8, 0.76, 28, 24, 6223, 2016
3, 0, 4, 0.76, 28, 24, 6850, 2111
3, 0, 4.2, 0.76, 28, 24, 7360, 2316
3, 0, 4.4, 0.76, 28, 24, 7876, 2532
3, 0, 4.6, 0.76, 28, 24, 8434, 2690
3, 0, 4.8, 0.76, 28, 24, 9009, 2838
3, 0, 2, 0.78, 28, 24, 1356, 404
3, 0, 2.2, 0.78, 28, 24, 1940, 540
3, 0, 2.4, 0.78, 28, 24, 2463, 746
3, 0, 2.6, 0.78, 28, 24, 3058, 859
3, 0, 2.8, 0.78, 28, 24, 3631, 1008
3, 0, 3, 0.78, 28, 24, 4180, 1190
3, 0, 3.2, 0.78, 28, 24, 4730, 1354
3, 0, 3.4, 0.78, 28, 24, 5270, 1532
3, 0, 3.6, 0.78, 28, 24, 5866, 1656
3, 0, 3.8, 0.78, 28, 24, 6412, 1832
3, 0, 4, 0.78, 28, 24, 7057, 1903
3, 0, 4.2, 0.78, 28, 24, 7471, 2201
3, 0, 4.4, 0.78, 28, 24, 8067, 2324
3, 0, 4.6, 0.78, 28, 24, 8676, 2444
3, 0, 4.8, 0.78, 28, 24, 9215, 2625
3, 0, 2, 0.8, 28, 24, 1409, 341
3, 0, 2.2, 0.8, 28, 24, 1972, 509
3, 0, 2.4, 0.8, 28, 24, 2563, 638
3, 0, 2.6, 0.8, 28, 24, 3095, 823
3, 0, 2.8, 0.8, 28, 24, 3706, 938
3, 0, 3, 0.8, 28, 24, 4289, 1076
3, 0, 3.2, 0.8, 28, 24, 4881, 1206
3, 0, 3.4, 0.8, 28, 24, 5394, 1401
3, 0, 3.6, 0.8, 28, 24, 5935, 1581
3, 0, 3.8, 0.8, 28, 24, 6633, 1604
3, 0, 4, 0.8, 28, 24, 7092, 1872
3, 0, 4.2, 0.8, 28, 24, 7773, 1910
3, 0, 4.4, 0.8, 28, 24, 8287, 2113
3, 0, 4.6, 0.8, 28, 24, 8931, 2194
3, 0, 4.8, 0.8, 28, 24, 9466, 2371
3, 0, 2, 0.82, 28, 24, 1457, 304
3, 0, 2.2, 0.82, 28, 24, 2037, 433
3, 0, 2.4, 0.82, 28, 24, 2643, 554
3, 0, 2.6, 0.82, 28, 24, 3214, 707
3, 0, 2.8, 0.82, 28, 24, 3865, 773
3, 0, 3, 0.82, 28, 24, 4376, 984
3, 0, 3.2, 0.82, 28, 24, 4937, 1139
3, 0, 3.4, 0.82, 28, 24, 5525, 1266
3, 0, 3.6, 0.82, 28, 24, 6180, 1333
3, 0, 3.8, 0.82, 28, 24, 6750, 1493
3, 0, 4, 0.82, 28, 24, 7306, 1646
3, 0, 4.2, 0.82, 28, 24, 7914, 1761
3, 0, 4.4, 0.82, 28, 24, 8529, 1875
3, 0, 4.6, 0.82, 28, 24, 9126, 1986
3, 0, 4.8, 0.82, 28, 24, 9660, 2180
3, 0, 2, 0.84, 28, 24, 1475, 290
3, 0, 2.2, 0.84, 28, 24, 2071, 408
3, 0, 2.4, 0.84, 28, 24, 2670, 515
3, 0, 2.6, 0.84, 28, 24, 3261, 656
3, 0, 2.8, 0.84, 28, 24, 3903, 734
3, 0, 3, 0.84, 28, 24, 4477, 878
3, 0, 3.2, 0.84, 28, 24, 5061, 1004
3, 0, 3.4, 0.84, 28, 24, 5713, 1070
3, 0, 3.6, 0.84, 28, 24, 6339, 1169
3, 0, 3.8, 0.84, 28, 24, 6876, 1364
3, 0, 4, 0.84, 28, 24, 7514, 1441
3, 0, 4.2, 0.84, 28, 24, 8119, 1559
3, 0, 4.4, 0.84, 28, 24, 8695, 1699
3, 0, 4.6, 0.84, 28, 24, 9381, 1740
3, 0, 4.8, 0.84, 28, 24, 9889, 1947
3, 0, 2, 0.86, 28, 24, 1512, 242
3, 0, 2.2, 0.86, 28, 24, 2145, 330
3, 0, 2.4, 0.86, 28, 24, 2769, 413
3, 0, 2.6, 0.86, 28, 24, 3392, 530
3, 0, 2.8, 0.86, 28, 24, 4010, 626
3, 0, 3, 0.86, 28, 24, 4646, 708
3, 0, 3.2, 0.86, 28, 24, 5220, 846
3, 0, 3.4, 0.86, 28, 24, 5864, 918
3, 0, 3.6, 0.86, 28, 24, 6443, 1070
3, 0, 3.8, 0.86, 28, 24, 7097, 1135
3, 0, 4, 0.86, 28, 24, 7643, 1309
3, 0, 4.2, 0.86, 28, 24, 8295, 1379
3, 0, 4.4, 0.86, 28, 24, 8935, 1460
3, 0, 4.6, 0.86, 28, 24, 9594, 1525
3, 0, 4.8, 0.86, 28, 24, 10215, 1629
3, 0, 2, 0.88, 28, 24, 1518, 229
3, 0, 2.2, 0.88, 28, 24, 2164, 311
3, 0, 2.4, 0.88, 28, 24, 2828, 362
3, 0, 2.6, 0.88, 28, 24, 3406, 497
3, 0, 2.8, 0.88, 28, 24, 4042, 590
3, 0, 3, 0.88, 28, 24, 4700, 651
3, 0, 3.2, 0.88, 28, 24, 5343, 729
3, 0, 3.4, 0.88, 28, 24, 5975, 827
3, 0, 3.6, 0.88, 28, 24, 6597, 912
3, 0, 3.8, 0.88, 28, 24, 7252, 978
3, 0, 4, 0.88, 28, 24, 7819, 1126
3, 0, 4.2, 0.88, 28, 24, 8489, 1188
3, 0, 4.4, 0.88, 28, 24, 9118, 1271
3, 0, 4.6, 0.88, 28, 24, 9797, 1314
3, 0, 4.8, 0.88, 28, 24, 10447, 1387
3, 0, 2, 0.9, 28, 24, 1577, 176
3, 0, 2.2, 0.9, 28, 24, 2233, 246
3, 0, 2.4, 0.9, 28, 24, 2872, 324
3, 0, 2.6, 0.9, 28, 24, 3530, 385
3, 0, 2.8, 0.9, 28, 24, 4165, 455
3, 0, 3, 0.9, 28, 24, 4825, 526
3, 0, 3.2, 0.9, 28, 24, 5457, 613
3, 0, 3.4, 0.9, 28, 24, 6097, 681
3, 0, 3.6, 0.9, 28, 24, 6796, 714
3, 0, 3.8, 0.9, 28, 24, 7392, 832
3, 0, 4, 0.9, 28, 24, 8043, 905
3, 0, 4.2, 0.9, 28, 24, 8716, 948
3, 0, 4.4, 0.9, 28, 24, 9334, 1059
3, 0, 4.6, 0.9, 28, 24, 10028, 1075
3, 0, 4.8, 0.9, 28, 24, 10661, 1165
3, 0, 2, 0.92, 28, 24, 1599, 146
3, 0, 2.2, 0.92, 28, 24, 2270, 195
3, 0, 2.4, 0.92, 28, 24, 2949, 237
3, 0, 2.6, 0.92, 28, 24, 3602, 301
3, 0, 2.8, 0.92, 28, 24, 4269, 344
3, 0, 3, 0.92, 28, 24, 4906, 432
3, 0, 3.2, 0.92, 28, 24, 5568, 495
3, 0, 3.4, 0.92, 28, 24, 6226, 569
3, 0, 3.6, 0.92, 28, 24, 6903, 610
3, 0, 3.8, 0.92, 28, 24, 7529, 690
3, 0, 4, 0.92, 28, 24, 8240, 707
3, 0, 4.2, 0.92, 28, 24, 8883, 786
3, 0, 4.4, 0.92, 28, 24, 9546, 838
3, 0, 4.6, 0.92, 28, 24, 10198, 908
3, 0, 4.8, 0.92, 28, 24, 10848, 983
3, 0, 2, 0.94, 28, 24, 1649, 102
3, 0, 2.2, 0.94, 28, 24, 2300, 158
3, 0, 2.4, 0.94, 28, 24, 2972, 210
3, 0, 2.6, 0.94, 28, 24, 3697, 210
3, 0, 2.8, 0.94, 28, 24, 4326, 294
3, 0, 3, 0.94, 28, 24, 5017, 332
3, 0, 3.2, 0.94, 28, 24, 5691, 371
3, 0, 3.4, 0.94, 28, 24, 6419, 375
3, 0, 3.6, 0.94, 28, 24, 7108, 394
3, 0, 3.8, 0.94, 28, 24, 7747, 468
3, 0, 4, 0.94, 28, 24, 8388, 560
3, 0, 4.2, 0.94, 28, 24, 9068, 590
3, 0, 4.4, 0.94, 28, 24, 9728, 660
3, 0, 4.6, 0.94, 28, 24, 10490, 614
3, 0, 4.8, 0.94, 28, 24, 11133, 695
3, 0, 2, 0.96, 28, 24, 1667, 74
3, 0, 2.2, 0.96, 28, 24, 2372, 88
3, 0, 2.4, 0.96, 28, 24, 3073, 105
3, 0, 2.6, 0.96, 28, 24, 3754, 151
3, 0, 2.8, 0.96, 28, 24, 4428, 180
3, 0, 3, 0.96, 28, 24, 5138, 212
3, 0, 3.2, 0.96, 28, 24, 5829, 228
3, 0, 3.4, 0.96, 28, 24, 6501, 274
3, 0, 3.6, 0.96, 28, 24, 7190, 317
3, 0, 3.8, 0.96, 28, 24, 7894, 323
3, 0, 4, 0.96, 28, 24, 8580, 364
3, 0, 4.2, 0.96, 28, 24, 9288, 385
3, 0, 4.4, 0.96, 28, 24, 9987, 400
3, 0, 4.6, 0.96, 28, 24, 10673, 434
3, 0, 4.8, 0.96, 28, 24, 11356, 471
3, 0, 2, 0.98, 28, 24, 1721, 30
3, 0, 2.2, 0.98, 28, 24, 2422, 48
3, 0, 2.4, 0.98, 28, 24, 3102, 76
3, 0, 2.6, 0.98, 28, 24, 3813, 82
3, 0, 2.8, 0.98, 28, 24, 4514, 108
3, 0, 3, 0.98, 28, 24, 5247, 95
3, 0, 3.2, 0.98, 28, 24, 5947, 109
3, 0, 3.4, 0.98, 28, 24, 6617, 152
3, 0, 3.6, 0.98, 28, 24, 7349, 150
3, 0, 3.8, 0.98, 28, 24, 8059, 164
3, 0, 4, 0.98, 28, 24, 8761, 186
3, 0, 4.2, 0.98, 28, 24, 9443, 213
3, 0, 4.4, 0.98, 28, 24, 10153, 237
3, 0, 4.6, 0.98, 28, 24, 10871, 232
3, 0, 4.8, 0.98, 28, 24, 11578, 248
3, 1, 2, 0, 28, 24, 0, 3641
3, 1, 2.2, 0, 28, 24, 0, 4356
3, 1, 2.4, 0, 28, 24, 0, 5079
3, 1, 2.6, 0, 28, 24, 0, 5795
3, 1, 2.8, 0, 28, 24, 0, 6522
3, 1, 3, 0, 28, 24, 0, 7236
3, 1, 3.2, 0, 28, 24, 0, 7961
3, 1, 3.4, 0, 28, 24, 0, 8679
3, 1, 3.6, 0, 28, 24, 0, 9393
3, 1, 3.8, 0, 28, 24, 0, 10113
3, 1, 4, 0, 28, 24, 0, 10837
3, 1, 4.2, 0, 28, 24, 0, 11563
3, 1, 4.4, 0, 28, 24, 0, 12280
3, 1, 4.6, 0, 28, 24, 0, 12997
3, 1, 4.8, 0, 28, 24, 0, 13716
3, 1, 2, 0.02, 28, 24, 0, 3505
3, 1, 2.2, 0.02, 28, 24, 0, 4189
3, 1, 2.4, 0.02, 28, 24, 0, 4892
3, 1, 2.6, 0.02, 28, 24, 0, 5604
3, 1, 2.8, 0.02, 28, 24, 0, 6313
3, 1, 3, 0.02, 28, 24, 0, 7040
3, 1, 3.2, 0.02, 28, 24, 0, 7729
3, 1, 3.4, 0.02, 28, 24, 0, 8424
3, 1, 3.6, 0.02, 28, 24, 0, 9139
3, 1, 3.8, 0.02, 28, 24, 0, 9851
3, 1, 4, 0.02, 28, 24, 0, 10554
3, 1, 4.2, 0.02, 28, 24, 0, 11253
3, 1, 4.4, 0.02, 28, 24, 0, 11973
3, 1, 4.6, 0.02, 28, 24, 0, 12665
3, 1, 4.8, 0.02, 28, 24, 0, 13378
3, 1, 2, 0.04, 28, 24, 0, 3366
3, 1, 2.2, 0.04, 28, 24, 0, 4038
3, 1, 2.4, 0.04, 28, 24, 0, 4746
3, 1, 2.6, 0.04, 28, 24, 0, 5418
3, 1, 2.8, 0.04, 28, 24, 0, 6136
3, 1, 3, 0.04, 28, 24, 0, 6801
3, 1, 3.2, 0.04, 28, 24, 0, 7466
3, 1, 3.4, 0.04, 28, 24, 0, 8217
3, 1, 3.6, 0.04, 28, 24, 0, 8853
3, 1, 3.8, 0.04, 28, 24, 0, 9528
3, 1, 4, 0.04, 28, 24, 0, 10254
3, 1, 4.2, 0.04, 28, 24, 0, 10943
3, 1, 4.4, 0.04, 28, 24, 0, 11692
3, 1, 4.6, 0.04, 28, 24, 0, 12320
3, 1, 4.8, 0.04, 28, 24, 0, 12984
3, 1, 2, 0.06, 28, 24, 1, 3181
3, 1, 2.2, 0.06, 28, 24, 0, 3868
3, 1, 2.4, 0.06, 28, 24, 0, 4547
3, 1, 2.6, 0.06, 28, 24, 0, 5226
3, 1, 2.8, 0.06, 28, 24, 0, 5895
3, 1, 3, 0.06, 28, 24, 0, 6554
3, 1, 3.2, 0.06, 28, 24, 0, 7294
3, 1, 3.4, 0.06, 28, 24, 0, 7894
3, 1, 3.6, 0.06, 28, 24, 0, 8684
3, 1, 3.8, 0.06, 28, 24, 0, 9281
3, 1, 4, 0.06, 28, 24, 0, 9943
3, 1, 4.2, 0.06, 28, 24, 0, 10647
3, 1, 4.4, 0.06, 28, 24, 1, 11309
3, 1, 4.6, 0.06, 28, 24, 0, 12051
3, 1, 4.8, 0.06, 28, 24, 0, 12696
3, 1, 2, 0.08, 28, 24, 0, 3065
3, 1, 2.2, 0.08, 28, 24, 0, 3706
3, 1, 2.4, 0.08, 28, 24, 0, 4393
3, 1, 2.6, 0.08, 28, 24, 0, 5044
3, 1, 2.8, 0.08, 28, 24, 0, 5697
3, 1, 3, 0.08, 28, 24, 0, 6318
3, 1, 3.2, 0.08, 28, 24, 0, 6990
3, 1, 3.4, 0.08, 28, 24, 0, 7731
3, 1, 3.6, 0.08, 28, 24, 0, 8404
3, 1, 3.8, 0.08, 28, 24, 1, 9022
3, 1, 4, 0.08, 28, 24, 2, 9642
3, 1, 4.2, 0.08, 28, 24, 0, 10270
3, 1, 4.4, 0.08, 28, 24, 0, 10983
3, 1, 4.6, 0.08, 28, 24, 0, 11686
3, 1, 4.8, 0.08, 28, 24, 1, 12325
3, 1, 2, 0.1, 28, 24, 0, 2910
3, 1, 2.2, 0.1, 28, 24, 0, 3601
3, 1, 2.4, 0.1, 28, 24, 0, 4215
3, 1, 2.6, 0.1, 28, 24, 1, 4891
3, 1, 2.8, 0.1, 28, 24, 0, 5509
3, 1, 3, 0.1, 28, 24, 0, 6156
3, 1, 3.2, 0.1, 28, 24, 0, 6754
3, 1, 3.4, 0.1, 28, 24, 0, 7510
3, 1, 3.6, 0.1, 28, 24, 2, 8054
3, 1, 3.8, 0.1, 28, 24, 2, 8658
3, 1, 4, 0.1, 28, 24, 0, 9347
3, 1, 4.2, 0.1, 28, 24, 3, 10041
3, 1, 4.4, 0.1, 28, 24, 0, 10683
3, 1, 4.6, 0.1, 28, 24, 3, 11322
3, 1, 4.8, 0.1, 28, 24, 1, 12036
3, 1, 2, 0.12, 28, 24, 0, 2780
3, 1, 2.2, 0.12, 28, 24, 0, 3396
3, 1, 2.4, 0.12, 28, 24, 0, 4026
3, 1, 2.6, 0.12, 28, 24, 1, 4720
3, 1, 2.8, 0.12, 28, 24, 0, 5321
3, 1, 3, 0.12, 28, 24, 0, 5906
3, 1, 3.2, 0.12, 28, 24, 0, 6579
3, 1, 3.4, 0.12, 28, 24, 2, 7249
3, 1, 3.6, 0.12, 28, 24, 1, 7871
3, 1, 3.8, 0.12, 28, 24, 11, 8528
3, 1, 4, 0.12, 28, 24, 3, 9061
3, 1, 4.2, 0.12, 28, 24, 9, 9693
3, 1, 4.4, 0.12, 28, 24, 7, 10402
3, 1, 4.6, 0.12, 28, 24, 70, 11026
3, 1, 4.8, 0.12, 28, 24, 202, 11609
3, 1, 2, 0.14, 28, 24, 0, 2576
3, 1, 2.2, 0.14, 28, 24, 0, 3250
3, 1, 2.4, 0.14, 28, 24, 0, 3880
3, 1, 2.6, 0.14, 28, 24, 0, 4429
3, 1, 2.8, 0.14, 28, 24, 0, 5180
3, 1, 3, 0.14, 28, 24, 2, 5649
3, 1, 3.2, 0.14, 28, 24, 4, 6339
3, 1, 3.4, 0.14, 28, 24, 1, 6976
3, 1, 3.6, 0.14, 28, 24, 5, 7605
3, 1, 3.8, 0.14, 28, 24, 63, 8157
3, 1, 4, 0.14, 28, 24, 73, 8864
3, 1, 4.2, 0.14, 28, 24, 238, 9424
3, 1, 4.4, 0.14, 28, 24, 335, 10037
3, 1, 4.6, 0.14, 28, 24, 429, 10666
3, 1, 4.8, 0.14, 28, 24, 527, 11273
3, 1, 2, 0.16, 28, 24, 0, 2488
3, 1, 2.2, 0.16, 28, 24, 0, 3073
3, 1, 2.4, 0.16, 28, 24, 0, 3745
3, 1, 2.6, 0.16, 28, 24, 4, 4364
3, 1, 2.8, 0.16, 28, 24, 2, 4879
3, 1, 3, 0.16, 28, 24, 7, 5490
3, 1, 3.2, 0.16, 28, 24, 6, 6115
3, 1, 3.4, 0.16, 28, 24, 8, 6787
3, 1, 3.6, 0.16, 28, 24, 166, 7324
3, 1, 3.8, 0.16, 28, 24, 297, 7912
3, 1, 4, 0.16, 28, 24, 395, 8530
3, 1, 4.2, 0.16, 28, 24, 447, 9202
3, 1, 4.4, 0.16, 28, 24, 575, 9801
3, 1, 4.6, 0.16, 28, 24, 736, 10350
3, 1, 4.8, 0.16, 28, 24, 876, 10931
3, 1, 2, 0.18, 28, 24, 0, 2359
3, 1, 2.2, 0.18, 28, 24, 0, 2978
3, 1, 2.4, 0.18, 28, 24, 0, 3562
3, 1, 2.6, 0.18, 28, 24, 3, 4140
3, 1, 2.8, 0.18, 28, 24, 2, 4749
3, 1, 3, 0.18, 28, 24, 119, 5231
3, 1, 3.2, 0.18, 28, 24, 188, 5861
3, 1, 3.4, 0.18, 28, 24, 259, 6507
3, 1, 3.6, 0.18, 28, 24, 466, 7028
3, 1, 3.8, 0.18, 28, 24, 548, 7665
3, 1, 4, 0.18, 28, 24, 677, 8264
3, 1, 4.2, 0.18, 28, 24, 847, 8800
3, 1, 4.4, 0.18, 28, 24, 881, 9484
3, 1, 4.6, 0.18, 28, 24, 1201, 9884
3, 1, 4.8, 0.18, 28, 24, 1166, 10647
3, 1, 2, 0.2, 28, 24, 0, 2189
3, 1, 2.2, 0.2, 28, 24, 0, 2796
3, 1, 2.4, 0.2, 28, 24, 4, 3333
3, 1, 2.6, 0.2, 28, 24, 11, 3883
3, 1, 2.8, 0.2, 28, 24, 107, 4528
3, 1, 3, 0.2, 28, 24, 255, 5071
3, 1, 3.2, 0.2, 28, 24, 411, 5639
3, 1, 3.4, 0.2, 28, 24, 526, 6237
3, 1, 3.6, 0.2, 28, 24, 675, 6804
3, 1, 3.8, 0.2, 28, 24, 909, 7294
3, 1, 4, 0.2, 28, 24, 991, 7936
3, 1, 4.2, 0.2, 28, 24, 1108, 8534
3, 1, 4.4, 0.2, 28, 24, 1271, 9103
3, 1, 4.6, 0.2, 28, 24, 1415, 9664
3, 1, 4.8, 0.2, 28, 24, 1495, 10318
3, 1, 2, 0.22, 28, 24, 1, 2018
3, 1, 2.2, 0.22, 28, 24, 0, 2626
3, 1, 2.4, 0.22, 28, 24, 28, 3192
3, 1, 2.6, 0.22, 28, 24, 177, 3720
3, 1, 2.8, 0.22, 28, 24, 357, 4259
3, 1, 3, 0.22, 28, 24, 432, 4893
3, 1, 3.2, 0.22, 28, 24, 635, 5415
3, 1, 3.4, 0.22, 28, 24, 771, 5990
3, 1, 3.6, 0.22, 28, 24, 933, 6543
3, 1, 3.8, 0.22, 28, 24, 1048, 7164
3, 1, 4, 0.22, 28, 24, 1210, 7718
3, 1, 4.2, 0.22, 28, 24, 1432, 8210
3, 1, 4.4, 0.22, 28, 24, 1626, 8748
3, 1, 4.6, 0.22, 28, 24, 1805, 9280
3, 1, 4.8, 0.22, 28, 24, 1921, 9884
3, 1, 2, 0.24, 28, 24, 6, 1860
3, 1, 2.2, 0.24, 28, 24, 57, 2404
3, 1, 2.4, 0.24, 28, 24, 163, 3009
3, 1, 2.6, 0.24, 28, 24, 317, 3573
3, 1, 2.8, 0.24, 28, 24, 511, 4100
3, 1, 3, 0.24, 28, 24, 686, 4644
3, 1, 3.2, 0.24, 28, 24, 765, 5287
3, 1, 3.4, 0.24, 28, 24, 1040, 5727
3, 1, 3.6, 0.24, 28, 24, 1296, 6191
3, 1, 3.8, 0.24, 28, 24, 1314, 6885
3, 1, 4, 0.24, 28, 24, 1521, 7412
3, 1, 4.2, 0.24, 28, 24, 1780, 7873
3, 1, 4.4, 0.24, 28, 24, 1877, 8491
3, 1, 4.6, 0.24, 28, 24, 2022, 9068
3, 1, 4.8, 0.24, 28, 24, 2201, 9601
3, 1, 2, 0.26, 28, 24, 3, 1777
3, 1, 2.2, 0.26, 28, 24, 187, 2276
3, 1, 2.4, 0.26, 28, 24, 291, 2881
3, 1, 2.6, 0.26, 28, 24, 583, 3308
3, 1, 2.8, 0.26, 28, 24, 756, 3846
3, 1, 3, 0.26, 28, 24, 929, 4404
3, 1, 3.2, 0.26, 28, 24, 965, 5080
3, 1, 3.4, 0.26, 28, 24, 1275, 5490
3, 1, 3.6, 0.26, 28, 24, 1391, 6101
3, 1, 3.8, 0.26, 28, 24, 1669, 6536
3, 1, 4, 0.26, 28, 24, 1858, 7071
3, 1, 4.2, 0.26, 28, 24, 2005, 7644
3, 1, 4.4, 0.26, 28, 24, 2210, 8155
3, 1, 4.6, 0.26, 28, 24, 2506, 8580
3, 1, 4.8, 0.26, 28, 24, 2448, 9363
3, 1, 2, 0.28, 28, 24, 188, 1552
3, 1, 2.2, 0.28, 28, 24, 277, 2170
3, 1, 2.4, 0.28, 28, 24, 508, 2661
3, 1, 2.6, 0.28, 28, 24, 733, 3161
3, 1, 2.8, 0.28, 28, 24, 929, 3680
3, 1, 3, 0.28, 28, 24, 1056, 4273
3, 1, 3.2, 0.28, 28, 24, 1299, 4747
3, 1, 3.4, 0.28, 28, 24, 1499, 5276
3, 1, 3.6, 0.28, 28, 24, 1675, 5815
3, 1, 3.8, 0.28, 28, 24, 1849, 6361
3, 1, 4, 0.28, 28, 24, 2153, 6773
3, 1, 4.2, 0.28, 28, 24, 2367, 7275
3, 1, 4.4, 0.28, 28, 24, 2448, 7914
3, 1, 4.6, 0.28, 28, 24, 2733, 8363
3, 1, 4.8, 0.28, 28, 24, 2874, 8938
3, 1, 2, 0.3, 28, 24, 246, 1495
3, 1, 2.2, 0.3, 28, 24, 468, 1983
3, 1, 2.4, 0.3, 28, 24, 688, 2493
3, 1, 2.6, 0.3, 28, 24, 963, 2929
3, 1, 2.8, 0.3, 28, 24, 1095, 3506
3, 1, 3, 0.3, 28, 24, 1236, 4089
3, 1, 3.2, 0.3, 28, 24, 1518, 4528
3, 1, 3.4, 0.3, 28, 24, 1786, 4988
3, 1, 3.6, 0.3, 28, 24, 1975, 5507
3, 1, 3.8, 0.3, 28, 24, 2314, 5896
3, 1, 4, 0.3, 28, 24, 2387, 6557
3, 1, 4.2, 0.3, 28, 24, 2584, 7066
3, 1, 4.4, 0.3, 28, 24, 2870, 7498
3, 1, 4.6, 0.3, 28, 24, 3078, 8006
3, 1, 4.8, 0.3, 28, 24, 3250, 8559
3, 1, 2, 0.32, 28, 24, 375, 1363
3, 1, 2.2, 0.32, 28, 24, 657, 1781
3, 1, 2.4, 0.32, 28, 24, 865, 2302
3, 1, 2.6, 0.32, 28, 24, 1043, 2834
3, 1, 2.8, 0.32, 28, 24, 1408, 3193
3, 1, 3, 0.32, 28, 24, 1554, 3776
3, 1, 3.2, 0.32, 28, 24, 1733, 4315
3, 1, 3.4, 0.32, 28, 24, 1883, 4879
3, 1, 3.6, 0.32, 28, 24, 2278, 5209
3, 1, 3.8, 0.32, 28, 24, 2506, 5700
3, 1, 4, 0.32, 28, 24, 2757, 6167
3, 1, 4.2, 0.32, 28, 24, 2903, 6750
3, 1, 4.4, 0.32, 28, 24, 3151, 7219
3, 1, 4.6, 0.32, 28, 24, 3329, 7754
3, 1, 4.8, 0.32, 28, 24, 3665, 8142
3, 1, 2, 0.34, 28, 24, 512, 1208
3, 1, 2.2, 0.34, 28, 24, 809, 1648
3, 1, 2.4, 0.34, 28, 24, 1072, 2099
3, 1, 2.6, 0.34, 28, 24, 1238, 2647
3, 1, 2.8, 0.34, 28, 24, 1485, 3121
3, 1, 3, 0.34, 28, 24, 1818, 3509
3, 1, 3.2, 0.34, 28, 24, 2029, 4011
3, 1, 3.4, 0.34, 28, 24, 2106, 4648
3, 1, 3.6, 0.34, 28, 24, 2615, 4872
3, 1, 3.8, 0.34, 28, 24, 2675, 5531
3, 1, 4, 0.34, 28, 24, 3062, 5874
3, 1, 4.2, 0.34, 28, 24, 3177, 6472
3, 1, 4.4, 0.34, 28, 24, 3474, 6898
3, 1, 4.6, 0.34, 28, 24, 3769, 7308
3, 1, 4.8, 0.34, 28, 24, 3977, 7836
3, 1, 2, 0.36, 28, 24, 625, 1103
3, 1, 2.2, 0.36, 28, 24, 857, 1586
3, 1, 2.4, 0.36, 28, 24, 1173, 1991
3, 1, 2.6, 0.36, 28, 24, 1425, 2464
3, 1, 2.8, 0.36, 28, 24, 1643, 2966
3, 1, 3, 0.36, 28, 24, 1882, 3450
3, 1, 3.2, 0.36, 28, 24, 2189, 3855
3, 1, 3.4, 0.36, 28, 24, 2433, 4341
3, 1, 3.6, 0.36, 28, 24, 2683, 4813
3, 1, 3.8, 0.36, 28, 24, 2970, 5239
3, 1, 4, 0.36, 28, 24, 3118, 5815
3, 1, 4.2, 0.36, 28, 24, 3393, 6257
3, 1, 4.4, 0.36, 28, 24, 3726, 6642
3, 1, 4.6, 0.36, 28, 24, 3924, 7164
3, 1, 4.8, 0.36, 28, 24, 4267, 7537
3, 1, 2, 0.38, 28, 24, 673, 1054
3, 1, 2.2, 0.38, 28, 24, 910, 1535
3, 1, 2.4, 0.38, 28, 24, 1184, 1979
3, 1, 2.6, 0.38, 28, 24, 1476, 2410
3, 1, 2.8, 0.38, 28, 24, 1760, 2849
3, 1, 3, 0.38, 28, 24, 2036, 3287
3, 1, 3.2, 0.38, 28, 24, 2328, 3716
3, 1, 3.4, 0.38, 28, 24, 2503, 4270
3, 1, 3.6, 0.38, 28, 24, 2790, 4691
3, 1, 3.8, 0.38, 28, 24, 3121, 5075
3, 1, 4, 0.38, 28, 24, 3381, 5535
3, 1, 4.2, 0.38, 28, 24, 3631, 6012
3, 1, 4.4, 0.38, 28, 24, 3997, 6357
3, 1, 4.6, 0.38, 28, 24, 4117, 6967
3, 1, 4.8, 0.38, 28, 24, 4536, 7264
3, 1, 2, 0.4, 28, 24, 699, 1021
3, 1, 2.2, 0.4, 28, 24, 972, 1469
3, 1, 2.4, 0.4, 28, 24, 1255, 1904
3, 1, 2.6, 0.4, 28, 24, 1541, 2337
3, 1, 2.8, 0.4, 28, 24, 1849, 2750
3, 1, 3, 0.4, 28, 24, 2123, 3201
3, 1, 3.2, 0.4, 28, 24, 2372, 3666
3, 1, 3.4, 0.4, 28, 24, 2727, 4038
3, 1, 3.6, 0.4, 28, 24, 2967, 4504
3, 1, 3.8, 0.4, 28, 24, 3331, 4870
3, 1, 4, 0.4, 28, 24, 3579, 5348
3, 1, 4.2, 0.4, 28, 24, 3951, 5681
3, 1, 4.4, 0.4, 28, 24, 4127, 6231
3, 1, 4.6, 0.4, 28, 24, 4510, 6569
3, 1, 4.8, 0.4, 28, 24, 4686, 7112
3, 1, 2, 0.42, 28, 24, 714, 1005
3, 1, 2.2, 0.42, 28, 24, 992, 1448
3, 1, 2.4, 0.42, 28, 24, 1318, 1837
3, 1, 2.6, 0.42, 28, 24, 1556, 2325
3, 1, 2.8, 0.42, 28, 24, 1913, 2686
3, 1, 3, 0.42, 28, 24, 2222, 3092
3, 1, 3.2, 0.42, 28, 24, 2508, 3533
3, 1, 3.4, 0.42, 28, 24, 2894, 3866
3, 1, 3.6, 0.42, 28, 24, 3186, 4288
3, 1, 3.8, 0.42, 28, 24, 3407, 4789
3, 1, 4, 0.42, 28, 24, 3692, 5234
3, 1, 4.2, 0.42, 28, 24, 4092, 5543
3, 1, 4.4, 0.42, 28, 24, 4382, 5975
3, 1, 4.6, 0.42, 28, 24, 4636, 6441
3, 1, 4.8, 0.42, 28, 24, 4919, 6880
3, 1, 2, 0.44, 28, 24, 778, 943
3, 1, 2.2, 0.44, 28, 24, 1060, 1375
3, 1, 2.4, 0.44, 28, 24, 1444, 1711
3, 1, 2.6, 0.44, 28, 24, 1671, 2205
3, 1, 2.8, 0.44, 28, 24, 1943, 2650
3, 1, 3, 0.44, 28, 24, 2320, 2989
3, 1, 3.2, 0.44, 28, 24, 2682, 3355
3, 1, 3.4, 0.44, 28, 24, 3019, 3737
3, 1, 3.6, 0.44, 28, 24, 3317, 4153
3, 1, 3.8, 0.44, 28, 24, 3562, 4639
3, 1, 4, 0.44, 28, 24, 3881, 5029
3, 1, 4.2, 0.44, 28, 24, 4247, 5381
3, 1, 4.4, 0.44, 28, 24, 4531, 5816
3, 1, 4.6, 0.44, 28, 24, 4920, 6154
3, 1, 4.8, 0.44, 28, 24, 5164, 6630
3, 1, 2, 0.46, 28, 24, 752, 965
3, 1, 2.2, 0.46, 28, 24, 1127, 1312
3, 1, 2.4, 0.46, 28, 24, 1455, 1703
3, 1, 2.6, 0.46, 28, 24, 1804, 2068
3, 1, 2.8, 0.46, 28, 24, 2107, 2480
3, 1, 3, 0.46, 28, 24, 2448, 2867
3, 1, 3.2, 0.46, 28, 24, 2772, 3250
3, 1, 3.4, 0.46, 28, 24, 3067, 3686
3, 1, 3.6, 0.46, 28, 24, 3423, 4048
3, 1, 3.8, 0.46, 28, 24, 3849, 4342
3, 1, 4, 0.46, 28, 24, 4066, 4845
3, 1, 4.2, 0.46, 28, 24, 4366, 5270
3, 1, 4.4, 0.46, 28, 24, 4790, 5568
3, 1, 4.6, 0.46, 28, 24, 5214, 5858
3, 1, 4.8, 0.46, 28, 24, 5449, 6336
3, 1, 2, 0.48, 28, 24, 826, 880
3, 1, 2.2, 0.48, 28, 24, 1180, 1252
3, 1, 2.4, 0.48, 28, 24, 1508, 1649
3, 1, 2.6, 0.48, 28, 24, 1825, 2049
3, 1, 2.8, 0.48, 28, 24, 2262, 2326
3, 1, 3, 0.48, 28, 24, 2584, 2727
3, 1, 3.2, 0.48, 28, 24, 2953, 3078
3, 1, 3.4, 0.48, 28, 24, 3275, 3468
3, 1, 3.6, 0.48, 28, 24, 3553, 3911
3, 1, 3.8, 0.48, 28, 24, 3960, 4230
3, 1, 4, 0.48, 28, 24, 4268, 4646
3, 1, 4.2, 0.48, 28, 24, 4684, 4939
3, 1, 4.4, 0.48, 28, 24, 5013, 5341
3, 1, 4.6, 0.48, 28, 24, 5269, 5799
3, 1, 4.8, 0.48, 28, 24, 5701, 6086
3, 1, 2, 0.5, 28, 24, 879, 835
3, 1, 2.2, 0.5, 28, 24, 1214, 1208
3, 1, 2.4, 0.5, 28, 24, 1580, 1564
3, 1, 2.6, 0.5, 28, 24, 1939, 1917
3, 1, 2.8, 0.5, 28, 24, 2315, 2277
3, 1, 3, 0.5, 28, 24, 2636, 2665
3, 1, 3.2, 0.5, 28, 24, 2982, 3036
3, 1, 3.4, 0.5, 28, 24, 3385, 3361
3, 1, 3.6, 0.5, 28, 24, 3767, 3686
3, 1, 3.8, 0.5, 28, 24, 4122, 4054
3, 1, 4, 0.5, 28, 24, 4479, 4431
3, 1, 4.2, 0.5, 28, 24, 4811, 4814
3, 1, 4.4, 0.5, 28, 24, 5201, 5144
3, 1, 4.6, 0.5, 28, 24, 5527, 5542
3, 1, 4.8, 0.5, 28, 24, 5930, 5861
3, 1, 2, 0.52, 28, 24, 880, 821
3, 1, 2.2, 0.52, 28, 24, 1245, 1180
3, 1, 2.4, 0.52, 28, 24, 1643, 1492
3, 1, 2.6, 0.52, 28, 24, 1934, 1922
3, 1, 2.8, 0.52, 28, 24, 2340, 2245
3, 1, 3, 0.52, 28, 24, 2778, 2509
3, 1, 3.2, 0.52, 28, 24, 3128, 2895
3, 1, 3.4, 0.52, 28, 24, 3498, 3251
3, 1, 3.6, 0.52, 28, 24, 3869, 3594
3, 1, 3.8, 0.52, 28, 24, 4275, 3904
3, 1, 4, 0.52, 28, 24, 4679, 4220
3, 1, 4.2, 0.52, 28, 24, 4984, 4636
3, 1, 4.4, 0.52, 28, 24, 5342, 5003
3, 1, 4.6, 0.52, 28, 24, 5732, 5343
3, 1, 4.8, 0.52, 28, 24, 6130, 5657
3, 1, 2, 0.54, 28, 24, 927, 775
3, 1, 2.2, 0.54, 28, 24, 1256, 1160
3, 1, 2.4, 0.54, 28, 24, 1646, 1495
3, 1, 2.6, 0.54, 28, 24, 2163, 1690
3, 1, 2.8, 0.54, 28, 24, 2468, 2120
3, 1, 3, 0.54, 28, 24, 2840, 2458
3, 1, 3.2, 0.54, 28, 24, 3194, 2825
3, 1, 3.4, 0.54, 28, 24, 3651, 3083
3, 1, 3.6, 0.54, 28, 24, 4049, 3418
3, 1, 3.8, 0.54, 28, 24, 4419, 3763
3, 1, 4, 0.54, 28, 24, 4844, 4056
3, 1, 4.2, 0.54, 28, 24, 5191, 4428
3, 1, 4.4, 0.54, 28, 24, 5614, 4720
3, 1, 4.6, 0.54, 28, 24, 5933, 5118
3, 1, 4.8, 0.54, 28, 24, 6434, 5340
3, 1, 2, 0.56, 28, 24, 949, 749
3, 1, 2.2, 0.56, 28, 24, 1342, 1074
3, 1, 2.4, 0.56, 28, 24, 1784, 1343
3, 1, 2.6, 0.56, 28, 24, 2179, 1688
3, 1, 2.8, 0.56, 28, 24, 2580, 1996
3, 1, 3, 0.56, 28, 24, 2971, 2330
3, 1, 3.2, 0.56, 28, 24, 3395, 2617
3, 1, 3.4, 0.56, 28, 24, 3763, 2978
3, 1, 3.6, 0.56, 28, 24, 4167, 3291
3, 1, 3.8, 0.56, 28, 24, 4593, 3580
3, 1, 4, 0.56, 28, 24, 4971, 3932
3, 1, 4.2, 0.56, 28, 24, 5422, 4189
3, 1, 4.4, 0.56, 28, 24, 5748, 4586
3, 1, 4.6, 0.56, 28, 24, 6273, 4795
3, 1, 4.8, 0.56, 28, 24, 6558, 5217
3, 1, 2, 0.58, 28, 24, 940, 750
3, 1, 2.2, 0.58, 28, 24, 1383, 1027
3, 1, 2.4, 0.58, 28, 24, 1800, 1335
3, 1, 2.6, 0.58, 28, 24, 2234, 1611
3, 1, 2.8, 0.58, 28, 24, 2585, 1994
3, 1, 3, 0.58, 28, 24, 3058, 2227
3, 1, 3.2, 0.58, 28, 24, 3525, 2495
3, 1, 3.4, 0.58, 28, 24, 3892, 2849
3, 1, 3.6, 0.58, 28, 24, 4316, 3140
3, 1, 3.8, 0.58, 28, 24, 4717, 3454
3, 1, 4, 0.58, 28, 24, 5116, 3773
3, 1, 4.2, 0.58, 28, 24, 5493, 4112
3, 1, 4.4, 0.58, 28, 24, 5933, 4397
3, 1, 4.6, 0.58, 28, 24, 6464, 4586
3, 1, 4.8, 0.58, 28, 24, 6836, 4944
3, 1, 2, 0.6, 28, 24, 1032, 666
3, 1, 2.2, 0.6, 28, 24, 1463, 950
3, 1, 2.4, 0.6, 28, 24, 1867, 1264
3, 1, 2.6, 0.6, 28, 24, 2318, 1540
3, 1, 2.8, 0.6, 28, 24, 2704, 1869
3, 1, 3, 0.6, 28, 24, 3153, 2137
3, 1, 3.2, 0.6, 28, 24, 3666, 2348
3, 1, 3.4, 0.6, 28, 24, 4032, 2699
3, 1, 3.6, 0.6, 28, 24, 4450, 3000
3, 1, 3.8, 0.6, 28, 24, 4933, 3237
3, 1, 4, 0.6, 28, 24, 5347, 3539
3, 1, 4.2, 0.6, 28, 24, 5774, 3836
3, 1, 4.4, 0.6, 28, 24, 6252, 4078
3, 1, 4.6, 0.6, 28, 24, 6678, 4380
3, 1, 4.8, 0.6, 28, 24, 6982, 4784
3, 1, 2, 0.62, 28, 24, 1056, 644
3, 1, 2.2, 0.62, 28, 24, 1428, 987
3, 1, 2.4, 0.62, 28, 24, 1962, 1164
3, 1, 2.6, 0.62, 28, 24, 2330, 1519
3, 1, 2.8, 0.62, 28, 24, 2857, 1710
3, 1, 3, 0.62, 28, 24, 3265, 2029
3, 1, 3.2, 0.62, 28, 24, 3745, 2267
3, 1, 3.4, 0.62, 28, 24, 4203, 2527
3, 1, 3.6, 0.62, 28, 24, 4588, 2862
3, 1, 3.8, 0.62, 28, 24, 5139, 3031
3, 1, 4, 0.62, 28, 24, 5542, 3347
3, 1, 4.2, 0.62, 28, 24, 5944, 3667
3, 1, 4.4, 0.62, 28, 24, 6356, 3975
3, 1, 4.6, 0.62, 28, 24, 6813, 4239
3, 1, 4.8, 0.62, 28, 24, 7270, 4510
3, 1, 2, 0.64, 28, 24, 1081, 613
3, 1, 2.2, 0.64, 28, 24, 1542, 863
3, 1, 2.4, 0.64, 28, 24, 2008, 1117
3, 1, 2.6, 0.64, 28, 24, 2400, 1448
3, 1, 2.8, 0.64, 28, 24, 2937, 1633
3, 1, 3, 0.64, 28, 24, 3369, 1918
3, 1, 3.2, 0.64, 28, 24, 3726, 2272
3, 1, 3.4, 0.64, 28, 24, 4292, 2442
3, 1, 3.6, 0.64, 28, 24, 4754, 2692
3, 1, 3.8, 0.64, 28, 24, 5221, 2936
3, 1, 4, 0.64, 28, 24, 5646, 3238
3, 1, 4.2, 0.64, 28, 24, 6220, 3389
3, 1, 4.4, 0.64, 28, 24, 6544, 3784
3, 1, 4.6, 0.64, 28, 24, 7079, 3962
3, 1, 4.8, 0.64, 28, 24, 7617, 4161
3, 1, 2, 0.66, 28, 24, 1096, 583
3, 1, 2.2, 0.66, 28, 24, 1562, 839
3, 1, 2.4, 0.66, 28, 24, 2104, 1020
3, 1, 2.6, 0.66, 28, 24, 2557, 1292
3, 1, 2.8, 0.66, 28, 24, 2989, 1581
3, 1, 3, 0.66, 28, 24, 3447, 1838
3, 1, 3.2, 0.66, 28, 24, 3984, 2012
3, 1, 3.4, 0.66, 28, 24, 4409, 2315
3, 1, 3.6, 0.66, 28, 24, 4903, 2530
3, 1, 3.8, 0.66, 28, 24, 5410, 2751
3, 1, 4, 0.66, 28, 24, 5856, 3031
3, 1, 4.2, 0.66, 28, 24, 6388, 3222
3, 1, 4.4, 0.66, 28, 24, 6807, 3513
3, 1, 4.6, 0.66, 28, 24, 7205, 3835
3, 1, 4.8, 0.66, 28, 24, 7777, 3982
3, 1, 2, 0.68, 28, 24, 1169, 523
3, 1, 2.2, 0.68, 28, 24, 1621, 785
3, 1, 2.4, 0.68, 28, 24, 2157, 958
3, 1, 2.6, 0.68, 28, 24, 2628, 1219
3, 1, 2.8, 0.68, 28, 24, 3068, 1492
3, 1, 3, 0.68, 28, 24, 3605, 1679
3, 1, 3.2, 0.68, 28, 24, 4063, 1941
3, 1, 3.4, 0.68, 28, 24, 4614, 2111
3, 1, 3.6, 0.68, 28, 24, 5056, 2391
3, 1, 3.8, 0.68, 28, 24, 5524, 2632
3, 1, 4, 0.68, 28, 24, 6052, 2836
3, 1, 4.2, 0.68, 28, 24, 6537, 3064
3, 1, 4.4, 0.68, 28, 24, 6969, 3351
3, 1, 4.6, 0.68, 28, 24, 7501, 3543
3, 1, 4.8, 0.68, 28, 24, 7966, 3795
3, 1, 2, 0.7, 28, 24, 1211, 481
3, 1, 2.2, 0.7, 28, 24, 1683, 725
3, 1, 2.4, 0.7, 28, 24, 2244, 882
3, 1, 2.6, 0.7, 28, 24, 2699, 1144
3, 1, 2.8, 0.7, 28, 24, 3242, 1314
3, 1, 3, 0.7, 28, 24, 3665, 1606
3, 1, 3.2, 0.7, 28, 24, 4185, 1820
3, 1, 3.4, 0.7, 28, 24, 4741, 1977
3, 1, 3.6, 0.7, 28, 24, 5144, 2295
3, 1, 3.8, 0.7, 28, 24, 5685, 2479
3, 1, 4, 0.7, 28, 24, 6267, 2613
3, 1, 4.2, 0.7, 28, 24, 6670, 2942
3, 1, 4.4, 0.7, 28, 24, 7293, 3031
3, 1, 4.6, 0.7, 28, 24, 7738, 3308
3, 1, 4.8, 0.7, 28, 24, 8191, 3574
3, 1, 2, 0.72, 28, 24, 1226, 454
3, 1, 2.2, 0.72, 28, 24, 1733, 675
3, 1, 2.4, 0.72, 28, 24, 2293, 820
3, 1, 2.6, 0.72, 28, 24, 2797, 1039
3, 1, 2.8, 0.72, 28, 24, 3313, 1252
3, 1, 3, 0.72, 28, 24, 3790, 1489
3, 1, 3.2, 0.72, 28, 24, 4301, 1694
3, 1, 3.4, 0.72, 28, 24, 4860, 1849
3, 1, 3.6, 0.72, 28, 24, 5393, 2035
3, 1, 3.8, 0.72, 28, 24, 5911, 2251
3, 1, 4, 0.72, 28, 24, 6460, 2421
3, 1, 4.2, 0.72, 28, 24, 6872, 2718
3, 1, 4.4, 0.72, 28, 24, 7422, 2897
3, 1, 4.6, 0.72, 28, 24, 7921, 3115
3, 1, 4.8, 0.72, 28, 24, 8416, 3342
3, 1, 2, 0.74, 28, 24, 1253, 421
3, 1, 2.2, 0.74, 28, 24, 1793, 602
3, 1, 2.4, 0.74, 28, 24, 2266, 850
3, 1, 2.6, 0.74, 28, 24, 2839, 997
3, 1, 2.8, 0.74, 28, 24, 3359, 1195
3, 1, 3, 0.74, 28, 24, 3885, 1392
3, 1, 3.2, 0.74, 28, 24, 4419, 1574
3, 1, 3.4, 0.74, 28, 24, 4981, 1742
3, 1, 3.6, 0.74, 28, 24, 5504, 1939
3, 1, 3.8, 0.74, 28, 24, 6011, 2153
3, 1, 4, 0.74, 28, 24, 6639, 2244
3, 1, 4.2, 0.74, 28, 24, 7033, 2567
3, 1, 4.4, 0.74, 28, 24, 7589, 2726
3, 1, 4.6, 0.74, 28, 24, 8140, 2898
3, 1, 4.8, 0.74, 28, 24, 8665, 3085
3, 1, 2, 0.76, 28, 24, 1286, 390
3, 1, 2.2, 0.76, 28, 24, 1833, 557
3, 1, 2.4, 0.76, 28, 24, 2341, 769
3, 1, 2.6, 0.76, 28, 24, 2942, 892
3, 1, 2.8, 0.76, 28, 24, 3453, 1100
3, 1, 3, 0.76, 28, 24, 3997, 1283
3, 1, 3.2, 0.76, 28, 24, 4569, 1435
3, 1, 3.4, 0.76, 28, 24, 5115, 1597
3, 1, 3.6, 0.76, 28, 24, 5668, 1768
3, 1, 3.8, 0.76, 28, 24, 6211, 1947
3, 1, 4, 0.76, 28, 24, 6718, 2159
3, 1, 4.2, 0.76, 28, 24, 7316, 2280
3, 1, 4.4, 0.76, 28, 24, 7791, 2519
3, 1, 4.6, 0.76, 28, 24, 8350, 2682
3, 1, 4.8, 0.76, 28, 24, 8961, 2794
3, 1, 2, 0.78, 28, 24, 1293, 380
3, 1, 2.2, 0.78, 28, 24, 1807, 579
3, 1, 2.4, 0.78, 28, 24, 2417, 698
3, 1, 2.6, 0.78, 28, 24, 2977, 862
3, 1, 2.8, 0.78, 28, 24, 3524, 1039
3, 1, 3, 0.78, 28, 24, 4110, 1167
3, 1, 3.2, 0.78, 28, 24, 4691, 1309
3, 1, 3.4, 0.78, 28, 24, 5205, 1501
3, 1, 3.6, 0.78, 28, 24, 5814, 1615
3, 1, 3.8, 0.78, 28, 24, 6378, 1772
3, 1, 4, 0.78, 28, 24, 6947, 1927
3, 1, 4.2, 0.78, 28, 24, 7496, 2088
3, 1, 4.4, 0.78, 28, 24, 8084, 2233
3, 1, 4.6, 0.78, 28, 24, 8707, 2319
3, 1, 4.8, 0.78, 28, 24, 9232, 2514
3, 1, 2, 0.8, 28, 24, 1346, 322
3, 1, 2.2, 0.8, 28, 24, 1886, 497
3, 1, 2.4, 0.8, 28, 24, 2496, 616
3, 1, 2.6, 0.8, 28, 24, 3062, 763
3, 1, 2.8, 0.8, 28, 24, 3615, 931
3, 1, 3, 0.8, 28, 24, 4225, 1048
3, 1, 3.2, 0.8, 28, 24, 4778, 1205
3, 1, 3.4, 0.8, 28, 24, 5348, 1359
3, 1, 3.6, 0.8, 28, 24, 5958, 1470
3, 1, 3.8, 0.8, 28, 24, 6615, 1542
3, 1, 4, 0.8, 28, 24, 7134, 1742
3, 1, 4.2, 0.8, 28, 24, 7622, 1961
3, 1, 4.4, 0.8, 28, 24, 8222, 2084
3, 1, 4.6, 0.8, 28, 24, 8854, 2177
3, 1, 4.8, 0.8, 28, 24, 9371, 2378
3, 1, 2, 0.82, 28, 24, 1364, 309
3, 1, 2.2, 0.82, 28, 24, 1980, 416
3, 1, 2.4, 0.82, 28, 24, 2576, 541
3, 1, 2.6, 0.82, 28, 24, 3125, 708
3, 1, 2.8, 0.82, 28, 24, 3751, 793
3, 1, 3, 0.82, 28, 24, 4319, 942
3, 1, 3.2, 0.82, 28, 24, 4936, 1055
3, 1, 3.4, 0.82, 28, 24, 5481, 1228
3, 1, 3.6, 0.82, 28, 24, 6118, 1301
3, 1, 3.8, 0.82, 28, 24, 6624, 1515
3, 1, 4, 0.82, 28, 24, 7278, 1584
3, 1, 4.2, 0.82, 28, 24, 7876, 1707
3, 1, 4.4, 0.82, 28, 24, 8408, 1896
3, 1, 4.6, 0.82, 28, 24, 8959, 2061
3, 1, 4.8, 0.82, 28, 24, 9619, 2129
3, 1, 2, 0.84, 28, 24, 1428, 243
3, 1, 2.2, 0.84, 28, 24, 2012, 366
3, 1, 2.4, 0.84, 28, 24, 2596, 501
3, 1, 2.6, 0.84, 28, 24, 3206, 619
3, 1, 2.8, 0.84, 28, 24, 3779, 772
3, 1, 3, 0.84, 28, 24, 4419, 844
3, 1, 3.2, 0.84, 28, 24, 5002, 986
3, 1, 3.4, 0.84, 28, 24, 5625, 1076
3, 1, 3.6, 0.84, 28, 24, 6248, 1172
3, 1, 3.8, 0.84, 28, 24, 6842, 1296
3, 1, 4, 0.84, 28, 24, 7477, 1390
3, 1, 4.2, 0.84, 28, 24, 8047, 1540
3, 1, 4.4, 0.84, 28, 24, 8618, 1691
3, 1, 4.6, 0.84, 28, 24, 9277, 1751
3, 1, 4.8, 0.84, 28, 24, 9844, 1897
3, 1, 2, 0.86, 28, 24, 1408, 246
3, 1, 2.2, 0.86, 28, 24, 2032, 335
3, 1, 2.4, 0.86, 28, 24, 2644, 449
3, 1, 2.6, 0.86, 28, 24, 3270, 561
3, 1, 2.8, 0.86, 28, 24, 3918, 619
3, 1, 3, 0.86, 28, 24, 4478, 775
3, 1, 3.2, 0.86, 28, 24, 5123, 865
3, 1, 3.4, 0.86, 28, 24, 5758, 947
3, 1, 3.6, 0.86, 28, 24, 6393, 1031
3, 1, 3.8, 0.86, 28, 24, 6998, 1150
3, 1, 4, 0.86, 28, 24, 7639, 1226
3, 1, 4.2, 0.86, 28, 24, 8271, 1314
3, 1, 4.4, 0.86, 28, 24, 8844, 1463
3, 1, 4.6, 0.86, 28, 24, 9464, 1554
3, 1, 4.8, 0.86, 28, 24, 10170, 1580
3, 1, 2, 0.88, 28, 24, 1471, 189
3, 1, 2.2, 0.88, 28, 24, 2114, 274
3, 1, 2.4, 0.88, 28, 24, 2725, 375
3, 1, 2.6, 0.88, 28, 24, 3372, 450
3, 1, 2.8, 0.88, 28, 24, 4007, 521
3, 1, 3, 0.88, 28, 24, 4694, 569
3, 1, 3.2, 0.88, 28, 24, 5301, 685
3, 1, 3.4, 0.88, 28, 24, 5889, 807
3, 1, 3.6, 0.88, 28, 24, 6541, 886
3, 1, 3.8, 0.88, 28, 24, 7183, 964
3, 1, 4, 0.88, 28, 24, 7803, 1060
3, 1, 4.2, 0.88, 28, 24, 8461, 1124
3, 1, 4.4, 0.88, 28, 24, 9059, 1246
3, 1, 4.6, 0.88, 28, 24, 9761, 1267
3, 1, 4.8, 0.88, 28, 24, 10314, 1426
3, 1, 2, 0.9, 28, 24, 1493, 174
3, 1, 2.2, 0.9, 28, 24, 2131, 245
3, 1, 2.4, 0.9, 28, 24, 2816, 283
3, 1, 2.6, 0.9, 28, 24, 3437, 385
3, 1, 2.8, 0.9, 28, 24, 4082, 456
3, 1, 3, 0.9, 28, 24, 4732, 526
3, 1, 3.2, 0.9, 28, 24, 5392, 582
3, 1, 3.4, 0.9, 28, 24, 6015, 684
3, 1, 3.6, 0.9, 28, 24, 6684, 740
3, 1, 3.8, 0.9, 28, 24, 7305, 826
3, 1, 4, 0.9, 28, 24, 7980, 878
3, 1, 4.2, 0.9, 28, 24, 8600, 984
3, 1, 4.4, 0.9, 28, 24, 9265, 1025
3, 1, 4.6, 0.9, 28, 24, 9919, 1097
3, 1, 4.8, 0.9, 28, 24, 10561, 1179
3, 1, 2, 0.92, 28, 24, 1532, 130
3, 1, 2.2, 0.92, 28, 24, 2170, 208
3, 1, 2.4, 0.92, 28, 24, 2868, 227
3, 1, 2.6, 0.92, 28, 24, 3518, 305
3, 1, 2.8, 0.92, 28, 24, 4200, 345
3, 1, 3, 0.92, 28, 24, 4834, 422
3, 1, 3.2, 0.92, 28, 24, 5503, 478
3, 1, 3.4, 0.92, 28, 24, 6158, 530
3, 1, 3.6, 0.92, 28, 24, 6836, 577
3, 1, 3.8, 0.92, 28, 24, 7486, 638
3, 1, 4, 0.92, 28, 24, 8158, 702
3, 1, 4.2, 0.92, 28, 24, 8843, 733
3, 1, 4.4, 0.92, 28, 24, 9472, 823
3, 1, 4.6, 0.92, 28, 24, 10139, 884
3, 1, 4.8, 0.92, 28, 24, 10747, 994
3, 1, 2, 0.94, 28, 24, 1541, 109
3, 1, 2.2, 0.94, 28, 24, 2238, 130
3, 1, 2.4, 0.94, 28, 24, 2885, 209
3, 1, 2.6, 0.94, 28, 24, 3569, 235
3, 1, 2.8, 0.94, 28, 24, 4275, 264
3, 1, 3, 0.94, 28, 24, 4955, 300
3, 1, 3.2, 0.94, 28, 24, 5617, 357
3, 1, 3.4, 0.94, 28, 24, 6325, 366
3, 1, 3.6, 0.94, 28, 24, 6957, 450
3, 1, 3.8, 0.94, 28, 24, 7664, 479
3, 1, 4, 0.94, 28, 24, 8333, 519
3, 1, 4.2, 0.94, 28, 24, 9037, 538
3, 1, 4.4, 0.94, 28, 24, 9664, 621
3, 1, 4.6, 0.94, 28, 24, 10311, 702
3, 1, 4.8, 0.94, 28, 24, 11029, 698
3, 1, 2, 0.96, 28, 24, 1572, 88
3, 1, 2.2, 0.96, 28, 24, 2279, 89
3, 1, 2.4, 0.96, 28, 24, 2982, 111
3, 1, 2.6, 0.96, 28, 24, 3676, 137
3, 1, 2.8, 0.96, 28, 24, 4347, 191
3, 1, 3, 0.96, 28, 24, 5029, 211
3, 1, 3.2, 0.96, 28, 24, 5738, 238
3, 1, 3.4, 0.96, 28, 24, 6419, 271
3, 1, 3.6, 0.96, 28, 24, 7125, 298
3, 1, 3.8, 0.96, 28, 24, 7809, 325
3, 1, 4, 0.96, 28, 24, 8509, 342
3, 1, 4.2, 0.96, 28, 24, 9207, 371
3, 1, 4.4, 0.96, 28, 24, 9901, 390
3, 1, 4.6, 0.96, 28, 24, 10552, 458
3, 1, 4.8, 0.96, 28, 24, 11218, 516
3, 1, 2, 0.98, 28, 24, 1623, 37
3, 1, 2.2, 0.98, 28, 24, 2324, 45
3, 1, 2.4, 0.98, 28, 24, 3032, 57
3, 1, 2.6, 0.98, 28, 24, 3732, 84
3, 1, 2.8, 0.98, 28, 24, 4440, 86
3, 1, 3, 0.98, 28, 24, 5135, 113
3, 1, 3.2, 0.98, 28, 24, 5855, 123
3, 1, 3.4, 0.98, 28, 24, 6576, 122
3, 1, 3.6, 0.98, 28, 24, 7249, 168
3, 1, 3.8, 0.98, 28, 24, 7977, 158
3, 1, 4, 0.98, 28, 24, 8667, 181
3, 1, 4.2, 0.98, 28, 24, 9386, 185
3, 1, 4.4, 0.98, 28, 24, 10090, 206
3, 1, 4.6, 0.98, 28, 24, 10782, 230
3, 1, 4.8, 0.98, 28, 24, 11494, 229
3, 2, 2, 0, 28, 24, 0, 5418
3, 2, 2.2, 0, 28, 24, 0, 6137
3, 2, 2.4, 0, 28, 24, 0, 6859
3, 2, 2.6, 0, 28, 24, 0, 7580
3, 2, 2.8, 0, 28, 24, 0, 8295
3, 2, 3, 0, 28, 24, 0, 9018
3, 2, 3.2, 0, 28, 24, 0, 9735
3, 2, 3.4, 0, 28, 24, 0, 10454
3, 2, 3.6, 0, 28, 24, 0, 11176
3, 2, 3.8, 0, 28, 24, 0, 11905
3, 2, 4, 0, 28, 24, 0, 12621
3, 2, 4.2, 0, 28, 24, 0, 13343
3, 2, 4.4, 0, 28, 24, 0, 14054
3, 2, 4.6, 0, 28, 24, 0, 14779
3, 2, 4.8, 0, 28, 24, 0, 15501
3, 2, 2, 0.02, 28, 24, 0, 5290
3, 2, 2.2, 0.02, 28, 24, 0, 5989
3, 2, 2.4, 0.02, 28, 24, 0, 6712
3, 2, 2.6, 0.02, 28, 24, 0, 7392
3, 2, 2.8, 0.02, 28, 24, 0, 8119
3, 2, 3, 0.02, 28, 24, 0, 8819
3, 2, 3.2, 0.02, 28, 24, 0, 9489
3, 2, 3.4, 0.02, 28, 24, 0, 10214
3, 2, 3.6, 0.02, 28, 24, 0, 10941
3, 2, 3.8, 0.02, 28, 24, 0, 11629
3, 2, 4, 0.02, 28, 24, 0, 12332
3, 2, 4.2, 0.02, 28, 24, 0, 13056
3, 2, 4.4, 0.02, 28, 24, 0, 13749
3, 2, 4.6, 0.02, 28, 24, 0, 14444
3, 2, 4.8, 0.02, 28, 24, 0, 15148
3, 2, 2, 0.04, 28, 24, 0, 5113
3, 2, 2.2, 0.04, 28, 24, 0, 5834
3, 2, 2.4, 0.04, 28, 24, 0, 6522
3, 2, 2.6, 0.04, 28, 24, 0, 7215
3, 2, 2.8, 0.04, 28, 24, 0, 7882
3, 2, 3, 0.04, 28, 24, 0, 8594
3, 2, 3.2, 0.04, 28, 24, 0, 9274
3, 2, 3.4, 0.04, 28, 24, 0, 9940
3, 2, 3.6, 0.04, 28, 24, 0, 10656
3, 2, 3.8, 0.04, 28, 24, 0, 11407
3, 2, 4, 0.04, 28, 24, 0, 12040
3, 2, 4.2, 0.04, 28, 24, 0, 12729
3, 2, 4.4, 0.04, 28, 24, 0, 13375
3, 2, 4.6, 0.04, 28, 24, 0, 14153
3, 2, 4.8, 0.04, 28, 24, 0, 14816
3, 2, 2, 0.06, 28, 24, 0, 4987
3, 2, 2.2, 0.06, 28, 24, 0, 5645
3, 2, 2.4, 0.06, 28, 24, 0, 6347
3, 2, 2.6, 0.06, 28, 24, 0, 7018
3, 2, 2.8, 0.06, 28, 24, 0, 7708
3, 2, 3, 0.06, 28, 24, 0, 8340
3, 2, 3.2, 0.06, 28, 24, 0, 9096
3, 2, 3.4, 0.06, 28, 24, 0, 9705
3, 2, 3.6, 0.06, 28, 24, 0, 10421
3, 2, 3.8, 0.06, 28, 24, 0, 10997
3, 2, 4, 0.06, 28, 24, 0, 11773
3, 2, 4.2, 0.06, 28, 24, 0, 12421
3, 2, 4.4, 0.06, 28, 24, 0, 13148
3, 2, 4.6, 0.06, 28, 24, 0, 13718
3, 2, 4.8, 0.06, 28, 24, 0, 14430
3, 2, 2, 0.08, 28, 24, 0, 4821
3, 2, 2.2, 0.08, 28, 24, 0, 5509
3, 2, 2.4, 0.08, 28, 24, 0, 6136
3, 2, 2.6, 0.08, 28, 24, 0, 6824
3, 2, 2.8, 0.08, 28, 24, 0, 7504
3, 2, 3, 0.08, 28, 24, 0, 8173
3, 2, 3.2, 0.08, 28, 24, 0, 8851
3, 2, 3.4, 0.08, 28, 24, 0, 9477
3, 2, 3.6, 0.08, 28, 24, 0, 10078
3, 2, 3.8, 0.08, 28, 24, 0, 10799
3, 2, 4, 0.08, 28, 24, 0, 11452
3, 2, 4.2, 0.08, 28, 24, 0, 12129
3, 2, 4.4, 0.08, 28, 24, 0, 12832
3, 2, 4.6, 0.08, 28, 24, 0, 13523
3, 2, 4.8, 0.08, 28, 24, 0, 14102
3, 2, 2, 0.1, 28, 24, 0, 4721
3, 2, 2.2, 0.1, 28, 24, 0, 5373
3, 2, 2.4, 0.1, 28, 24, 0, 5959
3, 2, 2.6, 0.1, 28, 24, 0, 6622
3, 2, 2.8, 0.1, 28, 24, 0, 7294
3, 2, 3, 0.1, 28, 24, 0, 7973
3, 2, 3.2, 0.1, 28, 24, 0, 8568
3, 2, 3.4, 0.1, 28, 24, 0, 9254
3, 2, 3.6, 0.1, 28, 24, 0, 9920
3, 2, 3.8, 0.1, 28, 24, 0, 10532
3, 2, 4, 0.1, 28, 24, 0, 11159
3, 2, 4.2, 0.1, 28, 24, 0, 11823
3, 2, 4.4, 0.1, 28, 24, 0, 12437
3, 2, 4.6, 0.1, 28, 24, 0, 13121
3, 2, 4.8, 0.1, 28, 24, 0, 13742
3, 2, 2, 0.12, 28, 24, 0, 4539
3, 2, 2.2, 0.12, 28, 24, 0, 5208
3, 2, 2.4, 0.12, 28, 24, 0, 5806
3, 2, 2.6, 0.12, 28, 24, 0, 6454
3, 2, 2.8, 0.12, 28, 24, 0, 7082
3, 2, 3, 0.12, 28, 24, 0, 7734
3, 2, 3.2, 0.12, 28, 24, 0, 8341
3, 2, 3.4, 0.12, 28, 24, 0, 8962
3, 2, 3.6, 0.12, 28, 24, 0, 9696
3, 2, 3.8, 0.12, 28, 24, 0, 10289
3, 2, 4, 0.12, 28, 24, 0, 10961
3, 2, 4.2, 0.12, 28, 24, 0, 11517
3, 2, 4.4, 0.12, 28, 24, 0, 12093
3, 2, 4.6, 0.12, 28, 24, 0, 12752
3, 2, 4.8, 0.12, 28, 24, 0, 13390
3, 2, 2, 0.14, 28, 24, 0, 4464
3, 2, 2.2, 0.14, 28, 24, 0, 5022
3, 2, 2.4, 0.14, 28, 24, 0, 5650
3, 2, 2.6, 0.14, 28, 24, 0, 6259
3, 2, 2.8, 0.14, 28, 24, 0, 6909
3, 2, 3, 0.14, 28, 24, 0, 7511
3, 2, 3.2, 0.14, 28, 24, 0, 8068
3, 2, 3.4, 0.14, 28, 24, 0, 8765
3, 2, 3.6, 0.14, 28, 24, 0, 9406
3, 2, 3.8, 0.14, 28, 24, 0, 9946
3, 2, 4, 0.14, 28, 24, 0, 10579
3, 2, 4.2, 0.14, 28, 24, 0, 11165
3, 2, 4.4, 0.14, 28, 24, 0, 11816
3, 2, 4.6, 0.14, 28, 24, 0, 12500
3, 2, 4.8, 0.14, 28, 24, 0, 13136
3, 2, 2, 0.16, 28, 24, 0, 4335
3, 2, 2.2, 0.16, 28, 24, 0, 4862
3, 2, 2.4, 0.16, 28, 24, 0, 5467
3, 2, 2.6, 0.16, 28, 24, 0, 6074
3, 2, 2.8, 0.16, 28, 24, 1, 6638
3, 2, 3, 0.16, 28, 24, 0, 7305
3, 2, 3.2, 0.16, 28, 24, 0, 7888
3, 2, 3.4, 0.16, 28, 24, 0, 8466
3, 2, 3.6, 0.16, 28, 24, 2, 9102
3, 2, 3.8, 0.16, 28, 24, 0, 9743
3, 2, 4, 0.16, 28, 24, 0, 10294
3, 2, 4.2, 0.16, 28, 24, 0, 10935
3, 2, 4.4, 0.16, 28, 24, 0, 11560
3, 2, 4.6, 0.16, 28, 24, 0, 12134
3, 2, 4.8, 0.16, 28, 24, 0, 12728
3, 2, 2, 0.18, 28, 24, 0, 4107
3, 2, 2.2, 0.18, 28, 24, 0, 4773
3, 2, 2.4, 0.18, 28, 24, 1, 5329
3, 2, 2.6, 0.18, 28, 24, 0, 5848
3, 2, 2.8, 0.18, 28, 24, 0, 6489
3, 2, 3, 0.18, 28, 24, 0, 7137
3, 2, 3.2, 0.18, 28, 24, 0, 7685
3, 2, 3.4, 0.18, 28, 24, 0, 8273
3, 2, 3.6, 0.18, 28, 24, 0, 8904
3, 2, 3.8, 0.18, 28, 24, 0, 9384
3, 2, 4, 0.18, 28, 24, 0, 10079
3, 2, 4.2, 0.18, 28, 24, 0, 10558
3, 2, 4.4, 0.18, 28, 24, 1, 11242
3, 2, 4.6, 0.18, 28, 24, 0, 11855
3, 2, 4.8, 0.18, 28, 24, 2, 12355
3, 2, 2, 0.2, 28, 24, 0, 3923
3, 2, 2.2, 0.2, 28, 24, 0, 4467
3, 2, 2.4, 0.2, 28, 24, 0, 5094
3, 2, 2.6, 0.2, 28, 24, 0, 5684
3, 2, 2.8, 0.2, 28, 24, 1, 6270
3, 2, 3, 0.2, 28, 24, 0, 6853
3, 2, 3.2, 0.2, 28, 24, 0, 7437
3, 2, 3.4, 0.2, 28, 24, 0, 8002
3, 2, 3.6, 0.2, 28, 24, 0, 8637
3, 2, 3.8, 0.2, 28, 24, 1, 9194
3, 2, 4, 0.2, 28, 24, 1, 9797
3, 2, 4.2, 0.2, 28, 24, 0, 10296
3, 2, 4.4, 0.2, 28, 24, 2, 10813
3, 2, 4.6, 0.2, 28, 24, 3, 11420
3, 2, 4.8, 0.2, 28, 24, 1, 12076
3, 2, 2, 0.22, 28, 24, 0, 3861
3, 2, 2.2, 0.22, 28, 24, 0, 4420
3, 2, 2.4, 0.22, 28, 24, 0, 4999
3, 2, 2.6, 0.22, 28, 24, 0, 5544
3, 2, 2.8, 0.22, 28, 24, 0, 6145
3, 2, 3, 0.22, 28, 24, 0, 6603
3, 2, 3.2, 0.22, 28, 24, 0, 7196
3, 2, 3.4, 0.22, 28, 24, 1, 7774
3, 2, 3.6, 0.22, 28, 24, 0, 8348
3, 2, 3.8, 0.22, 28, 24, 0, 8947
3, 2, 4, 0.22, 28, 24, 1, 9452
3, 2, 4.2, 0.22, 28, 24, 2, 9982
3, 2, 4.4, 0.22, 28, 24, 6, 10570
3, 2, 4.6, 0.22, 28, 24, 3, 11147
3, 2, 4.8, 0.22, 28, 24, 33, 11677
3, 2, 2, 0.24, 28, 24, 0, 3680
3, 2, 2.2, 0.24, 28, 24, 0, 4228
3, 2, 2.4, 0.24, 28, 24, 0, 4777
3, 2, 2.6, 0.24, 28, 24, 1, 5390
3, 2, 2.8, 0.24, 28, 24, 0, 5949
3, 2, 3, 0.24, 28, 24, 0, 6326
3, 2, 3.2, 0.24, 28, 24, 1, 7014
3, 2, 3.4, 0.24, 28, 24, 0, 7485
3, 2, 3.6, 0.24, 28, 24, 2, 8023
3, 2, 3.8, 0.24, 28, 24, 5, 8645
3, 2, 4, 0.24, 28, 24, 4, 9083
3, 2, 4.2, 0.24, 28, 24, 21, 9757
3, 2, 4.4, 0.24, 28, 24, 3, 10302
3, 2, 4.6, 0.24, 28, 24, 155, 10843
3, 2, 4.8, 0.24, 28, 24, 430, 11264
3, 2, 2, 0.26, 28, 24, 0, 3526
3, 2, 2.2, 0.26, 28, 24, 0, 4095
3, 2, 2.4, 0.26, 28, 24, 3, 4683
3, 2, 2.6, 0.26, 28, 24, 0, 5085
3, 2, 2.8, 0.26, 28, 24, 0, 5754
3, 2, 3, 0.26, 28, 24, 0, 6257
3, 2, 3.2, 0.26, 28, 24, 1, 6710
3, 2, 3.4, 0.26, 28, 24, 0, 7234
3, 2, 3.6, 0.26, 28, 24, 8, 7851
3, 2, 3.8, 0.26, 28, 24, 2, 8305
3, 2, 4, 0.26, 28, 24, 16, 8916
3, 2, 4.2, 0.26, 28, 24, 142, 9388
3, 2, 4.4, 0.26, 28, 24, 271, 9973
3, 2, 4.6, 0.26, 28, 24, 559, 10392
3, 2, 4.8, 0.26, 28, 24, 754, 10935
3, 2, 2, 0.28, 28, 24, 1, 3394
3, 2, 2.2, 0.28, 28, 24, 1, 3832
3, 2, 2.4, 0.28, 28, 24, 0, 4391
3, 2, 2.6, 0.28, 28, 24, 2, 5013
3, 2, 2.8, 0.28, 28, 24, 0, 5518
3, 2, 3, 0.28, 28, 24, 0, 6040
3, 2, 3.2, 0.28, 28, 24, 0, 6449
3, 2, 3.4, 0.28, 28, 24, 3, 7116
3, 2, 3.6, 0.28, 28, 24, 3, 7480
3, 2, 3.8, 0.28, 28, 24, 3, 8109
3, 2, 4, 0.28, 28, 24, 138, 8689
3, 2, 4.2, 0.28, 28, 24, 318, 9200
3, 2, 4.4, 0.28, 28, 24, 587, 9660
3, 2, 4.6, 0.28, 28, 24, 755, 10206
3, 2, 4.8, 0.28, 28, 24, 1014, 10672
3, 2, 2, 0.3, 28, 24, 1, 3206
3, 2, 2.2, 0.3, 28, 24, 0, 3778
3, 2, 2.4, 0.3, 28, 24, 0, 4217
3, 2, 2.6, 0.3, 28, 24, 0, 4820
3, 2, 2.8, 0.3, 28, 24, 0, 5276
3, 2, 3, 0.3, 28, 24, 3, 5734
3, 2, 3.2, 0.3, 28, 24, 4, 6252
3, 2, 3.4, 0.3, 28, 24, 4, 6824
3, 2, 3.6, 0.3, 28, 24, 98, 7264
3, 2, 3.8, 0.3, 28, 24, 359, 7717
3, 2, 4, 0.3, 28, 24, 616, 8187
3, 2, 4.2, 0.3, 28, 24, 635, 8883
3, 2, 4.4, 0.3, 28, 24, 1021, 9224
3, 2, 4.6, 0.3, 28, 24, 1115, 9853
3, 2, 4.8, 0.3, 28, 24, 1289, 10386
3, 2, 2, 0.32, 28, 24, 0, 3125
3, 2, 2.2, 0.32, 28, 24, 0, 3571
3, 2, 2.4, 0.32, 28, 24, 0, 4077
3, 2, 2.6, 0.32, 28, 24, 0, 4465
3, 2, 2.8, 0.32, 28, 24, 10, 5084
3, 2, 3, 0.32, 28, 24, 0, 5478
3, 2, 3.2, 0.32, 28, 24, 7, 6090
3, 2, 3.4, 0.32, 28, 24, 106, 6548
3, 2, 3.6, 0.32, 28, 24, 412, 6953
3, 2, 3.8, 0.32, 28, 24, 528, 7559
3, 2, 4, 0.32, 28, 24, 774, 8029
3, 2, 4.2, 0.32, 28, 24, 948, 8566
3, 2, 4.4, 0.32, 28, 24, 1211, 9037
3, 2, 4.6, 0.32, 28, 24, 1514, 9450
3, 2, 4.8, 0.32, 28, 24, 1690, 9980
3, 2, 2, 0.34, 28, 24, 0, 2996
3, 2, 2.2, 0.34, 28, 24, 0, 3408
3, 2, 2.4, 0.34, 28, 24, 2, 3906
3, 2, 2.6, 0.34, 28, 24, 0, 4412
3, 2, 2.8, 0.34, 28, 24, 10, 4803
3, 2, 3, 0.34, 28, 24, 3, 5393
3, 2, 3.2, 0.34, 28, 24, 121, 5804
3, 2, 3.4, 0.34, 28, 24, 349, 6300
3, 2, 3.6, 0.34, 28, 24, 546, 6805
3, 2, 3.8, 0.34, 28, 24, 883, 7202
3, 2, 4, 0.34, 28, 24, 998, 7811
3, 2, 4.2, 0.34, 28, 24, 1308, 8209
3, 2, 4.4, 0.34, 28, 24, 1537, 8698
3, 2, 4.6, 0.34, 28, 24, 1783, 9173
3, 2, 4.8, 0.34, 28, 24, 2043, 9639
3, 2, 2, 0.36, 28, 24, 0, 2767
3, 2, 2.2, 0.36, 28, 24, 0, 3325
3, 2, 2.4, 0.36, 28, 24, 1, 3757
3, 2, 2.6, 0.36, 28, 24, 3, 4223
3, 2, 2.8, 0.36, 28, 24, 1, 4661
3, 2, 3, 0.36, 28, 24, 52, 5162
3, 2, 3.2, 0.36, 28, 24, 351, 5580
3, 2, 3.4, 0.36, 28, 24, 574, 6068
3, 2, 3.6, 0.36, 28, 24, 780, 6576
3, 2, 3.8, 0.36, 28, 24, 1074, 7011
3, 2, 4, 0.36, 28, 24, 1364, 7439
3, 2, 4.2, 0.36, 28, 24, 1700, 7820
3, 2, 4.4, 0.36, 28, 24, 1785, 8455
3, 2, 4.6, 0.36, 28, 24, 2137, 8824
3, 2, 4.8, 0.36, 28, 24, 2553, 9126
3, 2, 2, 0.38, 28, 24, 0, 2647
3, 2, 2.2, 0.38, 28, 24, 1, 3093
3, 2, 2.4, 0.38, 28, 24, 0, 3537
3, 2, 2.6, 0.38, 28, 24, 0, 3993
3, 2, 2.8, 0.38, 28, 24, 26, 4576
3, 2, 3, 0.38, 28, 24, 233, 4974
3, 2, 3.2, 0.38, 28, 24, 576, 5340
3, 2, 3.4, 0.38, 28, 24, 866, 5766
3, 2, 3.6, 0.38, 28, 24, 1232, 6131
3, 2, 3.8, 0.38, 28, 24, 1457, 6633
3, 2, 4, 0.38, 28, 24, 1636, 7165
3, 2, 4.2, 0.38, 28, 24, 1924, 7603
3, 2, 4.4, 0.38, 28, 24, 2139, 8098
3, 2, 4.6, 0.38, 28, 24, 2586, 8371
3, 2, 4.8, 0.38, 28, 24, 2709, 8968
3, 2, 2, 0.4, 28, 24, 0, 2561
3, 2, 2.2, 0.4, 28, 24, 0, 2923
3, 2, 2.4, 0.4, 28, 24, 4, 3427
3, 2, 2.6, 0.4, 28, 24, 4, 3782
3, 2, 2.8, 0.4, 28, 24, 231, 4242
3, 2, 3, 0.4, 28, 24, 456, 4752
3, 2, 3.2, 0.4, 28, 24, 784, 5140
3, 2, 3.4, 0.4, 28, 24, 1051, 5585
3, 2, 3.6, 0.4, 28, 24, 1397, 5961
3, 2, 3.8, 0.4, 28, 24, 1590, 6497
3, 2, 4, 0.4, 28, 24, 1965, 6836
3, 2, 4.2, 0.4, 28, 24, 2307, 7204
3, 2, 4.4, 0.4, 28, 24, 2622, 7616
3, 2, 4.6, 0.4, 28, 24, 2885, 8078
3, 2, 4.8, 0.4, 28, 24, 3135, 8542
3, 2, 2, 0.42, 28, 24, 0, 2337
3, 2, 2.2, 0.42, 28, 24, 4, 2808
3, 2, 2.4, 0.42, 28, 24, 2, 3219
3, 2, 2.6, 0.42, 28, 24, 119, 3655
3, 2, 2.8, 0.42, 28, 24, 411, 4067
3, 2, 3, 0.42, 28, 24, 741, 4461
3, 2, 3.2, 0.42, 28, 24, 1106, 4826
3, 2, 3.4, 0.42, 28, 24, 1357, 5279
3, 2, 3.6, 0.42, 28, 24, 1724, 5646
3, 2, 3.8, 0.42, 28, 24, 1922, 6161
3, 2, 4, 0.42, 28, 24, 2202, 6600
3, 2, 4.2, 0.42, 28, 24, 2600, 6911
3, 2, 4.4, 0.42, 28, 24, 2853, 7391
3, 2, 4.6, 0.42, 28, 24, 3062, 7888
3, 2, 4.8, 0.42, 28, 24, 3489, 8193
3, 2, 2, 0.44, 28, 24, 0, 2268
3, 2, 2.2, 0.44, 28, 24, 0, 2663
3, 2, 2.4, 0.44, 28, 24, 4, 3085
3, 2, 2.6, 0.44, 28, 24, 347, 3409
3, 2, 2.8, 0.44, 28, 24, 612, 3865
3, 2, 3, 0.44, 28, 24, 964, 4231
3, 2, 3.2, 0.44, 28, 24, 1269, 4639
3, 2, 3.4, 0.44, 28, 24, 1536, 5105
3, 2, 3.6, 0.44, 28, 24, 1890, 5465
3, 2, 3.8, 0.44, 28, 24, 2148, 5934
3, 2, 4, 0.44, 28, 24, 2488, 6304
3, 2, 4.2, 0.44, 28, 24, 2922, 6603
3, 2, 4.4, 0.44, 28, 24, 3188, 7053
3, 2, 4.6, 0.44, 28, 24, 3371, 7591
3, 2, 4.8, 0.44, 28, 24, 3776, 7895
3, 2, 2, 0.46, 28, 24, 4, 2096
3, 2, 2.2, 0.46, 28, 24, 0, 2560
3, 2, 2.4, 0.46, 28, 24, 209, 2832
3, 2, 2.6, 0.46, 28, 24, 463, 3297
3, 2, 2.8, 0.46, 28, 24, 788, 3693
3, 2, 3, 0.46, 28, 24, 1178, 4022
3, 2, 3.2, 0.46, 28, 24, 1470, 4458
3, 2, 3.4, 0.46, 28, 24, 1722, 4919
3, 2, 3.6, 0.46, 28, 24, 2119, 5250
3, 2, 3.8, 0.46, 28, 24, 2426, 5652
3, 2, 4, 0.46, 28, 24, 2926, 5876
3, 2, 4.2, 0.46, 28, 24, 3187, 6327
3, 2, 4.4, 0.46, 28, 24, 3413, 6831
3, 2, 4.6, 0.46, 28, 24, 3747, 7210
3, 2, 4.8, 0.46, 28, 24, 4094, 7584
3, 2, 2, 0.48, 28, 24, 1, 1922
3, 2, 2.2, 0.48, 28, 24, 30, 2295
3, 2, 2.4, 0.48, 28, 24, 306, 2732
3, 2, 2.6, 0.48, 28, 24, 718, 3047
3, 2, 2.8, 0.48, 28, 24, 972, 3512
3, 2, 3, 0.48, 28, 24, 1389, 3807
3, 2, 3.2, 0.48, 28, 24, 1682, 4235
3, 2, 3.4, 0.48, 28, 24, 2001, 4637
3, 2, 3.6, 0.48, 28, 24, 2417, 4942
3, 2, 3.8, 0.48, 28, 24, 2778, 5303
3, 2, 4, 0.48, 28, 24, 3090, 5705
3, 2, 4.2, 0.48, 28, 24, 3517, 6008
3, 2, 4.4, 0.48, 28, 24, 3856, 6372
3, 2, 4.6, 0.48, 28, 24, 4074, 6877
3, 2, 4.8, 0.48, 28, 24, 4480, 7204
3, 2, 2, 0.5, 28, 24, 2, 1805
3, 2, 2.2, 0.5, 28, 24, 88, 2231
3, 2, 2.4, 0.5, 28, 24, 559, 2475
3, 2, 2.6, 0.5, 28, 24, 939, 2822
3, 2, 2.8, 0.5, 28, 24, 1275, 3200
3, 2, 3, 0.5, 28, 24, 1577, 3621
3, 2, 3.2, 0.5, 28, 24, 1955, 3964
3, 2, 3.4, 0.5, 28, 24, 2191, 4454
3, 2, 3.6, 0.5, 28, 24, 2681, 4671
3, 2, 3.8, 0.5, 28, 24, 3079, 5004
3, 2, 4, 0.5, 28, 24, 3436, 5352
3, 2, 4.2, 0.5, 28, 24, 3679, 5834
3, 2, 4.4, 0.5, 28, 24, 4171, 6068
3, 2, 4.6, 0.5, 28, 24, 4517, 6434
3, 2, 4.8, 0.5, 28, 24, 4879, 6796
3, 2, 2, 0.52, 28, 24, 1, 1661
3, 2, 2.2, 0.52, 28, 24, 300, 2030
3, 2, 2.4, 0.52, 28, 24, 674, 2374
3, 2, 2.6, 0.52, 28, 24, 1110, 2642
3, 2, 2.8, 0.52, 28, 24, 1348, 3132
3, 2, 3, 0.52, 28, 24, 1767, 3426
3, 2, 3.2, 0.52, 28, 24, 2133, 3793
3, 2, 3.4, 0.52, 28, 24, 2577, 4063
3, 2, 3.6, 0.52, 28, 24, 2829, 4534
3, 2, 3.8, 0.52, 28, 24, 3360, 4713
3, 2, 4, 0.52, 28, 24, 3711, 5092
3, 2, 4.2, 0.52, 28, 24, 4043, 5475
3, 2, 4.4, 0.52, 28, 24, 4389, 5846
3, 2, 4.6, 0.52, 28, 24, 4738, 6220
3, 2, 4.8, 0.52, 28, 24, 5184, 6499
3, 2, 2, 0.54, 28, 24, 11, 1609
3, 2, 2.2, 0.54, 28, 24, 423, 1884
3, 2, 2.4, 0.54, 28, 24, 936, 2109
3, 2, 2.6, 0.54, 28, 24, 1328, 2428
3, 2, 2.8, 0.54, 28, 24, 1607, 2879
3, 2, 3, 0.54, 28, 24, 1982, 3204
3, 2, 3.2, 0.54, 28, 24, 2454, 3464
3, 2, 3.4, 0.54, 28, 24, 2772, 3865
3, 2, 3.6, 0.54, 28, 24, 3152, 4218
3, 2, 3.8, 0.54, 28, 24, 3682, 4389
3, 2, 4, 0.54, 28, 24, 3956, 4848
3, 2, 4.2, 0.54, 28, 24, 4310, 5193
3, 2, 4.4, 0.54, 28, 24, 4662, 5591
3, 2, 4.6, 0.54, 28, 24, 5054, 5895
3, 2, 4.8, 0.54, 28, 24, 5470, 6211
3, 2, 2, 0.56, 28, 24, 188, 1415
3, 2, 2.2, 0.56, 28, 24, 684, 1643
3, 2, 2.4, 0.56, 28, 24, 979, 2058
3, 2, 2.6, 0.56, 28, 24, 1366, 2397
3, 2, 2.8, 0.56, 28, 24, 1901, 2581
3, 2, 3, 0.56, 28, 24, 2208, 2989
3, 2, 3.2, 0.56, 28, 24, 2622, 3292
3, 2, 3.4, 0.56, 28, 24, 2995, 3646
3, 2, 3.6, 0.56, 28, 24, 3458, 3902
3, 2, 3.8, 0.56, 28, 24, 3845, 4235
3, 2, 4, 0.56, 28, 24, 4248, 4552
3, 2, 4.2, 0.56, 28, 24, 4728, 4792
3, 2, 4.4, 0.56, 28, 24, 5098, 5135
3, 2, 4.6, 0.56, 28, 24, 5340, 5612
3, 2, 4.8, 0.56, 28, 24, 5931, 5745
3, 2, 2, 0.58, 28, 24, 328, 1281
3, 2, 2.2, 0.58, 28, 24, 797, 1518
3, 2, 2.4, 0.58, 28, 24, 1136, 1896
3, 2, 2.6, 0.58, 28, 24, 1608, 2145
3, 2, 2.8, 0.58, 28, 24, 2042, 2441
3, 2, 3, 0.58, 28, 24, 2421, 2772
3, 2, 3.2, 0.58, 28, 24, 2840, 3067
3, 2, 3.4, 0.58, 28, 24, 3300, 3336
3, 2, 3.6, 0.58, 28, 24, 3609, 3750
3, 2, 3.8, 0.58, 28, 24, 4082, 3993
3, 2, 4, 0.58, 28, 24, 4575, 4226
3, 2, 4.2, 0.58, 28, 24, 5041, 4480
3, 2, 4.4, 0.58, 28, 24, 5369, 4876
3, 2, 4.6, 0.58, 28, 24, 5751, 5200
3, 2, 4.8, 0.58, 28, 24, 6194, 5483
3, 2, 2, 0.6, 28, 24, 514, 1105
3, 2, 2.2, 0.6, 28, 24, 841, 1475
3, 2, 2.4, 0.6, 28, 24, 1318, 1719
3, 2, 2.6, 0.6, 28, 24, 1794, 1954
3, 2, 2.8, 0.6, 28, 24, 2177, 2297
3, 2, 3, 0.6, 28, 24, 2643, 2558
3, 2, 3.2, 0.6, 28, 24, 3025, 2901
3, 2, 3.4, 0.6, 28, 24, 3450, 3189
3, 2, 3.6, 0.6, 28, 24, 3923, 3434
3, 2, 3.8, 0.6, 28, 24, 4299, 3784
3, 2, 4, 0.6, 28, 24, 4841, 3958
3, 2, 4.2, 0.6, 28, 24, 5215, 4318
3, 2, 4.4, 0.6, 28, 24, 5675, 4568
3, 2, 4.6, 0.6, 28, 24, 6137, 4812
3, 2, 4.8, 0.6, 28, 24, 6454, 5222
3, 2, 2, 0.62, 28, 24, 719, 880
3, 2, 2.2, 0.62, 28, 24, 1043, 1278
3, 2, 2.4, 0.62, 28, 24, 1473, 1559
3, 2, 2.6, 0.62, 28, 24, 1994, 1762
3, 2, 2.8, 0.62, 28, 24, 2392, 2091
3, 2, 3, 0.62, 28, 24, 2816, 2388
3, 2, 3.2, 0.62, 28, 24, 3302, 2610
3, 2, 3.4, 0.62, 28, 24, 3809, 2832
3, 2, 3.6, 0.62, 28, 24, 4215, 3145
3, 2, 3.8, 0.62, 28, 24, 4693, 3388
3, 2, 4, 0.62, 28, 24, 5070, 3730
3, 2, 4.2, 0.62, 28, 24, 5602, 3917
3, 2, 4.4, 0.62, 28, 24, 6060, 4186
3, 2, 4.6, 0.62, 28, 24, 6364, 4595
3, 2, 4.8, 0.62, 28, 24, 6722, 4947
3, 2, 2, 0.64, 28, 24, 849, 751
3, 2, 2.2, 0.64, 28, 24, 1222, 1094
3, 2, 2.4, 0.64, 28, 24, 1665, 1372
3, 2, 2.6, 0.64, 28, 24, 2138, 1626
3, 2, 2.8, 0.64, 28, 24, 2649, 1833
3, 2, 3, 0.64, 28, 24, 3132, 2065
3, 2, 3.2, 0.64, 28, 24, 3605, 2311
3, 2, 3.4, 0.64, 28, 24, 4040, 2600
3, 2, 3.6, 0.64, 28, 24, 4412, 2949
3, 2, 3.8, 0.64, 28, 24, 5003, 3077
3, 2, 4, 0.64, 28, 24, 5381, 3413
3, 2, 4.2, 0.64, 28, 24, 5813, 3706
3, 2, 4.4, 0.64, 28, 24, 6300, 3938
3, 2, 4.6, 0.64, 28, 24, 6646, 4306
3, 2, 4.8, 0.64, 28, 24, 7134, 4548
3, 2, 2, 0.66, 28, 24, 919, 681
3, 2, 2.2, 0.66, 28, 24, 1448, 870
3, 2, 2.4, 0.66, 28, 24, 1877, 1168
3, 2, 2.6, 0.66, 28, 24, 2365, 1396
3, 2, 2.8, 0.66, 28, 24, 2806, 1674
3, 2, 3, 0.66, 28, 24, 3300, 1900
3, 2, 3.2, 0.66, 28, 24, 3869, 2044
3, 2, 3.4, 0.66, 28, 24, 4299, 2338
3, 2, 3.6, 0.66, 28, 24, 4777, 2579
3, 2, 3.8, 0.66, 28, 24, 5243, 2828
3, 2, 4, 0.66, 28, 24, 5697, 3107
3, 2, 4.2, 0.66, 28, 24, 6099, 3419
3, 2, 4.4, 0.66, 28, 24, 6684, 3554
3, 2, 4.6, 0.66, 28, 24, 7016, 3939
3, 2, 4.8, 0.66, 28, 24, 7519, 4161
3, 2, 2, 0.68, 28, 24, 1075, 520
3, 2, 2.2, 0.68, 28, 24, 1487, 835
3, 2, 2.4, 0.68, 28, 24, 2085, 960
3, 2, 2.6, 0.68, 28, 24, 2568, 1189
3, 2, 2.8, 0.68, 28, 24, 2977, 1497
3, 2, 3, 0.68, 28, 24, 3480, 1710
3, 2, 3.2, 0.68, 28, 24, 4014, 1900
3, 2, 3.4, 0.68, 28, 24, 4557, 2074
3, 2, 3.6, 0.68, 28, 24, 4905, 2463
3, 2, 3.8, 0.68, 28, 24, 5405, 2674
3, 2, 4, 0.68, 28, 24, 6010, 2801
3, 2, 4.2, 0.68, 28, 24, 6463, 3054
3, 2, 4.4, 0.68, 28, 24, 6933, 3307
3, 2, 4.6, 0.68, 28, 24, 7371, 3583
3, 2, 4.8, 0.68, 28, 24, 7947, 3728
3, 2, 2, 0.7, 28, 24, 1098, 503
3, 2, 2.2, 0.7, 28, 24, 1602, 708
3, 2, 2.4, 0.7, 28, 24, 2109, 921
3, 2, 2.6, 0.7, 28, 24, 2642, 1114
3, 2, 2.8, 0.7, 28, 24, 3120, 1357
3, 2, 3, 0.7, 28, 24, 3629, 1572
3, 2, 3.2, 0.7, 28, 24, 4121, 1803
3, 2, 3.4, 0.7, 28, 24, 4598, 2040
3, 2, 3.6, 0.7, 28, 24, 5149, 2214
3, 2, 3.8, 0.7, 28, 24, 5597, 2474
3, 2, 4, 0.7, 28, 24, 6154, 2641
3, 2, 4.2, 0.7, 28, 24, 6740, 2768
3, 2, 4.4, 0.7, 28, 24, 7225, 3012
3, 2, 4.6, 0.7, 28, 24, 7643, 3313
3, 2, 4.8, 0.7, 28, 24, 8156, 3526
3, 2, 2, 0.72, 28, 24, 1149, 438
3, 2, 2.2, 0.72, 28, 24, 1694, 619
3, 2, 2.4, 0.72, 28, 24, 2148, 889
3, 2, 2.6, 0.72, 28, 24, 2641, 1104
3, 2, 2.8, 0.72, 28, 24, 3189, 1287
3, 2, 3, 0.72, 28, 24, 3716, 1479
3, 2, 3.2, 0.72, 28, 24, 4238, 1674
3, 2, 3.4, 0.72, 28, 24, 4789, 1847
3, 2, 3.6, 0.72, 28, 24, 5272, 2087
3, 2, 3.8, 0.72, 28, 24, 5877, 2185
3, 2, 4, 0.72, 28, 24, 6326, 2465
3, 2, 4.2, 0.72, 28, 24, 6851, 2672
3, 2, 4.4, 0.72, 28, 24, 7275, 2956
3, 2, 4.6, 0.72, 28, 24, 7891, 3052
3, 2, 4.8, 0.72, 28, 24, 8406, 3274
3, 2, 2, 0.74, 28, 24, 1184, 416
3, 2, 2.2, 0.74, 28, 24, 1677, 632
3, 2, 2.4, 0.74, 28, 24, 2222, 802
3, 2, 2.6, 0.74, 28, 24, 2790, 962
3, 2, 2.8, 0.74, 28, 24, 3285, 1193
3, 2, 3, 0.74, 28, 24, 3882, 1313
3, 2, 3.2, 0.74, 28, 24, 4432, 1479
3, 2, 3.4, 0.74, 28, 24, 4932, 1694
3, 2, 3.6, 0.74, 28, 24, 5493, 1858
3, 2, 3.8, 0.74, 28, 24, 5995, 2079
3, 2, 4, 0.74, 28, 24, 6478, 2304
3, 2, 4.2, 0.74, 28, 24, 7002, 2509
3, 2, 4.4, 0.74, 28, 24, 7594, 2632
3, 2, 4.6, 0.74, 28, 24, 8153, 2788
3, 2, 4.8, 0.74, 28, 24, 8623, 3049
3, 2, 2, 0.76, 28, 24, 1207, 383
3, 2, 2.2, 0.76, 28, 24, 1757, 555
3, 2, 2.4, 0.76, 28, 24, 2253, 764
3, 2, 2.6, 0.76, 28, 24, 2856, 891
3, 2, 2.8, 0.76, 28, 24, 3399, 1070
3, 2, 3, 0.76, 28, 24, 3913, 1269
3, 2, 3.2, 0.76, 28, 24, 4500, 1404
3, 2, 3.4, 0.76, 28, 24, 5006, 1619
3, 2, 3.6, 0.76, 28, 24, 5558, 1794
3, 2, 3.8, 0.76, 28, 24, 6103, 1962
3, 2, 4, 0.76, 28, 24, 6657, 2125
3, 2, 4.2, 0.76, 28, 24, 7194, 2307
3, 2, 4.4, 0.76, 28, 24, 7634, 2595
3, 2, 4.6, 0.76, 28, 24, 8324, 2631
3, 2, 4.8, 0.76, 28, 24, 8880, 2792
3, 2, 2, 0.78, 28, 24, 1260, 337
3, 2, 2.2, 0.78, 28, 24, 1810, 496
3, 2, 2.4, 0.78, 28, 24, 2361, 655
3, 2, 2.6, 0.78, 28, 24, 2879, 856
3, 2, 2.8, 0.78, 28, 24, 3476, 981
3, 2, 3, 0.78, 28, 24, 4049, 1139
3, 2, 3.2, 0.78, 28, 24, 4613, 1289
3, 2, 3.4, 0.78, 28, 24, 5177, 1452
3, 2, 3.6, 0.78, 28, 24, 5696, 1643
3, 2, 3.8, 0.78, 28, 24, 6286, 1787
3, 2, 4, 0.78, 28, 24, 6805, 1974
3, 2, 4.2, 0.78, 28, 24, 7466, 2039
3, 2, 4.4, 0.78, 28, 24, 7961, 2269
3, 2, 4.6, 0.78, 28, 24, 8550, 2392
3, 2, 4.8, 0.78, 28, 24, 9111, 2558
3, 2, 2, 0.8, 28, 24, 1265, 329
3, 2, 2.2, 0.8, 28, 24, 1789, 508
3, 2, 2.4, 0.8, 28, 24, 2431, 589
3, 2, 2.6, 0.8, 28, 24, 2977, 763
3, 2, 2.8, 0.8, 28, 24, 3536, 933
3, 2, 3, 0.8, 28, 24, 4133, 1042
3, 2, 3.2, 0.8, 28, 24, 4726, 1176
3, 2, 3.4, 0.8, 28, 24, 5249, 1376
3, 2, 3.6, 0.8, 28, 24, 5854, 1483
3, 2, 3.8, 0.8, 28, 24, 6516, 1544
3, 2, 4, 0.8, 28, 24, 7032, 1741
3, 2, 4.2, 0.8, 28, 24, 7636, 1869
3, 2, 4.4, 0.8, 28, 24, 8130, 2092
3, 2, 4.6, 0.8, 28, 24, 8691, 2251
3, 2, 4.8, 0.8, 28, 24, 9313, 2347
3, 2, 2, 0.82, 28, 24, 1292, 288
3, 2, 2.2, 0.82, 28, 24, 1915, 391
3, 2, 2.4, 0.82, 28, 24, 2429, 580
3, 2, 2.6, 0.82, 28, 24, 3078, 665
3, 2, 2.8, 0.82, 28, 24, 3644, 812
3, 2, 3, 0.82, 28, 24, 4228, 943
3, 2, 3.2, 0.82, 28, 24, 4865, 1044
3, 2, 3.4, 0.82, 28, 24, 5459, 1165
3, 2, 3.6, 0.82, 28, 24, 6009, 1332
3, 2, 3.8, 0.82, 28, 24, 6600, 1456
3, 2, 4, 0.82, 28, 24, 7192, 1591
3, 2, 4.2, 0.82, 28, 24, 7781, 1728
3, 2, 4.4, 0.82, 28, 24, 8434, 1775
3, 2, 4.6, 0.82, 28, 24, 8921, 2028
3, 2, 4.8, 0.82, 28, 24, 9642, 2014
3, 2, 2, 0.84, 28, 24, 1348, 237
3, 2, 2.2, 0.84, 28, 24, 1929, 382
3, 2, 2.4, 0.84, 28, 24, 2537, 481
3, 2, 2.6, 0.84, 28, 24, 3152, 584
3, 2, 2.8, 0.84, 28, 24, 3726, 735
3, 2, 3, 0.84, 28, 24, 4346, 834
3, 2, 3.2, 0.84, 28, 24, 4951, 947
3, 2, 3.4, 0.84, 28, 24, 5531, 1087
3, 2, 3.6, 0.84, 28, 24, 6140, 1197
3, 2, 3.8, 0.84, 28, 24, 6765, 1293
3, 2, 4, 0.84, 28, 24, 7318, 1455
3, 2, 4.2, 0.84, 28, 24, 7962, 1535
3, 2, 4.4, 0.84, 28, 24, 8609, 1617
3, 2, 4.6, 0.84, 28, 24, 9202, 1737
3, 2, 4.8, 0.84, 28, 24, 9715, 1949
3, 2, 2, 0.86, 28, 24, 1363, 202
3, 2, 2.2, 0.86, 28, 24, 1933, 360
3, 2, 2.4, 0.86, 28, 24, 2632, 381
3, 2, 2.6, 0.86, 28, 24, 3232, 508
3, 2, 2.8, 0.86, 28, 24, 3813, 636
3, 2, 3, 0.86, 28, 24, 4462, 709
3, 2, 3.2, 0.86, 28, 24, 5059, 834
3, 2, 3.4, 0.86, 28, 24, 5654, 958
3, 2, 3.6, 0.86, 28, 24, 6274, 1057
3, 2, 3.8, 0.86, 28, 24, 6917, 1138
3, 2, 4, 0.86, 28, 24, 7497, 1276
3, 2, 4.2, 0.86, 28, 24, 8162, 1331
3, 2, 4.4, 0.86, 28, 24, 8777, 1451
3, 2, 4.6, 0.86, 28, 24, 9444, 1488
3, 2, 4.8, 0.86, 28, 24, 10018, 1638
3, 2, 2, 0.88, 28, 24, 1369, 210
3, 2, 2.2, 0.88, 28, 24, 2010, 280
3, 2, 2.4, 0.88, 28, 24, 2635, 371
3, 2, 2.6, 0.88, 28, 24, 3279, 444
3, 2, 2.8, 0.88, 28, 24, 3870, 576
3, 2, 3, 0.88, 28, 24, 4536, 633
3, 2, 3.2, 0.88, 28, 24, 5145, 750
3, 2, 3.4, 0.88, 28, 24, 5800, 818
3, 2, 3.6, 0.88, 28, 24, 6426, 915
3, 2, 3.8, 0.88, 28, 24, 7164, 887
3, 2, 4, 0.88, 28, 24, 7750, 1019
3, 2, 4.2, 0.88, 28, 24, 8330, 1167
3, 2, 4.4, 0.88, 28, 24, 8967, 1243
3, 2, 4.6, 0.88, 28, 24, 9678, 1254
3, 2, 4.8, 0.88, 28, 24, 10297, 1359
3, 2, 2, 0.9, 28, 24, 1404, 166
3, 2, 2.2, 0.9, 28, 24, 2058, 228
3, 2, 2.4, 0.9, 28, 24, 2692, 321
3, 2, 2.6, 0.9, 28, 24, 3325, 393
3, 2, 2.8, 0.9, 28, 24, 4032, 419
3, 2, 3, 0.9, 28, 24, 4651, 514
3, 2, 3.2, 0.9, 28, 24, 5322, 571
3, 2, 3.4, 0.9, 28, 24, 5963, 649
3, 2, 3.6, 0.9, 28, 24, 6596, 731
3, 2, 3.8, 0.9, 28, 24, 7289, 765
3, 2, 4, 0.9, 28, 24, 7903, 863
3, 2, 4.2, 0.9, 28, 24, 8529, 958
3, 2, 4.4, 0.9, 28, 24, 9157, 1040
3, 2, 4.6, 0.9, 28, 24, 9788, 1142
3, 2, 4.8, 0.9, 28, 24, 10419, 1217
3, 2, 2, 0.92, 28, 24, 1434, 135
3, 2, 2.2, 0.92, 28, 24, 2106, 188
3, 2, 2.4, 0.92, 28, 24, 2764, 242
3, 2, 2.6, 0.92, 28, 24, 3438, 287
3, 2, 2.8, 0.92, 28, 24, 4121, 338
3, 2, 3, 0.92, 28, 24, 4739, 424
3, 2, 3.2, 0.92, 28, 24, 5456, 437
3, 2, 3.4, 0.92, 28, 24, 6085, 518
3, 2, 3.6, 0.92, 28, 24, 6759, 566
3, 2, 3.8, 0.92, 28, 24, 7420, 628
3, 2, 4, 0.92, 28, 24, 8064, 708
3, 2, 4.2, 0.92, 28, 24, 8721, 761
3, 2, 4.4, 0.92, 28, 24, 9389, 824
3, 2, 4.6, 0.92, 28, 24, 10044, 881
3, 2, 4.8, 0.92, 28, 24, 10765, 887
3, 2, 2, 0.94, 28, 24, 1480, 98
3, 2, 2.2, 0.94, 28, 24, 2188, 102
3, 2, 2.4, 0.94, 28, 24, 2814, 187
3, 2, 2.6, 0.94, 28, 24, 3495, 233
3, 2, 2.8, 0.94, 28, 24, 4181, 266
3, 2, 3, 0.94, 28, 24, 4837, 323
3, 2, 3.2, 0.94, 28, 24, 5514, 360
3, 2, 3.4, 0.94, 28, 24, 6235, 370
3, 2, 3.6, 0.94, 28, 24, 6879, 445
3, 2, 3.8, 0.94, 28, 24, 7559, 483
3, 2, 4, 0.94, 28, 24, 8226, 535
3, 2, 4.2, 0.94, 28, 24, 8948, 537
3, 2, 4.4, 0.94, 28, 24, 9620, 587
3, 2, 4.6, 0.94, 28, 24, 10269, 653
3, 2, 4.8, 0.94, 28, 24, 10913, 729
3, 2, 2, 0.96, 28, 24, 1505, 56
3, 2, 2.2, 0.96, 28, 24, 2191, 96
3, 2, 2.4, 0.96, 28, 24, 2872, 133
3, 2, 2.6, 0.96, 28, 24, 3593, 132
3, 2, 2.8, 0.96, 28, 24, 4268, 176
3, 2, 3, 0.96, 28, 24, 4962, 209
3, 2, 3.2, 0.96, 28, 24, 5674, 213
3, 2, 3.4, 0.96, 28, 24, 6340, 268
3, 2, 3.6, 0.96, 28, 24, 7013, 309
3, 2, 3.8, 0.96, 28, 24, 7704, 332
3, 2, 4, 0.96, 28, 24, 8451, 322
3, 2, 4.2, 0.96, 28, 24, 9143, 350
3, 2, 4.4, 0.96, 28, 24, 9773, 435
3, 2, 4.6, 0.96, 28, 24, 10453, 468
3, 2, 4.8, 0.96, 28, 24, 11167, 480
3, 2, 2, 0.98, 28, 24, 1522, 38
3, 2, 2.2, 0.98, 28, 24, 2225, 49
3, 2, 2.4, 0.98, 28, 24, 2957, 51
3, 2, 2.6, 0.98, 28, 24, 3667, 57
3, 2, 2.8, 0.98, 28, 24, 4331, 113
3, 2, 3, 0.98, 28, 24, 5039, 112
3, 2, 3.2, 0.98, 28, 24, 5769, 108
3, 2, 3.4, 0.98, 28, 24, 6462, 137
3, 2, 3.6, 0.98, 28, 24, 7159, 153
3, 2, 3.8, 0.98, 28, 24, 7883, 158
3, 2, 4, 0.98, 28, 24, 8594, 177
3, 2, 4.2, 0.98, 28, 24, 9309, 178
3, 2, 4.4, 0.98, 28, 24, 9999, 208
3, 2, 4.6, 0.98, 28, 24, 10699, 230
3, 2, 4.8, 0.98, 28, 24, 11414, 236
